-0.17159946,0.23480971,-0.2491373,0.24883792,0.1843368,0.28839162,0.12914062,-0.32776502,-0.03507322,-0.045644123,-0.045871165,-0.18026818,0.032552026,0.20778061,0.3192591,-0.027579717,0.01834652,-0.15586282,0.049637627,0.025303872,-0.19482069,-0.21513386,0.09820395,0.08574625,-0.23090048,0.08810256,0.019169845,0.15920234,-0.33534327,-0.083721556,0.17341082,-0.006614827
-0.17958958,0.22682603,-0.34967607,0.23456353,0.17161427,0.28738326,0.11996811,-0.32787836,-0.044005767,-0.08523325,-0.038562573,-0.20883286,0.03910894,0.17308289,0.2946535,-0.03054367,0.008135456,-0.15215258,0.04627728,-0.018097553,-0.15696684,-0.1900139,0.08822709,0.09042075,-0.21047358,0.12477992,0.062203452,0.14797941,-0.30866623,-0.08181524,0.20373651,-0.0048740082
-0.205603,0.2340346,-0.22211528,0.2707333,0.19404191,0.27890235,0.12599309,-0.34571424,-0.02926927,-0.04482552,-0.03485177,-0.16777144,0.016040381,0.18852453,0.31808725,-0.018503644,0.014563931,-0.16122998,0.03868745,0.06776422,-0.23599845,-0.19875945,0.115315855,0.09376729,-0.2300075,0.087102324,0.025067743,0.16912639,-0.29132685,-0.0793362,0.170956,0.0155873895
-0.19030383,0.22186922,-0.36494547,0.24833196,0.17368677,0.29101357,0.11967239,-0.33775336,-0.038976844,-0.09755649,-0.035872202,-0.20699432,0.034323063,0.14653365,0.2832469,-0.028150633,0.017861126,-0.15400554,0.037312537,-0.010493405,-0.15756169,-0.17524558,0.08628515,0.0857609,-0.20345257,0.14571086,0.064847454,0.14234464,-0.28102788,-0.08246145,0.22096789,0.0061268345
-0.16961798,0.22676206,-0.23465909,0.25671715,0.1898938,0.30897477,0.12994212,-0.33659825,-0.025978189,-0.05388926,-0.047176275,-0.16962443,0.027426735,0.17796053,0.31764394,-0.016210388,0.02839834,-0.163823,0.046080645,0.052541543,-0.2137544,-0.20700608,0.10321733,0.08067756,-0.23951985,0.09638565,0.00013266766,0.14892717,-0.31741938,-0.08819399,0.18265504,-0.0017598461
-0.12973838,0.22002392,-0.2471062,0.20427188,0.18043733,0.27532303,0.13891922,-0.2854752,-0.033753894,0.0029009343,-0.08973601,-0.19263764,0.0666363,0.2529225,0.3286342,-0.017265629,0.02675572,-0.14618486,0.04804032,-0.029664714,-0.119354345,-0.25280157,0.05873285,0.0593487,-0.23138352,0.08007113,-0.055602156,0.14065166,-0.40400416,-0.115571365,0.16978647,-0.034177385
-0.11489843,0.2169023,-0.25861868,0.18534656,0.18278313,0.26108822,0.13877733,-0.26858342,-0.0408142,0.0085433945,-0.0984609,-0.20036653,0.07646264,0.27079734,0.32170007,-0.01853189,0.026592745,-0.14316471,0.05144802,-0.0590787,-0.087876454,-0.2611335,0.048893403,0.056967847,-0.22408423,0.07955486,-0.060176447,0.13485003,-0.42290866,-0.12103336,0.16794498,-0.044783805
-0.17568524,0.22002098,-0.32523015,0.1615735,0.18472596,0.20495817,0.1198268,-0.292486,-0.09714271,0.05304345,-0.12588003,-0.23325807,0.10089432,0.20416163,0.3190365,0.0059419633,0.03456808,-0.14132932,0.033303615,-0.12993693,0.023554377,-0.2232376,0.044486824,0.08291217,-0.1928391,0.12699263,-0.061951555,0.1508897,-0.35438436,-0.17475681,0.20482664,-0.014595186
-0.24652478,0.20667218,-0.15393296,0.22893645,0.224441,0.16918574,0.1619735,-0.29768404,-0.02162763,0.0987368,-0.099715725,-0.18179853,0.05743258,0.30219296,0.34229356,-0.007505038,-0.022948252,-0.13050778,-0.00073769625,0.022964727,-0.17173465,-0.2574841,0.06910816,0.071141005,-0.19647273,0.037782617,-0.08415684,0.18242675,-0.34711444,-0.14244813,0.12609793,0.02681392
-0.27082956,0.2121431,-0.13373421,0.29330772,0.1854297,0.20655409,0.16389094,-0.35978922,0.0054842704,0.07976816,-0.08138437,-0.15317433,0.036645737,0.21895552,0.3474502,-0.0069796783,-0.0057446086,-0.12494069,-0.028220559,0.10008493,-0.22084324,-0.22292799,0.08381716,0.06406731,-0.19217184,0.04956923,-0.10129603,0.17999762,-0.28189495,-0.12512127,0.14062294,0.069601536
-0.15684788,0.21600889,-0.39686695,0.14686996,0.23430577,0.20836528,0.048829984,-0.24719512,-0.07699172,-0.03667297,-0.08085882,-0.2710765,0.046038095,0.19552189,0.25734726,0.031817466,0.060884897,-0.20841867,0.05606907,-0.12842761,-0.04041839,-0.21863963,0.036610488,0.077847615,-0.21419673,0.14607385,0.030302968,0.13350925,-0.34565,-0.14134097,0.20197345,-0.05614814
-0.22410713,0.21477774,-0.22345315,0.32483533,0.16397232,0.30487627,0.14649981,-0.4025501,0.0066829436,-0.05251376,-0.045243386,-0.14472272,0.015908277,0.08791778,0.3059102,-0.010654261,0.03771363,-0.14865308,-0.0075794593,0.11913142,-0.23292324,-0.15581612,0.10628433,0.06441134,-0.20476139,0.13159934,-0.035965074,0.14137214,-0.21607073,-0.08878718,0.21629609,0.061278004
-0.214285,0.1859126,-0.22494063,0.32529643,0.13449936,0.29687312,0.18878727,-0.43661076,0.006966172,-0.021391982,-0.09539358,-0.14490218,0.0553551,0.05644919,0.31247777,-0.03334805,0.027522625,-0.08116859,-0.02939975,0.10072398,-0.1698175,-0.13992286,0.09644974,0.05244149,-0.16147007,0.16466555,-0.13514589,0.10244053,-0.2022154,-0.1335717,0.26392975,0.07641555
-0.26454005,0.20252408,-0.19942868,0.338998,0.1671321,0.2564689,0.17400412,-0.41805828,0.023951102,0.00881474,-0.074372366,-0.14668943,0.0331476,0.10243478,0.31438276,-0.019030195,0.023619471,-0.11689368,-0.045655735,0.12099762,-0.2135192,-0.16310163,0.08500747,0.0470375,-0.16751818,0.12579866,-0.09000286,0.14641403,-0.20363575,-0.11948793,0.21508351,0.09513949
-0.23617914,0.19454594,-0.23092277,0.33607727,0.1514559,0.28689823,0.18110913,-0.43423298,0.0074589765,-0.035920363,-0.07298376,-0.14514509,0.038832452,0.06150789,0.30289096,-0.035652548,0.025638744,-0.09838339,-0.027250538,0.11128109,-0.20004854,-0.13647833,0.10258824,0.060216982,-0.16153128,0.15795502,-0.08519251,0.1212459,-0.18783256,-0.11659264,0.24900444,0.0854824
-0.224871,0.17453474,-0.41561994,0.13406053,0.16567418,0.15346237,0.18674849,-0.2827814,-0.06740001,0.07654674,-0.15975092,-0.26053685,0.17470822,0.15596867,0.28974456,-0.0314879,-0.031742077,-0.062091447,-0.021511687,-0.18260612,0.120029636,-0.17010444,-0.019238474,0.046022028,-0.112987526,0.1719424,-0.04462731,0.11838285,-0.26487538,-0.21415408,0.24362218,0.024786068
-0.20822781,0.18024497,-0.12132985,0.18567492,0.18626307,0.15415409,0.16569075,-0.2491081,0.008121666,0.17960845,-0.15186816,-0.18470421,0.11128371,0.31166,0.36370012,0.021536814,-0.008861216,-0.1082158,-0.023173993,-0.009162863,-0.080556415,-0.2741188,0.001338536,0.013267215,-0.2011844,0.035298035,-0.19130325,0.15977035,-0.38718244,-0.17998876,0.121623255,0.008205
-0.22440535,0.17415324,-0.41617897,0.13355836,0.16696122,0.15355141,0.18593074,-0.28207204,-0.06792733,0.076743,-0.16035455,-0.2606366,0.17419255,0.15448414,0.28876948,-0.03067365,-0.029840019,-0.06308413,-0.02144349,-0.18306424,0.12116289,-0.17007603,-0.019734299,0.045718428,-0.113090485,0.17307973,-0.046345692,0.11777841,-0.26424837,-0.21488577,0.24432091,0.024613092
-0.22503081,0.1747616,-0.41535676,0.13431224,0.16503488,0.15344608,0.1871418,-0.28307828,-0.06707956,0.07637013,-0.15940797,-0.26050952,0.17492211,0.15686882,0.29023483,-0.031915013,-0.03272312,-0.061621796,-0.021513661,-0.18237871,0.11936257,-0.17019807,-0.019000357,0.046153724,-0.11297469,0.17131533,-0.043688234,0.11869208,-0.2653364,-0.2137019,0.24322416,0.024795126
-0.10979123,0.05161088,-0.18261214,0.26645923,0.08097328,0.3828078,0.18911107,-0.39791706,-0.029936798,-0.07305037,-0.12061534,-0.09406414,0.064381436,-0.08419745,0.27141774,0.08108944,0.08884063,-0.14431392,-0.011175903,0.09640248,-0.09359447,-0.04593611,0.100641,0.046421845,-0.23025827,0.20773026,-0.3563414,-0.05084655,-0.1300659,-0.12856768,0.3010506,0.039042007
-0.01947228,0.08426554,-0.35213736,0.20954184,0.1607585,0.42174843,0.11783115,-0.2965901,-0.054376397,-0.19921973,-0.087187946,-0.14461856,0.031635765,-0.09645529,0.18257605,0.09196393,0.15144785,-0.21820226,0.052945253,0.0017510608,-0.04415422,-0.08863749,0.07903417,0.038065955,-0.24171658,0.25694507,-0.21225727,-0.059663154,-0.16101311,-0.10934293,0.30410528,-0.03887564
-0.06729472,0.16730352,-0.4512953,0.104602195,0.24618585,0.28802377,0.05173997,-0.20672533,-0.1154513,-0.09885279,-0.114333324,-0.24098516,0.05366947,0.052921135,0.19633794,0.06818862,0.12901092,-0.22034337,0.0760129,-0.15452594,0.05729808,-0.18183209,0.037721932,0.06527351,-0.21817257,0.22209334,-0.09491967,0.049162563,-0.27768043,-0.16350883,0.2559895,-0.07850943
-0.02079813,0.13383414,-0.46365115,0.108453564,0.24971758,0.33794025,0.055686828,-0.19662683,-0.09025195,-0.17850107,-0.09707064,-0.2149084,0.03524942,-0.0006555399,0.1470856,0.06891169,0.15429617,-0.23154871,0.08392324,-0.12102743,0.024269518,-0.15496035,0.044960834,0.04648326,-0.21519037,0.25112075,-0.09041909,0.0029892027,-0.24539337,-0.13711037,0.28352317,-0.09220046
-0.12391025,0.13996239,-0.3847034,0.26176563,0.18377718,0.3705598,0.12978195,-0.3536526,-0.020244261,-0.18774651,-0.05855875,-0.15699771,0.018707864,-0.07007964,0.18663521,0.02675293,0.11789466,-0.18425314,0.018622989,0.04065687,-0.10888601,-0.08341862,0.08876241,0.04374958,-0.1880776,0.27121803,-0.062199548,0.027246213,-0.14359373,-0.10479111,0.3273745,0.014744145
-0.21435507,0.13178015,-0.15412158,0.32061964,0.14962433,0.30693483,0.17221084,-0.39583114,-0.015043766,-0.00976483,-0.08626867,-0.13242885,0.030731218,0.08363948,0.3206464,0.0623692,0.077261746,-0.17684917,-0.015374902,0.11652672,-0.19246589,-0.14183788,0.09849323,0.05662491,-0.24553978,0.13745356,-0.2265397,0.066651635,-0.2024162,-0.120300636,0.22795983,0.061403263
-0.13386235,0.13168,-0.3786303,0.27623034,0.18372266,0.359253,0.13076007,-0.36476007,-0.008287583,-0.17084312,-0.07031117,-0.1556253,0.021311877,-0.07442529,0.18378277,0.03836019,0.1298092,-0.18570073,-0.003858105,0.040688727,-0.09699239,-0.0840037,0.07003556,0.026442558,-0.17887664,0.27262455,-0.0971894,0.015038134,-0.1282467,-0.1154753,0.3325194,0.03216287
-0.09494985,0.1575577,-0.4948152,0.14403462,0.23290819,0.2993656,0.086664885,-0.2522528,-0.0829797,-0.1531941,-0.08159661,-0.23166364,0.042687643,0.04246094,0.17436565,0.024140691,0.11320368,-0.19431277,0.05936282,-0.12271191,0.0010032991,-0.15144809,0.044719126,0.06200114,-0.18079296,0.24316022,-0.018677723,0.047979765,-0.24768528,-0.12985173,0.2958473,-0.04622896
-0.02967044,0.11756637,-0.4625263,0.13299948,0.23802605,0.3556234,0.07357646,-0.22634472,-0.07200668,-0.20414358,-0.08912319,-0.19757934,0.031718478,-0.0383134,0.13166991,0.062682346,0.15622404,-0.22326982,0.07103036,-0.08586939,0.003103791,-0.12314029,0.054601677,0.037917018,-0.20037119,0.27807638,-0.080502406,-0.011791153,-0.20737958,-0.13224098,0.31683066,-0.07135602
-0.1497633,0.15107472,-0.4887242,0.21313845,0.19735394,0.30594248,0.11993347,-0.31031755,-0.02860871,-0.14839855,-0.07517725,-0.21817978,0.04834148,0.0057382416,0.18734856,0.0069301887,0.086176254,-0.16264649,0.010388272,-0.072107434,-0.035407558,-0.1177228,0.03026661,0.033113305,-0.15411405,0.26878136,-0.0038347915,0.05123249,-0.19204755,-0.12483502,0.32588613,0.0033695342
-0.24928875,0.17684151,-0.39941385,0.30269706,0.17655975,0.25903273,0.15028292,-0.38813853,0.039967433,-0.066647194,-0.086915225,-0.20276414,0.05613897,0.02227924,0.2318476,-0.01177367,0.057445947,-0.13040628,-0.0682966,0.011717451,-0.09214971,-0.114243746,0.009868927,-0.005724529,-0.12493283,0.23656037,-0.020873573,0.0992201,-0.1482556,-0.13750333,0.30788252,0.08580208
-0.23190786,0.19082092,-0.39982626,0.26838648,0.22829255,0.23814808,0.12688635,-0.37750256,-0.025352636,-0.05326727,-0.10365423,-0.20611149,0.053826332,0.023919122,0.21524596,0.009986785,0.10902906,-0.16146123,-0.043045968,-0.030888248,-0.024722662,-0.1349907,0.02503396,0.027364546,-0.13247094,0.2405033,-0.056655034,0.09434616,-0.16721207,-0.17182979,0.30301896,0.07801725
-0.23474918,0.16708139,-0.4199726,0.1401712,0.16260327,0.15215304,0.19101913,-0.29239586,-0.055157892,0.07438263,-0.16290815,-0.25409493,0.18120319,0.1388793,0.28206274,-0.028630031,-0.0303186,-0.058066506,-0.034904644,-0.17836705,0.1285705,-0.1589505,-0.028593194,0.035078783,-0.105835654,0.18547633,-0.050807323,0.110833436,-0.2460864,-0.22187515,0.25374398,0.03727063
-0.28022286,0.1607228,-0.41623303,0.24282822,0.18357666,0.16664104,0.18468568,-0.3615653,0.025903322,0.02433616,-0.14371897,-0.23666269,0.13301978,0.060267847,0.23795147,-0.02093894,0.020097472,-0.084789045,-0.09527262,-0.08014263,0.04214898,-0.11886411,-0.044529073,-0.02137928,-0.0798113,0.2347322,-0.050478797,0.097593315,-0.15371178,-0.20423746,0.30081445,0.099986695
-0.21648422,0.16691686,-0.4558015,0.13967222,0.19395976,0.17670125,0.14849241,-0.28260508,-0.07987618,0.0302135,-0.14698572,-0.26418132,0.13886377,0.0997957,0.25338075,-0.0008615045,0.024792254,-0.106396794,-0.011577357,-0.18045257,0.11531195,-0.15440755,-0.012249163,0.04818037,-0.12388403,0.21582657,-0.048332673,0.101076275,-0.23484941,-0.21186638,0.27565953,0.019063737
-0.23825166,0.15863617,-0.33593467,0.1428531,0.21704362,0.13057813,0.19359826,-0.2518418,0.038845927,0.112641394,-0.19605239,-0.26530564,0.1844732,0.20490773,0.28000236,-0.005543293,-0.0077792997,-0.084082484,-0.065661594,-0.1278805,0.090804815,-0.20875284,-0.089108154,-0.04750703,-0.12848851,0.14654614,-0.11308021,0.10600216,-0.29389566,-0.23828626,0.21499401,0.032807868
-0.24941202,0.17667797,-0.39800814,0.30320448,0.17612539,0.25930843,0.15074657,-0.38861042,0.040531114,-0.06595837,-0.08740305,-0.2022088,0.05644653,0.02192477,0.23247084,-0.011579527,0.05720912,-0.13014317,-0.06878148,0.012522943,-0.09231284,-0.114048995,0.009876821,-0.00612666,-0.12508634,0.23648943,-0.022109244,0.09926771,-0.14807197,-0.1377383,0.30803934,0.08603993
-0.31506744,0.17282552,-0.29661474,0.35100195,0.17969616,0.18050121,0.16645753,-0.41495353,0.09747287,0.026754552,-0.11499599,-0.18063034,0.06491221,0.027311202,0.2390307,-0.0072151893,0.06003406,-0.10295592,-0.1392256,0.068655394,-0.09823766,-0.10886443,-0.0288439,-0.056541357,-0.08453739,0.21301092,-0.08708738,0.11487075,-0.09433496,-0.16446379,0.28577867,0.14815833
-0.25916475,0.2171689,-0.31859306,0.32144323,0.1717984,0.24634673,0.13745204,-0.39746904,0.029634487,-0.025209282,-0.07269213,-0.19156477,0.03786607,0.10416061,0.2819456,-0.010284953,0.040229943,-0.1386019,-0.053339787,0.04747422,-0.151136,-0.16084488,0.041499536,0.024103852,-0.16013677,0.16933341,-0.02349187,0.14069495,-0.20752175,-0.1198825,0.2512599,0.07882234
-0.2888655,0.17249995,-0.38649258,0.27944905,0.19814612,0.18549927,0.15486184,-0.3589417,0.046132762,-0.00061551225,-0.119895205,-0.23706794,0.08982877,0.09775869,0.2521897,0.0035371757,0.04026135,-0.12848002,-0.083608836,-0.026207399,-0.048438482,-0.13411185,-0.028123384,-0.025744269,-0.12359495,0.22278701,-0.044506162,0.11202582,-0.17392164,-0.17348261,0.2907307,0.08363737
-0.20332381,0.16445033,-0.48976249,0.18536988,0.21965559,0.22222388,0.12474357,-0.30107766,-0.034561466,-0.055947255,-0.11433737,-0.25830346,0.09043372,0.056860413,0.20883402,0.005726297,0.06409096,-0.14389296,-0.019621937,-0.12608932,0.036522757,-0.14128678,-0.012650088,0.02304033,-0.12965024,0.2468757,-0.011136046,0.080135114,-0.20468004,-0.17821872,0.30451447,0.024511574
-0.23546581,0.17139345,-0.10496274,0.18265392,0.21514098,0.11439067,0.17270401,-0.24283877,-0.010170327,0.19243301,-0.14610519,-0.17797273,0.0918976,0.33980107,0.35038462,0.014185368,-0.030704001,-0.10652974,-0.024714641,-0.00984074,-0.101312794,-0.2819945,0.02121414,0.039348636,-0.17906004,0.013843475,-0.18702327,0.17133054,-0.37640992,-0.17935486,0.0995021,0.021794882
-0.18524598,0.19122897,-0.11978411,0.19273788,0.1955816,0.18480362,0.14491136,-0.25468078,-0.0036891983,0.14285968,-0.13260737,-0.17704184,0.084364094,0.30926046,0.35789898,0.025760775,0.0070948135,-0.13395588,-0.0009166143,0.0071698553,-0.119945236,-0.27917236,0.026432078,0.030447084,-0.22517788,0.032260235,-0.17411761,0.15493003,-0.39873055,-0.16279453,0.12206031,-0.0061696367
-0.29857454,0.19681016,-0.26220143,0.24249178,0.23631325,0.14447394,0.15917335,-0.3159946,-0.040379133,0.051810686,-0.08245863,-0.22559124,0.057632875,0.26680326,0.31649473,-0.015594481,-0.029628672,-0.143638,-0.0022864528,-0.017290367,-0.1553246,-0.20833354,0.07009683,0.08507302,-0.17112242,0.09171447,-0.00917372,0.18148676,-0.2939118,-0.13813147,0.16286479,0.039236292
-0.2584946,0.18771176,-0.10465754,0.22423084,0.21460058,0.13320935,0.17288333,-0.28722435,-0.0024078358,0.16382124,-0.12786867,-0.17041199,0.0707152,0.31030896,0.34972054,0.008547179,-0.025334017,-0.11263236,-0.03268016,0.0337001,-0.14661038,-0.2686329,0.044159066,0.04884995,-0.18021691,0.02072259,-0.16424842,0.17685464,-0.34351167,-0.16669859,0.110126995,0.04492605
-0.1576778,0.17905033,-0.14201911,0.14982496,0.213829,0.15415774,0.15993924,-0.21840933,-0.018940786,0.16171534,-0.15824123,-0.18384452,0.104436696,0.3359634,0.33612657,0.01894162,0.0006773604,-0.12007646,-0.0066253883,-0.048357207,-0.051651962,-0.30074415,0.007482869,0.024778357,-0.19135362,0.031693492,-0.20061876,0.14095327,-0.4238102,-0.18352306,0.11568139,-0.0149172265
-0.2283455,0.17374898,-0.108056776,0.17552589,0.21982424,0.1112178,0.17767927,-0.23852003,-0.011888449,0.19205792,-0.14892408,-0.17754312,0.092309475,0.3481194,0.34495786,0.010386377,-0.03662066,-0.10174027,-0.025363043,-0.01660926,-0.093300685,-0.28802282,0.020225285,0.040456712,-0.17223017,0.012924123,-0.18636292,0.16731653,-0.38050345,-0.1811701,0.09799711,0.02015715
-0.2876356,0.17339067,-0.06303699,0.25938392,0.18533106,0.118576676,0.17246664,-0.3148755,0.030507185,0.20010293,-0.13577029,-0.15589574,0.06976564,0.2635856,0.3556481,0.025296358,-0.008698211,-0.10238875,-0.073487766,0.08040774,-0.1565415,-0.24713838,0.029857595,0.02058493,-0.1666213,0.02047119,-0.22114477,0.172587,-0.29673952,-0.17376651,0.11172975,0.0808751
-0.25704673,0.16491407,-0.09526836,0.18857524,0.21884519,0.10113904,0.1757751,-0.24685173,-0.009786992,0.20194344,-0.14486605,-0.17647184,0.08829066,0.33627698,0.3516527,0.015395546,-0.034539774,-0.10478961,-0.031315416,-0.0010022941,-0.11162774,-0.2754722,0.024857862,0.041766103,-0.173573,0.010497629,-0.18947287,0.17838387,-0.35975635,-0.18136305,0.095495634,0.033172023
-0.27896422,0.1717114,-0.06862014,0.25750345,0.18774186,0.1301202,0.16917707,-0.31598645,0.03254044,0.19489996,-0.1408534,-0.15728733,0.07181544,0.254675,0.3551895,0.03174021,-5.4412598e-05,-0.10986442,-0.07345594,0.07822965,-0.15179451,-0.24476634,0.02576952,0.014838192,-0.17408659,0.02781794,-0.23171104,0.16467251,-0.2989102,-0.1767888,0.12069002,0.07580312
-0.20093276,0.15854359,-0.12971875,0.14719136,0.22397478,0.107129,0.19118403,-0.2171023,-0.024612896,0.19981161,-0.16883717,-0.18053271,0.11171276,0.3478949,0.33203143,0.0075816684,-0.0278537,-0.095243365,-0.02685924,-0.0525867,-0.0409794,-0.2938625,0.006029585,0.031018682,-0.1532406,0.024235368,-0.22088523,0.15176845,-0.39618656,-0.19767429,0.10347486,0.014944597
-0.16085029,0.21672975,-0.27016887,0.16259958,0.18272977,0.21052913,0.12827054,-0.29130486,-0.08818723,0.083488666,-0.14139539,-0.21209359,0.109462075,0.21807241,0.33326682,0.011970049,0.041612748,-0.13846092,0.027780082,-0.10731032,0.021367382,-0.23897655,0.041389447,0.07048249,-0.20241567,0.10957933,-0.11575472,0.14714327,-0.37588632,-0.18611749,0.19165812,-0.009949745
-0.09088233,0.19531487,-0.19696346,0.1468911,0.19581926,0.22597647,0.12689766,-0.22228235,-0.026549654,0.08076851,-0.13938805,-0.19450352,0.096756265,0.299719,0.3247786,0.01947868,0.045828354,-0.14965828,0.03193225,-0.06567165,-0.04733234,-0.29272193,0.012934682,0.023250924,-0.22904539,0.05903633,-0.15724413,0.11794633,-0.45361856,-0.15947072,0.14630534,-0.055679582
-0.12444576,0.18448304,-0.20244825,0.1398691,0.19709373,0.18982714,0.16644907,-0.23125271,-0.023508323,0.12453327,-0.16666918,-0.19389182,0.13259764,0.30078143,0.32819137,0.0036018244,0.01395059,-0.112549394,0.0030520523,-0.08383494,0.002424145,-0.28532732,-0.006491944,0.012935117,-0.19244985,0.0644687,-0.18529794,0.11820945,-0.43150115,-0.19079308,0.15004934,-0.022815716
-0.2965942,0.15884164,-0.074600585,0.21140172,0.23156826,0.08926789,0.1838602,-0.26739845,-0.008541318,0.20138107,-0.13562226,-0.16773085,0.0737658,0.32093325,0.3491735,0.014016559,-0.039440896,-0.10431225,-0.040031698,0.03567747,-0.15381275,-0.25851962,0.041881476,0.05142089,-0.16544077,0.009884766,-0.18395364,0.18537274,-0.31835547,-0.17942265,0.09434119,0.06016088
-0.2682971,0.17977373,-0.07904413,0.23343527,0.20290846,0.13094719,0.17146073,-0.2906127,0.0077297376,0.1830033,-0.13132825,-0.16099125,0.0705926,0.2957723,0.35684785,0.018267345,-0.02092857,-0.10808043,-0.04410729,0.055498127,-0.15454419,-0.26285633,0.040801406,0.040169057,-0.18151763,0.016514953,-0.19243953,0.17625435,-0.32871372,-0.16972654,0.10633549,0.05516206
-0.09866225,0.1988964,-0.21079691,0.14952758,0.18714309,0.22260205,0.13330692,-0.23202765,-0.03349957,0.08010285,-0.13816763,-0.19513012,0.101776645,0.29892296,0.3281358,0.010743345,0.037883267,-0.13969322,0.0326184,-0.075594746,-0.035572212,-0.28661904,0.01547459,0.028569078,-0.2224493,0.061604764,-0.1479407,0.122446164,-0.45062667,-0.1579036,0.15066423,-0.049683396
-0.15377897,0.19050774,-0.24299933,0.14694554,0.18640602,0.18873459,0.17853022,-0.26217067,-0.03992093,0.125052,-0.17291984,-0.20499359,0.15157218,0.25744697,0.33417806,-0.0058174315,0.0058563584,-0.09636814,-0.004734926,-0.10556568,0.041115325,-0.2559374,-0.0051261303,0.023900611,-0.17628846,0.09606069,-0.16390878,0.12479074,-0.39126298,-0.20590885,0.17836708,-0.0013908695
-0.2543335,0.16039784,-0.08087001,0.23740304,0.18964466,0.16290732,0.1798753,-0.30749875,0.01195711,0.17567733,-0.14675927,-0.15573734,0.079239525,0.24895962,0.36051294,0.03869331,-0.0037181303,-0.11768009,-0.051150333,0.06611869,-0.14109817,-0.242918,0.039869864,0.029824274,-0.19438887,0.0393712,-0.2533981,0.14682911,-0.31694227,-0.17980446,0.13271649,0.05475605
-0.092169635,0.15208235,-0.24846278,0.1240743,0.23103112,0.22858548,0.16356048,-0.22693707,-0.06297552,0.06715783,-0.18000767,-0.1951389,0.11217185,0.23607625,0.2822087,0.030425722,0.070383206,-0.1608533,0.018643958,-0.08993709,0.02668273,-0.26656133,0.022068549,0.025690386,-0.19137403,0.11831145,-0.24636547,0.08140271,-0.4083632,-0.20214672,0.2018873,-0.03200483
-0.2693627,0.14262636,-0.08021419,0.17684172,0.2282927,0.077822566,0.1975562,-0.23704499,-0.008541043,0.22816284,-0.1589676,-0.17034861,0.09589334,0.3356854,0.345226,0.016192822,-0.045632504,-0.08866729,-0.045243498,-0.0007768201,-0.09916827,-0.27243647,0.018072061,0.036049094,-0.15183638,0.009713381,-0.22533852,0.1711111,-0.34297723,-0.1981092,0.0902928,0.048424866
-0.35115582,0.12615897,-0.15279275,0.3280428,0.17960256,0.117781654,0.18817106,-0.39063704,0.09663352,0.14547217,-0.154101,-0.16810228,0.08408538,0.094596505,0.3000788,0.049046833,0.03702071,-0.10123977,-0.15672639,0.10275734,-0.1129355,-0.13020013,-0.034414347,-0.06105761,-0.11177777,0.1325771,-0.23778296,0.119946614,-0.10366787,-0.19252089,0.22125316,0.15993422
-0.31356007,0.11699047,-0.318378,0.20472726,0.20048793,0.06906003,0.20097315,-0.30364415,0.11693382,0.13164489,-0.20862547,-0.24599957,0.18441983,0.10350648,0.24770558,0.020026335,0.007824844,-0.06292094,-0.16108106,-0.059811145,0.07679961,-0.12447243,-0.14023839,-0.12207877,-0.058394324,0.18901402,-0.15894984,0.09600997,-0.13387811,-0.25241274,0.25671566,0.12234893
-0.3826859,0.14218178,-0.18889351,0.31791487,0.17343794,0.029319903,0.18345809,-0.38517955,0.16844806,0.16754903,-0.16383861,-0.17778592,0.10439856,0.04577533,0.2382972,0.0030395056,0.009655604,-0.036426,-0.22719894,0.09176137,-0.060686536,-0.09287622,-0.10340583,-0.12994991,-0.0005304537,0.14561573,-0.1457182,0.1391426,-0.018471554,-0.20088969,0.22631308,0.20946318
-0.3144448,0.10919518,-0.29473087,0.24555218,0.19972911,0.0994971,0.19115807,-0.3346617,0.11917236,0.11310433,-0.1985043,-0.22809066,0.1576508,0.07191343,0.25094777,0.045715943,0.03581571,-0.08770105,-0.16678122,-0.01647358,0.0348828,-0.11362036,-0.12184984,-0.11923665,-0.07690835,0.19843343,-0.1936576,0.08093472,-0.1059442,-0.23993194,0.2727903,0.13187203
-0.31266502,0.11566752,-0.3175258,0.20487705,0.19974676,0.071751,0.20171106,-0.30466175,0.1158439,0.13075475,-0.20883466,-0.24576172,0.1846731,0.10252191,0.24894233,0.0218383,0.008357807,-0.06407543,-0.16030744,-0.059139065,0.07644246,-0.1241769,-0.13915393,-0.12113334,-0.06069825,0.18891315,-0.16244958,0.09406739,-0.13381661,-0.25244844,0.25711966,0.12202169
-0.22348325,0.14582165,-0.46990594,0.16503707,0.24419123,0.14891754,0.12515025,-0.2738117,0.010806697,0.005532622,-0.166544,-0.27243164,0.11952089,0.0665721,0.18695253,0.026837984,0.07936408,-0.13914825,-0.071270645,-0.14215638,0.09942473,-0.1435794,-0.08196658,-0.04468963,-0.089936934,0.25108927,-0.080077685,0.07170063,-0.18438326,-0.2256835,0.30295545,0.04737458
-0.2235195,0.14574046,-0.46993873,0.16490014,0.24418516,0.1487083,0.12517655,-0.27365398,0.010969224,0.0056523345,-0.16665794,-0.27254745,0.11963844,0.06662787,0.18692626,0.026869833,0.07928249,-0.13906817,-0.07137901,-0.142231,0.09955343,-0.14356521,-0.08217496,-0.044877853,-0.089823164,0.2510552,-0.080139145,0.07167448,-0.18434191,-0.225776,0.30289555,0.047379974
-0.3228266,0.12699425,-0.33383492,0.24783514,0.2049765,0.072123066,0.18145135,-0.32914254,0.12819111,0.10543644,-0.18927342,-0.23313798,0.15004732,0.069015995,0.2211118,0.01673141,0.0302767,-0.07163332,-0.1771242,-0.032210827,0.04541378,-0.111075625,-0.13270903,-0.12567405,-0.038327664,0.2149679,-0.13454878,0.09589559,-0.09757557,-0.23621309,0.27940533,0.13966642
-0.32272333,0.12665428,-0.3326843,0.24826193,0.20477118,0.07291439,0.18172644,-0.3296653,0.12806985,0.105559975,-0.1893925,-0.23283589,0.15002008,0.068901256,0.22185244,0.01737983,0.030565048,-0.07204593,-0.17701477,-0.03144876,0.04482233,-0.11106717,-0.13233,-0.125539,-0.03919318,0.2146115,-0.13609162,0.09555235,-0.097569324,-0.23616059,0.27933216,0.13969785
-0.22327647,0.1460427,-0.47002572,0.1647447,0.2440963,0.1492208,0.1250648,-0.273687,0.010009191,0.005533096,-0.1663509,-0.2725143,0.119435094,0.06688214,0.18730369,0.02679809,0.07924975,-0.13923167,-0.070675515,-0.14254428,0.09951985,-0.14382838,-0.08143538,-0.043943953,-0.09036814,0.25089085,-0.079850815,0.07188646,-0.18496631,-0.22553906,0.30278003,0.046970196
-0.22331527,0.14595881,-0.47005895,0.1646073,0.2440905,0.14900601,0.12509249,-0.27352762,0.010179917,0.0056547765,-0.16646804,-0.27263233,0.11955556,0.06693705,0.18727536,0.02683055,0.079166666,-0.13914928,-0.0707896,-0.1426177,0.0996498,-0.14381225,-0.0816508,-0.04414017,-0.09024969,0.25085726,-0.07991399,0.071858935,-0.18492058,-0.22563416,0.30272025,0.04697837
-0.1668077,0.09706619,-0.30566904,0.3132469,0.09561921,0.32863775,0.2122041,-0.4479048,0.0029066468,-0.13141249,-0.09222067,-0.11235187,0.05990544,-0.14299685,0.20618096,-0.037823413,0.050393716,-0.045578465,-0.039663784,0.08835893,-0.09149346,-0.010833308,0.09888365,0.039080925,-0.09228607,0.2800834,-0.150603,0.0052920473,-0.039966144,-0.12565814,0.36289775,0.09732447
-0.20873177,0.13017696,-0.3035822,0.34558177,0.12357698,0.30586934,0.19400574,-0.44735488,0.028167415,-0.1120012,-0.07733181,-0.12241256,0.039585747,-0.10614638,0.21114889,-0.030308489,0.06609712,-0.07712592,-0.059490092,0.10567318,-0.12480037,-0.0375413,0.080764726,0.021643113,-0.098068334,0.26652068,-0.101399735,0.046973042,-0.048697986,-0.11716755,0.3431694,0.112524666
-0.19808342,0.110857256,-0.31572288,0.3390444,0.105372146,0.29287437,0.21118923,-0.45405486,0.021345947,-0.12394012,-0.08208528,-0.11386878,0.048713244,-0.13891816,0.18625653,-0.056305837,0.054763634,-0.03331217,-0.06317344,0.094603024,-0.096820705,-0.010510131,0.08288062,0.025319701,-0.055306494,0.28573075,-0.10562347,0.025011212,-0.011554613,-0.12083731,0.3610915,0.12447055
-0.19957691,0.11263282,-0.31495243,0.33999953,0.10645933,0.29281524,0.21067396,-0.4545644,0.02136559,-0.122980855,-0.08152542,-0.11449382,0.04820107,-0.13601539,0.18806927,-0.05613157,0.05454779,-0.034602106,-0.06286387,0.09535492,-0.09915419,-0.012398516,0.083285056,0.025923107,-0.056859057,0.28407934,-0.10418563,0.027030068,-0.013720725,-0.12056981,0.3596961,0.12443535
-0.12744664,0.07569285,-0.21011564,0.2875212,0.0923414,0.3770262,0.19002096,-0.41462606,-0.0144406045,-0.081864774,-0.11335719,-0.10262313,0.06086918,-0.08454522,0.26659948,0.057135444,0.08547798,-0.13298553,-0.020313077,0.10116894,-0.105504304,-0.05194864,0.095584266,0.039142054,-0.2093926,0.21913062,-0.30359694,-0.02840453,-0.12426542,-0.1281122,0.3121246,0.05265587
-0.19106092,0.111603774,-0.30216834,0.33591884,0.106614545,0.31133217,0.20760341,-0.4535653,0.016366728,-0.1190933,-0.085412644,-0.114835024,0.04947883,-0.1262192,0.20498481,-0.039162777,0.058380354,-0.052772444,-0.055244487,0.09834828,-0.10605822,-0.021551479,0.08759257,0.02922205,-0.08451524,0.27397993,-0.12994902,0.022296214,-0.03456312,-0.12165997,0.35405475,0.11319714
-0.23751259,0.17827691,-0.32425663,0.36012378,0.16993238,0.28460756,0.15039724,-0.42851695,0.038259376,-0.106734626,-0.054063052,-0.14329343,0.008534298,-0.03718787,0.20531112,-0.012634977,0.097244315,-0.13814157,-0.066915266,0.0998438,-0.15643646,-0.08490751,0.058585588,0.012714537,-0.11981426,0.23730507,-0.03962372,0.084627815,-0.08745856,-0.103383385,0.30278167,0.11442323
-0.07508398,0.08294113,-0.47781602,0.15123978,0.16801271,0.3515247,0.13601531,-0.2702,-0.04468326,-0.15776046,-0.10924112,-0.21574207,0.08642149,-0.023236431,0.18623629,0.05118585,0.09259598,-0.17455868,0.032209795,-0.10913342,0.033361033,-0.10442596,0.013892596,0.020196658,-0.18822992,0.26949885,-0.117185324,-0.029360294,-0.20824021,-0.14407933,0.3312466,-0.034742355
0.031538643,-0.006427958,-0.46406382,0.074713536,0.16767,0.30909252,0.14903557,-0.2296156,-0.0623571,-0.21579674,-0.14295939,-0.15381283,0.09251101,-0.20912673,0.04119153,0.006672625,0.11359949,-0.073470555,0.036611598,-0.11735862,0.1386612,0.0020251097,0.03655198,0.0096065225,-0.054403905,0.36001953,-0.16462871,-0.11860438,-0.062168922,-0.16958974,0.41121963,-0.036168423
-0.1436605,0.13703503,-0.41537902,0.26708716,0.2065511,0.32366234,0.13343503,-0.36236554,-0.0129490495,-0.17066582,-0.0799481,-0.16974095,0.024427315,-0.0802133,0.15448135,0.013218765,0.13566583,-0.16541526,-0.0119994925,0.0139058875,-0.06328299,-0.081636466,0.05761699,0.022936337,-0.13247089,0.29335827,-0.07220926,0.021131258,-0.11477101,-0.12963375,0.3504474,0.04389018
-0.1673006,0.16007239,-0.36883178,0.2998285,0.1789746,0.34704083,0.14212108,-0.38831005,-0.0052370057,-0.17301297,-0.04491941,-0.15177086,0.008204758,-0.057456046,0.19429375,0.0008550691,0.10488363,-0.16338699,-0.0034177636,0.06764758,-0.14228897,-0.08149188,0.08919175,0.043795794,-0.16111337,0.25488275,-0.02858129,0.05522512,-0.121964805,-0.093110174,0.31716397,0.053825956
-0.19557472,0.20076334,-0.39888197,0.14141954,0.19017047,0.18329354,0.13256371,-0.28194526,-0.09486206,0.050133977,-0.1404059,-0.2572189,0.122430705,0.1640893,0.2903832,-0.0006972225,0.02254803,-0.121610925,0.013398671,-0.16926597,0.079676576,-0.19645822,0.01379351,0.06929258,-0.15612605,0.165617,-0.049608834,0.13177474,-0.30467778,-0.19497862,0.23524858,-0.0021441346
-0.13942924,0.14418074,-0.51336664,0.116597764,0.18967794,0.24382743,0.14077014,-0.24133264,-0.045491286,-0.05966594,-0.13078626,-0.26839903,0.12010087,0.08674512,0.219931,-0.0012358384,0.029857604,-0.12330344,0.01138568,-0.18131651,0.082996175,-0.15987733,-0.024728319,0.022058643,-0.14167978,0.22614537,-0.036990535,0.056567084,-0.27070016,-0.17130922,0.2868258,-0.026943779
-0.09783141,0.10607313,-0.39464548,0.24445684,0.16064404,0.38064712,0.16129053,-0.36192662,-0.02735612,-0.21278147,-0.06676122,-0.14296964,0.03128912,-0.13122086,0.16216233,0.0014049266,0.103449546,-0.13854982,0.02227955,0.03637427,-0.0802559,-0.041866887,0.09797257,0.045859154,-0.14737812,0.2983238,-0.07421443,-0.003765922,-0.09945744,-0.10502286,0.36234477,0.021980902
-0.10658571,0.14859234,-0.43779185,0.21839437,0.23522891,0.33201796,0.09645626,-0.30642676,-0.041844163,-0.17073642,-0.085660376,-0.19122213,0.02157421,-0.04140276,0.15571709,0.04138883,0.15762591,-0.21039665,0.019900393,-0.03380114,-0.036486957,-0.12253764,0.049785223,0.030653043,-0.17308107,0.27452666,-0.080685124,0.0217265,-0.17505299,-0.13482536,0.32238117,-0.00386227
-0.20673409,0.16914353,-0.35135,0.33484438,0.18089457,0.3087297,0.14458059,-0.4104608,0.022017678,-0.13433768,-0.055905223,-0.14978608,0.0092861755,-0.04963117,0.1937378,-0.003963951,0.10993679,-0.15318494,-0.04474601,0.08027287,-0.13997807,-0.0854671,0.06388367,0.019165378,-0.1329311,0.25174233,-0.042797398,0.06735834,-0.10115369,-0.10561713,0.3150358,0.089891024
-0.24174662,0.17255464,-0.3024536,0.35903087,0.15437077,0.29289567,0.15609975,-0.42973801,0.05165193,-0.08281919,-0.065869406,-0.14168347,0.019405356,-0.039588545,0.23029593,-0.0067555457,0.08080487,-0.13111922,-0.07412048,0.10862766,-0.16113098,-0.085135356,0.053438704,0.001287812,-0.13180532,0.22901878,-0.062762976,0.089634635,-0.09418568,-0.110057995,0.30278733,0.11060124
-0.2814945,0.20974533,-0.21168628,0.369628,0.1582228,0.23984718,0.1495879,-0.4245811,0.061381087,0.017635781,-0.075445354,-0.14630282,0.022265865,0.07379355,0.29256687,-0.0068872743,0.055736262,-0.12465376,-0.08554108,0.12921439,-0.19885851,-0.14851989,0.04528456,0.0020527344,-0.15065613,0.14839962,-0.0849912,0.14405403,-0.16174833,-0.117494196,0.2339713,0.11680984
-0.09019662,0.06936923,-0.19487543,0.25925037,0.09914703,0.40310514,0.16891003,-0.37893665,-0.01453901,-0.084254704,-0.11558354,-0.10017071,0.057920832,-0.075396374,0.26937056,0.09476171,0.10433236,-0.17494352,-0.0067223893,0.09650901,-0.10187008,-0.06744566,0.08668244,0.030593932,-0.25181553,0.20308724,-0.32919782,-0.042479217,-0.15790048,-0.12359196,0.29389712,0.02222327
0.009142769,-0.024400657,-0.1308868,0.16707413,0.0345828,0.42092818,0.1548123,-0.3135892,-0.06018639,-0.09336153,-0.13460636,-0.05692516,0.07459084,-0.14249535,0.23780186,0.14582501,0.109954536,-0.16944976,0.023098296,0.065814495,-0.027389077,-0.006666205,0.09603033,0.04550909,-0.27366138,0.1895297,-0.46956143,-0.1425501,-0.12622558,-0.11573599,0.2773544,-0.024153952
-0.095462956,0.08195849,-0.19432773,0.26465705,0.11185119,0.40476525,0.16268031,-0.37549794,-0.009925004,-0.082230434,-0.1095289,-0.10508952,0.051275194,-0.055161342,0.2754192,0.09653913,0.107904404,-0.18797411,-0.005314901,0.09958857,-0.11811018,-0.08400038,0.08305012,0.027996106,-0.26067236,0.19228427,-0.30924094,-0.029072968,-0.17197096,-0.11991707,0.28351846,0.021432111
0.0037327025,0.08090858,-0.48142523,0.03321288,0.23774189,0.2610892,0.0757086,-0.15489475,-0.10953499,-0.11189105,-0.16040206,-0.22139795,0.081971124,-0.024320096,0.10986611,0.067023195,0.15157814,-0.18201491,0.06047111,-0.20966347,0.17017499,-0.1340557,0.00020581162,0.027092604,-0.14724937,0.27803743,-0.18018879,-0.0339137,-0.23121858,-0.18558373,0.32027784,-0.09243753
-0.034512177,0.11328021,-0.48655906,0.047050055,0.23832393,0.2525846,0.07552456,-0.16581038,-0.10588071,-0.08524029,-0.14999507,-0.23942624,0.08307108,0.02662323,0.14735581,0.063739985,0.13146801,-0.19044974,0.057593796,-0.21402214,0.14737725,-0.15858978,-0.0050893165,0.035463564,-0.16543812,0.2540259,-0.1397345,0.0052680233,-0.2651432,-0.18136436,0.29779282,-0.08592875
0.00033672235,0.06942775,-0.4825965,0.039750848,0.23320772,0.25657153,0.089133084,-0.16783297,-0.10664547,-0.11392425,-0.1646847,-0.21488763,0.08678355,-0.042664427,0.10020314,0.058103856,0.1521381,-0.16784689,0.051556364,-0.20432553,0.17900366,-0.11838894,0.0005344377,0.023692762,-0.12882273,0.2933366,-0.18635732,-0.042636197,-0.21218577,-0.18999866,0.3390872,-0.079486646
-0.15566297,0.12158361,-0.45173928,0.2437791,0.21079707,0.28946966,0.13005082,-0.33894098,0.020789523,-0.1287096,-0.108910225,-0.19574164,0.05071884,-0.07168782,0.1499144,0.032066457,0.12510367,-0.16475941,-0.047692936,-0.03362402,-0.011888695,-0.086869694,-0.003457203,-0.022877093,-0.116937205,0.30364397,-0.08732775,0.011951017,-0.117506206,-0.1555935,0.36221886,0.04232684
