0.1383928,0.28600416,0.18486623,-0.26591632,-0.35688624,0.21381634,0.25827536,0.17090103,0.13917947,0.12813576,0.15603743,0.21516196,-0.103299275,-0.079550825,0.15011542,0.043909464,0.07760438,-0.004841172,0.18699263,0.15641397,-0.06957102,-0.108549096,0.23435405,0.16896433,-0.15836221,-0.08024235,-0.24826385,-0.2251196,0.19533806,-0.09229696,0.14542829,-0.006499435
0.13559066,0.27328682,0.19563161,-0.2587401,-0.35236022,0.23501,0.25066948,0.18113899,0.14426632,0.1357476,0.11963899,0.21226805,-0.08954187,-0.071711324,0.14737742,0.026996167,0.058855195,-0.021647206,0.20372659,0.14828189,-0.055978924,-0.11304998,0.22188005,0.17023689,-0.17494097,-0.0824796,-0.25575975,-0.23763818,0.19353895,-0.09358393,0.15913281,-0.008735976
0.13494112,0.2875771,0.18292704,-0.25835404,-0.3700259,0.21682175,0.2557326,0.1715069,0.13733362,0.12670825,0.15244442,0.21428844,-0.103926726,-0.07514699,0.1497446,0.045286976,0.08049514,-0.006384625,0.18739375,0.15576638,-0.068026386,-0.111204885,0.23387733,0.1678119,-0.15767778,-0.078368545,-0.24973375,-0.22270954,0.19100422,-0.09082397,0.14719243,-0.0043486604
0.13434403,0.26653478,0.20115024,-0.25314513,-0.3496543,0.24402307,0.24811092,0.186945,0.14573619,0.13888064,0.10267797,0.21095054,-0.08224601,-0.06733597,0.14415438,0.019119937,0.050777104,-0.029205365,0.21113493,0.14327955,-0.049676083,-0.11552229,0.21777128,0.17058024,-0.18318467,-0.0825739,-0.2592996,-0.24330658,0.19088726,-0.09309728,0.16483828,-0.008963591
0.14056195,0.2909075,0.18088686,-0.266839,-0.35837418,0.20457155,0.26373434,0.16481376,0.13702257,0.1227359,0.17129384,0.2173246,-0.107329495,-0.08187081,0.14822026,0.050755873,0.084962204,0.0020164263,0.17968678,0.15769587,-0.076015316,-0.10843372,0.24033332,0.16979013,-0.1493674,-0.07910005,-0.24688323,-0.21859175,0.19436318,-0.09029779,0.14054209,-0.00503705
0.13343264,0.24879202,0.21418491,-0.2508215,-0.3242123,0.26022103,0.2438009,0.19916162,0.15288027,0.14562672,0.0612027,0.2084176,-0.062612325,-0.06459861,0.14315954,-0.004317302,0.025292419,-0.043221362,0.22569044,0.13320547,-0.03232601,-0.1154051,0.20073113,0.17226943,-0.19799365,-0.08717847,-0.26676768,-0.2601735,0.19305448,-0.09622038,0.17703484,-0.012724159
0.1346083,0.25744587,0.20848994,-0.25554824,-0.3313125,0.2515724,0.24663788,0.19326372,0.1507849,0.14261061,0.0807464,0.20981097,-0.07188281,-0.06812936,0.14675634,0.0057112905,0.035686385,-0.035797562,0.2182483,0.13907892,-0.0397355,-0.11376166,0.20702927,0.17168629,-0.18992674,-0.08653756,-0.26364586,-0.25380957,0.19508961,-0.09660314,0.17083295,-0.012027509
0.12682483,0.22003202,0.23100972,-0.23845467,-0.29099876,0.28268927,0.23544572,0.21520805,0.16025044,0.15490623,-0.00013357414,0.19954455,-0.034077786,-0.055607084,0.1373864,-0.035612375,-0.009494659,-0.06483803,0.24507515,0.11620843,-0.0074903336,-0.11769803,0.17931026,0.17121875,-0.21965377,-0.09178683,-0.27337453,-0.27976447,0.1886595,-0.09785502,0.19138104,-0.018310126
0.13180184,0.2736941,0.19504686,-0.25016063,-0.362741,0.23165564,0.2514094,0.18723086,0.14056672,0.13549818,0.12400209,0.20830363,-0.09205464,-0.06800036,0.14675876,0.03135034,0.06838671,-0.017744413,0.20115146,0.14833248,-0.055581577,-0.1133995,0.23201935,0.16708638,-0.18093534,-0.07816024,-0.25289947,-0.23600562,0.18665822,-0.09026585,0.15625118,-0.004607055
0.1372933,0.28892976,0.18096116,-0.2598379,-0.3687568,0.20982485,0.25932077,0.16912901,0.13688293,0.1242232,0.1620929,0.21596839,-0.1060205,-0.077045456,0.15025295,0.05007138,0.08545814,-0.00076925487,0.18302232,0.15783884,-0.07167649,-0.110510856,0.23762365,0.16761146,-0.15271291,-0.07787958,-0.24898672,-0.2190722,0.19063693,-0.089297645,0.14450468,-0.0030010443
0.12467683,0.21028344,0.23569037,-0.22893292,-0.28577545,0.28929353,0.23130304,0.22129385,0.16075549,0.1572843,-0.018827636,0.19612584,-0.02471163,-0.05009456,0.13078229,-0.044559773,-0.017555805,-0.071750745,0.25137708,0.1094206,0.0010100874,-0.11992458,0.175609,0.17072491,-0.22898944,-0.09028713,-0.2745957,-0.28345025,0.18266615,-0.09533817,0.19682278,-0.017815016
0.13367425,0.27766973,0.19159818,-0.25342345,-0.36339715,0.22675328,0.25252503,0.18229583,0.1398278,0.13336332,0.1328225,0.2108793,-0.09611645,-0.07055975,0.14910245,0.03576724,0.07128606,-0.014311976,0.19739313,0.15157609,-0.059214268,-0.1113101,0.23223515,0.16665126,-0.1742473,-0.07786923,-0.25247967,-0.23278806,0.18875375,-0.090697594,0.15291102,-0.0043551754
0.14093298,0.2932773,0.17646526,-0.2649069,-0.36468464,0.19619873,0.26712587,0.1617335,0.13435432,0.118240386,0.18317781,0.21845557,-0.11052638,-0.08213856,0.1483315,0.05807629,0.093875624,0.009568354,0.17325401,0.1596477,-0.080849595,-0.10914382,0.24568959,0.16889924,-0.14201987,-0.07659802,-0.24575138,-0.21186416,0.19093359,-0.08751816,0.13775778,-0.0019521082
0.13975373,0.29158896,0.17804863,-0.26187396,-0.3686478,0.20433044,0.26154667,0.1643362,0.13566133,0.12087635,0.17193049,0.2185491,-0.10842122,-0.07879574,0.1501842,0.054327752,0.08871691,0.0035736314,0.17881666,0.15964618,-0.076866165,-0.10944337,0.23961246,0.16796383,-0.14580366,-0.077004194,-0.24815825,-0.21529242,0.19116239,-0.08831198,0.14129305,-0.002280196
0.14057267,0.29664224,0.1721547,-0.26471034,-0.36690477,0.18872513,0.27135986,0.15923333,0.13373679,0.11419951,0.19232167,0.21906205,-0.11302289,-0.08576533,0.14672168,0.06293739,0.100335374,0.016172204,0.16632494,0.16078673,-0.08493727,-0.10901678,0.25045413,0.17002264,-0.13621713,-0.075822376,-0.24193208,-0.20629965,0.1897146,-0.08583155,0.13583945,-0.00043098826
0.12780999,0.22801082,0.22664027,-0.23600812,-0.30877706,0.28108865,0.23610345,0.21080822,0.15654214,0.15231599,0.014441638,0.20176923,-0.041572448,-0.053468153,0.13484591,-0.02659997,0.00061635894,-0.06269064,0.24248911,0.11871991,-0.015374773,-0.12073479,0.18585147,0.17183717,-0.2143056,-0.08864401,-0.27303353,-0.27249038,0.18556629,-0.09525192,0.18951884,-0.01586424
0.13690838,0.29089564,0.1793908,-0.26011506,-0.372166,0.21419851,0.25651005,0.16558371,0.13656849,0.12352747,0.15998189,0.21698546,-0.105634704,-0.076526254,0.14853095,0.04786394,0.08205003,-0.0039894176,0.18469447,0.15692806,-0.07345014,-0.11075146,0.23447354,0.16886589,-0.15099198,-0.077543505,-0.24857783,-0.21892019,0.19186932,-0.09018186,0.14525156,-0.0047653625
0.12738433,0.22609448,0.2275839,-0.23477374,-0.3071389,0.2828044,0.23526351,0.21169597,0.15688293,0.15279508,0.01028128,0.20123415,-0.03967988,-0.052585848,0.13411863,-0.028673379,-0.0016784691,-0.06437606,0.24384744,0.117448844,-0.013757826,-0.12107449,0.18430014,0.17178203,-0.21564697,-0.088795096,-0.2734772,-0.27346563,0.18499891,-0.09518902,0.19058044,-0.016146008
0.12801665,0.22898178,0.2261648,-0.23662323,-0.30958512,0.28019273,0.23653121,0.2103601,0.15636626,0.15207571,0.016559452,0.20202236,-0.042526495,-0.05391456,0.13520227,-0.025543645,0.001788038,-0.061830178,0.24179056,0.11935461,-0.01617994,-0.120564364,0.18666789,0.17186573,-0.21363969,-0.08856958,-0.2728012,-0.2719992,0.18584487,-0.0952745,0.18896692,-0.0157249
0.13646792,0.29063016,0.16603878,-0.26585546,-0.380199,0.18217678,0.26845428,0.15912141,0.12929752,0.10896499,0.19040605,0.22403735,-0.11592866,-0.08832185,0.15672699,0.071357965,0.10234641,0.02342084,0.16332851,0.1694485,-0.0859541,-0.10791574,0.25026375,0.16699913,-0.12611356,-0.07407798,-0.23950163,-0.21181911,0.18148397,-0.0822158,0.13521785,0.0058769803
0.13404097,0.28228867,0.1856757,-0.2497182,-0.37505832,0.22268993,0.25279036,0.17835967,0.13754156,0.12818228,0.14207585,0.21480587,-0.09920926,-0.070514925,0.14996777,0.04235378,0.07865246,-0.007986582,0.19296195,0.15485783,-0.064494334,-0.11064996,0.23408443,0.16588779,-0.16450617,-0.074135154,-0.2520657,-0.226858,0.18603547,-0.08804825,0.15051976,-0.0013996245
0.11975157,0.21734726,0.2320223,-0.20915397,-0.32876182,0.28907955,0.2285801,0.22474612,0.15049271,0.15733059,0.0005381532,0.1930927,-0.037180558,-0.038543407,0.121566795,-0.027249543,0.00887201,-0.06814251,0.24872692,0.111823075,-0.007860714,-0.12398076,0.19733943,0.16551347,-0.23888192,-0.07844612,-0.2695191,-0.27315933,0.1649247,-0.08550325,0.19353501,-0.0070713805
0.12399701,0.23598191,0.22127685,-0.22097817,-0.34540382,0.27426043,0.2354576,0.21409085,0.14691152,0.15170634,0.039143674,0.19882843,-0.055054266,-0.045864515,0.12884942,-0.0077700787,0.02846206,-0.0536401,0.23639008,0.12401694,-0.024392607,-0.12259628,0.21026728,0.16639476,-0.22290431,-0.077253155,-0.26548174,-0.2622549,0.1710996,-0.08659425,0.18355483,-0.0058311857
0.1320078,0.27316287,0.1937593,-0.24585146,-0.3702565,0.23568623,0.24867631,0.18587063,0.13989246,0.13422528,0.12106261,0.21016209,-0.09084454,-0.064363405,0.14624415,0.03179513,0.067855015,-0.019464593,0.20292494,0.14801869,-0.05672188,-0.11473971,0.23027763,0.1664664,-0.17899661,-0.07631521,-0.25501147,-0.23483965,0.18369009,-0.08879624,0.15768237,-0.0036032444
0.13392627,0.289872,0.17848134,-0.25291523,-0.38243368,0.21528275,0.25489283,0.169415,0.13511121,0.12261314,0.1574963,0.21713369,-0.10486891,-0.07371983,0.14955702,0.050261896,0.08622339,-0.0019263542,0.18503788,0.1576367,-0.07242113,-0.11185755,0.23548318,0.16724214,-0.15037394,-0.073899105,-0.24896736,-0.21773402,0.18649277,-0.08801183,0.14722407,-0.0016681039
0.13130224,0.27103576,0.19538906,-0.24298754,-0.37117654,0.240034,0.24707542,0.18714404,0.1401814,0.13538562,0.11502991,0.21008378,-0.08853694,-0.062083777,0.14422451,0.029490191,0.06504251,-0.022704786,0.20606016,0.14646985,-0.05558805,-0.115970485,0.2290623,0.16649868,-0.1816778,-0.075737804,-0.25579685,-0.23628926,0.182028,-0.088215604,0.1599451,-0.0037587
0.124670655,0.2360469,0.22194777,-0.22340694,-0.34157032,0.27330163,0.23694503,0.2140776,0.14781794,0.1513376,0.038475677,0.19900313,-0.053611968,-0.047809757,0.1289622,-0.009651148,0.026924843,-0.053125486,0.2361363,0.12340189,-0.023314517,-0.12245286,0.20835577,0.16789089,-0.22132172,-0.07876213,-0.2664718,-0.26295248,0.17302535,-0.08716174,0.18417875,-0.006550523
0.12713416,0.25416422,0.20911418,-0.2328997,-0.35946792,0.2567505,0.24234396,0.20148437,0.14306097,0.14531201,0.079985134,0.20341367,-0.07361435,-0.05399877,0.13583036,0.012557569,0.048358697,-0.03778241,0.22168857,0.13616207,-0.0415254,-0.12007236,0.22333439,0.16667451,-0.20443363,-0.07632283,-0.25947532,-0.24942192,0.1766487,-0.08717857,0.17106205,-0.0051080226
0.12606144,0.23691094,0.220696,-0.225532,-0.33939934,0.27426717,0.23641004,0.21193759,0.14847079,0.15117241,0.038056426,0.20093845,-0.05482362,-0.048650324,0.13052236,-0.009201485,0.023925096,-0.054880317,0.23660755,0.12422087,-0.024425639,-0.122918725,0.20536727,0.16766873,-0.21809673,-0.079200104,-0.26723236,-0.26255217,0.17546292,-0.08881653,0.18454824,-0.007906382
0.12643129,0.23653999,0.22069746,-0.22612227,-0.33782822,0.27462074,0.23673125,0.21191789,0.14917631,0.15121038,0.03682492,0.2013183,-0.053922724,-0.049099702,0.12998821,-0.01015355,0.02217045,-0.055518206,0.23704097,0.12339778,-0.024043005,-0.12305451,0.20395967,0.1683097,-0.21774714,-0.07976667,-0.26763988,-0.2628454,0.17613745,-0.088893846,0.18515043,-0.008262877
0.1149208,0.18623231,0.24364288,-0.19649403,-0.28923658,0.3123977,0.2150558,0.23067844,0.15689479,0.16167739,-0.06319124,0.18716837,-0.008265559,-0.028159983,0.10962158,-0.05809242,-0.033594355,-0.09763337,0.26610282,0.089181826,0.014089812,-0.12791754,0.16859567,0.165881,-0.25319272,-0.085487425,-0.2761135,-0.2864097,0.1599317,-0.08677325,0.20606194,-0.014603963
0.11637868,0.19090368,0.24326606,-0.20283154,-0.28502858,0.30634862,0.22044584,0.23200822,0.1585301,0.16178887,-0.0576314,0.18704437,-0.008776946,-0.033795778,0.11679296,-0.058659986,-0.030782042,-0.090107225,0.26354557,0.09421203,0.015167779,-0.12558651,0.16743837,0.16612722,-0.24719456,-0.086733714,-0.27656907,-0.2870795,0.16564463,-0.08866947,0.20530562,-0.015617734
0.11515737,0.1856836,0.24506798,-0.19665483,-0.28316888,0.3097319,0.21850315,0.23412816,0.15840083,0.16201085,-0.065867186,0.18582545,-0.0051152934,-0.030443259,0.11078942,-0.061388962,-0.034553587,-0.09490554,0.26606092,0.089120835,0.017382005,-0.12707114,0.16716935,0.1659498,-0.25194934,-0.086036995,-0.27713168,-0.2875126,0.1608179,-0.0862102,0.2071688,-0.0148722725
0.11532682,0.184932,0.24462739,-0.19659808,-0.2810836,0.31079006,0.21742319,0.23327051,0.15920836,0.1612526,-0.06982734,0.18654889,-0.0035470903,-0.03065506,0.11121624,-0.063283354,-0.037688572,-0.09683672,0.2666145,0.0880433,0.018656807,-0.12696412,0.16376767,0.16593342,-0.25108096,-0.086880326,-0.27819884,-0.28775045,0.1617135,-0.08703934,0.2077634,-0.015357813
0.1197959,0.19606452,0.23998436,-0.20795031,-0.28861383,0.3026538,0.22150037,0.22877303,0.15869915,0.16014126,-0.049868267,0.19076918,-0.010077695,-0.03704285,0.11872674,-0.05703836,-0.029323135,-0.085846744,0.2628207,0.097384654,0.013177458,-0.12595426,0.16558933,0.1683011,-0.23943402,-0.08640948,-0.278109,-0.28535718,0.17025268,-0.08872001,0.20563422,-0.016097508
0.12656629,0.23728383,0.22022441,-0.22657195,-0.33857027,0.2738923,0.23703305,0.21150872,0.14901003,0.15099266,0.03852788,0.20153034,-0.054668237,-0.049419995,0.13028933,-0.009303713,0.023103096,-0.054776847,0.23646027,0.12393957,-0.024722224,-0.12294816,0.20457509,0.1682983,-0.2170912,-0.079690255,-0.26740548,-0.26234332,0.17632958,-0.08887283,0.1846734,-0.008173591
0.13336301,0.28060675,0.1873437,-0.24835634,-0.3794054,0.23753147,0.2467992,0.17270185,0.13935003,0.12977469,0.12942334,0.21545269,-0.09536489,-0.06466461,0.1433669,0.03721761,0.0684124,-0.021260932,0.2002918,0.14986916,-0.0649907,-0.11631775,0.22616689,0.16815333,-0.16615285,-0.076547995,-0.25432903,-0.22677031,0.18452375,-0.08869906,0.15663615,-0.0053366437
0.13048834,0.26667407,0.19887811,-0.24011901,-0.3694924,0.24645847,0.24441366,0.19043714,0.14075404,0.13880841,0.104139104,0.208997,-0.08474919,-0.0590356,0.14188066,0.025257062,0.05970106,-0.028347619,0.21119685,0.14365217,-0.051480316,-0.11810453,0.22526906,0.16627613,-0.18724479,-0.07613284,-0.25784385,-0.2390764,0.18066368,-0.08812326,0.1637504,-0.0044569205
0.12924604,0.25431377,0.20808661,-0.23595089,-0.3550312,0.26468968,0.24163146,0.19540668,0.14657466,0.14348297,0.06921306,0.20769109,-0.06887791,-0.054616597,0.13234264,0.0070162006,0.03604533,-0.046741266,0.22578989,0.13128538,-0.040911544,-0.12488065,0.21079063,0.17074959,-0.1968036,-0.08037545,-0.2640802,-0.24898759,0.18075702,-0.089814514,0.17711999,-0.009334181
0.12621002,0.23418449,0.2209502,-0.22432432,-0.33638883,0.2834048,0.23262772,0.20856056,0.15100391,0.15031384,0.024445746,0.2029968,-0.04990221,-0.046459567,0.12812595,-0.015015431,0.013380461,-0.06368411,0.24093542,0.11958093,-0.021873727,-0.1261872,0.19431882,0.1691295,-0.21546431,-0.081683114,-0.27082026,-0.26350325,0.17618276,-0.09078354,0.18943675,-0.010672124
0.13559283,0.28949535,0.18090107,-0.25891423,-0.37164536,0.21440063,0.256796,0.16900711,0.13648254,0.12479506,0.15713997,0.21526273,-0.10502651,-0.075938344,0.14940757,0.047373798,0.08235248,-0.0043444694,0.18520156,0.15632774,-0.070717484,-0.110846825,0.23514347,0.16815172,-0.154158,-0.07765926,-0.24893378,-0.22051117,0.19116898,-0.09036683,0.1460906,-0.004010219
0.14022608,0.2913277,0.18072467,-0.26661953,-0.35885584,0.20593035,0.26320276,0.16456003,0.13711803,0.12263868,0.17020638,0.21709125,-0.10751465,-0.08174273,0.14728983,0.049739722,0.08409923,0.0010745889,0.18016268,0.1572764,-0.07549374,-0.108513705,0.24020429,0.17018849,-0.150284,-0.079084486,-0.24645884,-0.21876755,0.1945146,-0.09052414,0.1411374,-0.005528616
0.13221993,0.245552,0.21572842,-0.25662467,-0.31132373,0.26691502,0.2446427,0.19546081,0.1574779,0.14613788,0.049406208,0.20783433,-0.058144856,-0.06567486,0.14520577,-0.0100401845,0.011784741,-0.050705522,0.22906518,0.13014063,-0.0313132,-0.11705234,0.19174348,0.17411464,-0.19354255,-0.09275188,-0.2685827,-0.26345706,0.19767201,-0.10085271,0.1784328,-0.019040933
0.13904642,0.29105657,0.1792975,-0.26189125,-0.36711842,0.2053685,0.26196724,0.16570535,0.136002,0.12178537,0.16983293,0.21737811,-0.10785956,-0.07884117,0.14966878,0.052992303,0.087606,0.0024072875,0.17966966,0.15872192,-0.07540553,-0.10972517,0.2397632,0.16823056,-0.14805922,-0.07743641,-0.24810283,-0.21663299,0.19136728,-0.088805266,0.14181158,-0.0027973093
0.13540642,0.2839178,0.18601204,-0.26052094,-0.36183968,0.21555346,0.25751212,0.17544821,0.13929173,0.12934439,0.14999682,0.2125553,-0.102801524,-0.07676775,0.15148449,0.044023514,0.07930939,-0.005562757,0.1885243,0.15654293,-0.065946475,-0.11010357,0.23473461,0.16706695,-0.16236007,-0.07959956,-0.24922395,-0.22595131,0.19239612,-0.091121696,0.14792879,-0.0047786213
0.133165,0.27741137,0.19203687,-0.25352943,-0.36289385,0.22730698,0.2523781,0.18295158,0.14003,0.13375936,0.13172577,0.21027495,-0.09581385,-0.07061514,0.14888254,0.035100434,0.07086836,-0.014758855,0.19772515,0.15124178,-0.058599114,-0.11149124,0.231987,0.16675489,-0.17517085,-0.07823563,-0.25216624,-0.23323722,0.18900515,-0.09083164,0.15332995,-0.004596781
0.14075089,0.29605538,0.17370883,-0.26232806,-0.3718855,0.20008014,0.26281208,0.15827446,0.1341053,0.116746224,0.1814937,0.22129478,-0.11134464,-0.08036621,0.14937092,0.05873244,0.09226568,0.007376867,0.17448491,0.16154048,-0.08257852,-0.10800587,0.24115443,0.16822293,-0.13753045,-0.075445555,-0.24625945,-0.21088079,0.19129221,-0.087043524,0.13789551,-0.0016644939
0.13428771,0.28775108,0.18224208,-0.2562765,-0.37453592,0.21911295,0.2550341,0.17058374,0.13700733,0.12573269,0.15053241,0.21417148,-0.10257236,-0.07342957,0.14841513,0.045108546,0.07994325,-0.0077550663,0.18864875,0.15463217,-0.06925483,-0.11243597,0.23375979,0.16824847,-0.15720451,-0.0771906,-0.24990685,-0.22173667,0.18955915,-0.08957279,0.14885598,-0.004167745
0.1400641,0.29401714,0.1758187,-0.26188153,-0.37222782,0.20583741,0.25910878,0.16017601,0.13487867,0.11963953,0.1736228,0.22083835,-0.10943805,-0.07820492,0.15020049,0.054873087,0.08728787,0.0026329989,0.17877384,0.16070624,-0.07977498,-0.108337104,0.23737752,0.16797644,-0.14153239,-0.07608893,-0.24794815,-0.21443096,0.19200778,-0.08826704,0.14006624,-0.0026386979
0.1402955,0.2948749,0.17625482,-0.26434222,-0.3651524,0.19679217,0.2678371,0.16163915,0.13468914,0.117703,0.18276158,0.21772425,-0.11044226,-0.08263087,0.14674373,0.057433084,0.093637444,0.0091553405,0.17294818,0.15885167,-0.08054987,-0.10952587,0.24557774,0.16964865,-0.14190857,-0.07694894,-0.24494627,-0.21176901,0.19121808,-0.087614715,0.13826121,-0.0025919618
0.1278138,0.22582689,0.22778845,-0.24489003,-0.29253823,0.28005937,0.23671544,0.20968856,0.16080877,0.15304404,0.008537919,0.20211348,-0.039572474,-0.059315987,0.14268883,-0.031288624,-0.005796984,-0.06211998,0.2408771,0.12076068,-0.011837578,-0.11621477,0.1788089,0.170868,-0.21289994,-0.09412574,-0.27276006,-0.277456,0.1931161,-0.1007794,0.18828566,-0.019595122
0.13754915,0.274382,0.19482845,-0.2645469,-0.34516388,0.23119839,0.2503868,0.18030402,0.1449826,0.13475078,0.12260683,0.21361025,-0.091469705,-0.07619188,0.15317783,0.026881587,0.05946954,-0.018397607,0.20046404,0.1514599,-0.0560022,-0.10878388,0.21978486,0.16932185,-0.17319073,-0.0839403,-0.25505146,-0.23919466,0.19883318,-0.09663903,0.15701291,-0.008973764
0.1386624,0.28642407,0.1852278,-0.26452175,-0.3578694,0.21290444,0.2585908,0.16962716,0.13906698,0.12729181,0.15729326,0.21582888,-0.1045566,-0.07919623,0.15010059,0.04535861,0.07999711,-0.004291214,0.18572497,0.15773919,-0.070232674,-0.10887814,0.23516884,0.16804156,-0.1581682,-0.0800938,-0.24814318,-0.223782,0.19447595,-0.09215921,0.14560015,-0.005625414
0.13974541,0.2977153,0.17165057,-0.26383632,-0.36943313,0.18913516,0.26973718,0.15871577,0.13353215,0.11422539,0.19216637,0.22002864,-0.11359125,-0.08602821,0.1459696,0.06312193,0.100373946,0.01549052,0.16650392,0.16101548,-0.084962614,-0.109266706,0.24895716,0.170148,-0.1353875,-0.07580446,-0.24107765,-0.20630383,0.18962637,-0.085874945,0.13640541,-0.00046414282
0.13838011,0.2918726,0.1781161,-0.260864,-0.37039572,0.20682733,0.26046547,0.16556586,0.13598748,0.12149584,0.16868553,0.21781826,-0.10797927,-0.07854262,0.14860852,0.05250294,0.08785514,0.001783073,0.18007682,0.15846652,-0.07527429,-0.11018377,0.2386889,0.1682772,-0.14804761,-0.077200636,-0.24761976,-0.21610835,0.19075653,-0.088620216,0.14260189,-0.0027465995
0.13395818,0.25031954,0.21287426,-0.25460607,-0.32157257,0.25928974,0.24348499,0.19654506,0.15380359,0.1449573,0.062442157,0.20962675,-0.06423491,-0.06680507,0.14715664,-0.003871186,0.025016533,-0.042539775,0.22412418,0.13542126,-0.033023775,-0.11400626,0.19822998,0.17168325,-0.19487306,-0.08908317,-0.26677436,-0.26017055,0.19646338,-0.09849651,0.17551081,-0.01395186
0.13730344,0.27778107,0.19316004,-0.26310813,-0.34895888,0.22972724,0.25039008,0.17688626,0.14395185,0.13419627,0.1288057,0.21439873,-0.09568567,-0.07552729,0.15236956,0.030985167,0.06344946,-0.018480858,0.1980366,0.1533724,-0.05897306,-0.109570265,0.2226675,0.16802606,-0.17121321,-0.083392404,-0.25317022,-0.23552488,0.19759774,-0.09671556,0.1545104,-0.008894181
0.13844387,0.29686585,0.16994368,-0.26096156,-0.37563938,0.19016095,0.265418,0.15930952,0.13362856,0.11394026,0.18943372,0.22340666,-0.115741454,-0.08593698,0.14872539,0.06528748,0.101633094,0.01546714,0.1665635,0.16452645,-0.085077666,-0.108699314,0.24577174,0.1691804,-0.13405137,-0.07457189,-0.24043274,-0.20565602,0.18801102,-0.086123206,0.13773139,0.0018551516
0.13921592,0.29271105,0.17757246,-0.26315093,-0.36579904,0.19906197,0.26662123,0.16521224,0.13558942,0.119657084,0.17762607,0.21658874,-0.10924144,-0.08176827,0.1476909,0.05573401,0.09265356,0.00804628,0.17507054,0.15879534,-0.07784311,-0.110131346,0.24434853,0.16907682,-0.14532487,-0.07712427,-0.24546094,-0.2135171,0.19045432,-0.0878763,0.14047566,-0.0025058745
0.13885814,0.29505017,0.17471278,-0.262076,-0.37007043,0.19609144,0.26663733,0.16255757,0.13443437,0.11728865,0.18276073,0.21827307,-0.11078048,-0.08261197,0.14707762,0.058928363,0.09627831,0.010663129,0.17209156,0.159729,-0.08051021,-0.1102965,0.24564385,0.1694046,-0.14087878,-0.07616155,-0.24391551,-0.21008642,0.18959351,-0.08691477,0.13956146,-0.0013815549
0.13766614,0.30025053,0.16772535,-0.26195213,-0.37783143,0.18868393,0.2678627,0.15797663,0.13245349,0.112523295,0.19389446,0.2223485,-0.11498254,-0.0882575,0.14437322,0.065530494,0.10350416,0.016481306,0.16305417,0.16068844,-0.08562452,-0.10947313,0.24751158,0.17046027,-0.13271093,-0.07499262,-0.23886041,-0.20311949,0.18756613,-0.08556747,0.13643758,0.00116305
0.12135984,0.2128549,0.23429285,-0.20854011,-0.31713974,0.2944394,0.22774665,0.22479294,0.15384012,0.15596497,-0.017773231,0.19457105,-0.02588894,-0.039433733,0.118536204,-0.0394498,-0.0036207177,-0.0728363,0.25257772,0.106548004,-2.7993776e-05,-0.12758254,0.1833688,0.16896266,-0.23391603,-0.08176699,-0.27505916,-0.2749911,0.16705476,-0.086019285,0.20220464,-0.011051995
0.1331878,0.2932398,0.15995185,-0.2699366,-0.383262,0.1704753,0.27613425,0.15483968,0.12570243,0.10044429,0.19720758,0.22372624,-0.12047102,-0.09541015,0.15336274,0.07609913,0.106662534,0.028240528,0.15454127,0.16905549,-0.087435015,-0.107791066,0.26013222,0.16847531,-0.12299985,-0.07612043,-0.23251808,-0.21140954,0.17600128,-0.07877843,0.13034259,0.008636211
0.12596372,0.23637585,0.22125635,-0.22318646,-0.34291607,0.27375832,0.2370482,0.21425046,0.14836523,0.15020505,0.033963595,0.2017122,-0.049266092,-0.04947716,0.12812218,-0.013055787,0.025835969,-0.050850123,0.236358,0.12332004,-0.021153912,-0.12412226,0.20256928,0.1689021,-0.21627663,-0.07860319,-0.26924664,-0.2618426,0.17330499,-0.08599827,0.1890999,-0.0067922324
0.121724546,0.21446672,0.23355672,-0.20928633,-0.3190777,0.2933303,0.22829117,0.22416165,0.15348881,0.15556142,-0.014563184,0.19506818,-0.027376141,-0.039977133,0.119020544,-0.03781949,-0.0016607936,-0.07156207,0.25163105,0.10758372,-0.0013172779,-0.12747744,0.18463139,0.16902617,-0.23293744,-0.081490904,-0.2747799,-0.2741412,0.16738589,-0.08601888,0.20158347,-0.010726557
0.11516587,0.18367653,0.24585539,-0.19443977,-0.2808588,0.31177732,0.21764775,0.23367032,0.15889232,0.16097815,-0.07153052,0.1857375,-0.0026803862,-0.02959053,0.108798355,-0.0640264,-0.03782906,-0.09772944,0.26710325,0.08682926,0.018915446,-0.12813668,0.16407436,0.16639632,-0.2513825,-0.08669624,-0.27887484,-0.28742713,0.15967886,-0.08605561,0.20882289,-0.01544707
0.115184225,0.18370831,0.24585499,-0.19444862,-0.2808766,0.31176728,0.21765046,0.23365097,0.158893,0.16096707,-0.071504764,0.18574415,-0.0026900151,-0.029598905,0.10881238,-0.06401536,-0.037811607,-0.09772434,0.26710576,0.08684768,0.018909547,-0.12814787,0.16405866,0.16640083,-0.2513375,-0.08669955,-0.27889192,-0.28740796,0.15969817,-0.08606189,0.20882823,-0.015448316
0.11841613,0.20242639,0.23809472,-0.20026371,-0.3098459,0.3042966,0.22107206,0.22648229,0.15449941,0.15785044,-0.038474537,0.19130135,-0.019491464,-0.032376505,0.11401791,-0.046289988,-0.015610195,-0.08582395,0.25952807,0.09873787,0.0056713116,-0.12910019,0.17669292,0.16703258,-0.24187525,-0.082796484,-0.27701885,-0.2788812,0.16230562,-0.08599966,0.20423615,-0.0121237775
0.11865958,0.20366773,0.23751153,-0.20075965,-0.31144404,0.30363834,0.22145216,0.22601819,0.15428755,0.15764877,-0.036195263,0.19168758,-0.0205692,-0.03270128,0.11446408,-0.04518011,-0.0141972415,-0.08487185,0.25893906,0.0995822,0.004787737,-0.12908208,0.17755635,0.16705514,-0.24114528,-0.08255844,-0.27679986,-0.27829885,0.16258302,-0.08603077,0.20384665,-0.011966283
0.1151694,0.18368062,0.24585436,-0.19443834,-0.28086182,0.31177995,0.21764654,0.23366584,0.15889385,0.16097453,-0.07153028,0.1857399,-0.002680637,-0.029589271,0.108799875,-0.064027086,-0.03782992,-0.09772884,0.26710358,0.08682981,0.018915683,-0.12813702,0.16407089,0.16639718,-0.25137448,-0.086697094,-0.27887878,-0.28742468,0.15967974,-0.08605531,0.20882474,-0.015448384
0.11518855,0.18371287,0.24585417,-0.19444732,-0.28087854,0.3117698,0.21764904,0.23364699,0.15889467,0.16096298,-0.07150451,0.18574655,-0.00269061,-0.029597783,0.1088153,-0.064016216,-0.03781205,-0.09772325,0.26710573,0.086848766,0.018910255,-0.128148,0.16405475,0.1664018,-0.2513286,-0.086700626,-0.2788964,-0.28740558,0.1596998,-0.08606245,0.20883006,-0.015449373
0.141415,0.29386324,0.1759815,-0.26425678,-0.36647183,0.19785227,0.26524663,0.16093911,0.13455245,0.1180698,0.18202032,0.21961871,-0.110444024,-0.08124885,0.14879242,0.057912026,0.092393965,0.008281705,0.17419335,0.16026574,-0.08097621,-0.10891086,0.2434347,0.16882348,-0.14088935,-0.07651988,-0.2462401,-0.21180975,0.19146003,-0.087458976,0.1382505,-0.0019699428
0.14049315,0.2931203,0.17670947,-0.26260877,-0.36902115,0.2028739,0.26192683,0.16184059,0.13512309,0.11943231,0.17538287,0.21974048,-0.10949378,-0.07939723,0.14996357,0.055762764,0.08948317,0.004807345,0.17731416,0.1603997,-0.079243414,-0.10884333,0.23995589,0.16809212,-0.14284226,-0.07654483,-0.2475734,-0.21393712,0.19159628,-0.087967016,0.14009187,-0.002195812
0.1415607,0.29426366,0.17498702,-0.2636773,-0.36856413,0.19822177,0.26414552,0.16008961,0.1344278,0.117550455,0.18231732,0.22080123,-0.11090249,-0.08086775,0.14938754,0.0587837,0.09284592,0.008712212,0.17381336,0.16129236,-0.08196937,-0.108687796,0.2424034,0.16843896,-0.1391698,-0.07594896,-0.24630289,-0.21110128,0.19103873,-0.08724851,0.13833359,-0.0014749651
0.14157481,0.29428932,0.17492794,-0.2636952,-0.36857003,0.19808297,0.26421243,0.1600607,0.13440289,0.11749122,0.18250518,0.22081383,-0.110939376,-0.08090942,0.14937976,0.058874387,0.09295226,0.008835676,0.17372221,0.16131324,-0.08203783,-0.10868448,0.2424908,0.16844963,-0.13906719,-0.0759222,-0.24626131,-0.21101889,0.19101693,-0.08721969,0.13828988,-0.0014500329
0.14032862,0.29527983,0.1722285,-0.26592514,-0.36440256,0.18856466,0.27034044,0.15963173,0.1345839,0.11458558,0.19053058,0.22039767,-0.114202544,-0.08682965,0.14938886,0.063416354,0.09824948,0.01635454,0.16710518,0.16311918,-0.08628935,-0.107590415,0.24938765,0.17016445,-0.13571467,-0.075631976,-0.24131079,-0.20829037,0.1910715,-0.086303405,0.13583654,-7.7366836e-05
0.14146015,0.29447123,0.17471035,-0.26362276,-0.36878064,0.19771197,0.2644489,0.16005124,0.13423629,0.11733121,0.18298547,0.22067918,-0.11098373,-0.08098142,0.14932458,0.059053972,0.09316683,0.009168373,0.1735611,0.1612112,-0.08223192,-0.1087033,0.24273892,0.16854736,-0.13866587,-0.075836726,-0.24619326,-0.21089694,0.19098781,-0.087089196,0.13809402,-0.0014441583
0.13405119,0.27882108,0.18959138,-0.2501456,-0.37224215,0.23260738,0.24834372,0.17722057,0.13949199,0.13131179,0.13041812,0.21391807,-0.09613426,-0.06699648,0.14830531,0.036869664,0.07042809,-0.01742388,0.19857334,0.15199776,-0.06155777,-0.11279147,0.22843908,0.16619882,-0.17020176,-0.07675813,-0.25431743,-0.23025195,0.18652561,-0.090140335,0.15446739,-0.0041544274
0.135251,0.25693896,0.20821899,-0.2562145,-0.3296477,0.25557822,0.24584448,0.19042423,0.1522049,0.14140244,0.07658014,0.21133603,-0.0704064,-0.067524545,0.1436704,0.0035641543,0.030771578,-0.04054956,0.2202226,0.13634467,-0.04025371,-0.11607603,0.20408987,0.17403536,-0.18854366,-0.0879195,-0.26478723,-0.25341362,0.1955588,-0.09733459,0.17297171,-0.013460787
0.1387466,0.29073903,0.18045846,-0.26248726,-0.36512154,0.20620872,0.262103,0.16649684,0.13639693,0.12281187,0.16872719,0.21688055,-0.10742616,-0.07929736,0.14878623,0.05144302,0.08673281,0.0014468258,0.18015827,0.15793966,-0.074526474,-0.10984808,0.23968293,0.16853201,-0.15012667,-0.07814503,-0.24757275,-0.21757323,0.19168663,-0.08953047,0.14230192,-0.0035489984
0.13255762,0.27182674,0.19582461,-0.24794415,-0.36527184,0.23952936,0.24662489,0.18419796,0.14149073,0.13600293,0.11678903,0.21059169,-0.09098507,-0.0644366,0.14635296,0.029886108,0.063493565,-0.023846567,0.20495072,0.14815623,-0.055337608,-0.11411913,0.22697118,0.16642739,-0.1813683,-0.077961035,-0.25538254,-0.23674567,0.18529205,-0.09110036,0.1586195,-0.0053378083
0.1330599,0.27715376,0.1915774,-0.24992165,-0.37021497,0.2359619,0.24764735,0.17851187,0.14055946,0.13257755,0.1256605,0.21246633,-0.09485938,-0.06611438,0.1461936,0.034416124,0.06783637,-0.021214882,0.20065133,0.14960639,-0.05924233,-0.11440485,0.22747515,0.16725582,-0.17410438,-0.07831083,-0.2545869,-0.23154813,0.18604204,-0.09109137,0.15611118,-0.005118442
0.12760957,0.22437829,0.2284347,-0.24138711,-0.29461253,0.28121397,0.2363735,0.2115691,0.16014816,0.15353373,0.0071641346,0.20130207,-0.037990116,-0.05717225,0.13925971,-0.031914163,-0.006620934,-0.06300761,0.24241985,0.11856625,-0.011289723,-0.117385894,0.18069443,0.17144278,-0.21568051,-0.09232748,-0.27264473,-0.27744997,0.19064626,-0.0988975,0.18938698,-0.018742945
0.13635996,0.26031485,0.20572634,-0.2604059,-0.32894003,0.2512892,0.24707444,0.18724532,0.15223475,0.140173,0.08466983,0.2123686,-0.07400786,-0.070343114,0.14694488,0.00687442,0.033945676,-0.036997415,0.21656208,0.13929185,-0.042970616,-0.11402341,0.20555133,0.17370597,-0.18489465,-0.088881396,-0.2634569,-0.25168583,0.19840512,-0.098624,0.1693372,-0.013839785
0.13060465,0.26507154,0.201093,-0.24252264,-0.36284956,0.24867484,0.24349524,0.18998292,0.14344215,0.13993971,0.100171514,0.20871714,-0.084400445,-0.060331326,0.14171565,0.02214252,0.05655979,-0.03168129,0.21178578,0.14288762,-0.048532918,-0.11698159,0.22340173,0.16676253,-0.19193546,-0.07892883,-0.25733164,-0.2415127,0.1824357,-0.0907938,0.16444664,-0.0056315833
0.1288296,0.2552692,0.20729186,-0.23440269,-0.3596387,0.2605691,0.2391243,0.19640742,0.14500733,0.1441487,0.07834274,0.20668401,-0.07531298,-0.05385449,0.13696325,0.0127762,0.045897536,-0.041344646,0.22164056,0.13698836,-0.042020638,-0.119815536,0.21863614,0.16638045,-0.20264272,-0.078052625,-0.26033834,-0.24840638,0.17836018,-0.08959487,0.17132078,-0.0060522915
0.12899046,0.2551173,0.20770334,-0.23504746,-0.35815957,0.2607279,0.23928042,0.19634984,0.14491776,0.14430411,0.07761168,0.20659181,-0.07506893,-0.053997945,0.13745578,0.012310644,0.044581946,-0.04182752,0.22229113,0.13703188,-0.041990355,-0.12021139,0.21785063,0.16647443,-0.20157935,-0.07808506,-0.26085854,-0.24891427,0.17903814,-0.09005215,0.17157207,-0.0066918824
0.13269956,0.27220017,0.1955002,-0.24702309,-0.36795577,0.24353318,0.24508072,0.18084134,0.14145814,0.1357662,0.114537425,0.21202296,-0.09044284,-0.06262979,0.14375299,0.029500553,0.06091172,-0.027212935,0.20699021,0.14737101,-0.05730714,-0.11631454,0.2244488,0.16739777,-0.17884758,-0.07796847,-0.25640053,-0.23538649,0.18462007,-0.09089206,0.16002904,-0.0063869557
0.13504611,0.2840507,0.18509942,-0.25332874,-0.37599042,0.22957806,0.24885905,0.1697653,0.1386541,0.12802857,0.13973196,0.21630771,-0.1000859,-0.0687795,0.14816234,0.041274328,0.07329936,-0.015491779,0.19469073,0.15392508,-0.06681084,-0.11311568,0.22777948,0.16718923,-0.16107613,-0.077386126,-0.25327125,-0.22472245,0.18793243,-0.09045223,0.15189105,-0.00491706
0.14105815,0.29564583,0.17331348,-0.26314366,-0.37050027,0.19812718,0.26348764,0.15877044,0.13450901,0.11660607,0.1836464,0.22178663,-0.11199928,-0.08147618,0.14920056,0.05934586,0.093129486,0.009142235,0.17349173,0.16220538,-0.08326235,-0.107959256,0.24232177,0.16872577,-0.13707596,-0.075410426,-0.24529281,-0.21009907,0.19103749,-0.087108,0.13737012,-0.0015541139
0.1391176,0.289782,0.16605425,-0.27654213,-0.3680437,0.1794927,0.2752621,0.15409043,0.12968908,0.10644458,0.19160122,0.22242035,-0.11512602,-0.09133077,0.15516405,0.067829296,0.09621094,0.021747356,0.16411597,0.1690108,-0.08705079,-0.10534544,0.2564231,0.16720836,-0.12803936,-0.07821213,-0.23702776,-0.21800771,0.1830037,-0.08015065,0.13065574,0.0033845692
0.14163284,0.29577795,0.17493282,-0.26414603,-0.36967847,0.2027687,0.26056665,0.15692382,0.13460176,0.11814113,0.17983046,0.2224524,-0.11102027,-0.079953454,0.14800523,0.056113396,0.08856937,0.0038494545,0.1764364,0.16059752,-0.082098596,-0.10798758,0.23932888,0.16899846,-0.13937555,-0.07653688,-0.24669318,-0.2123388,0.19264351,-0.088326216,0.13762288,-0.0030213224
0.1290162,0.25668317,0.20887001,-0.24069326,-0.35092112,0.24620834,0.24700117,0.20309576,0.14486875,0.14544737,0.089876845,0.20370305,-0.0763787,-0.061952315,0.14102557,0.013730216,0.054257683,-0.028756961,0.21522395,0.14038284,-0.039977238,-0.11383525,0.2251727,0.1664854,-0.20447227,-0.079003826,-0.25741044,-0.24997628,0.18177539,-0.08844955,0.16723277,-0.004021303
0.122674614,0.22335579,0.23048444,-0.2189511,-0.32473838,0.27807036,0.23430362,0.22502646,0.15081654,0.15662012,0.015622959,0.19476046,-0.042164396,-0.046666455,0.12862548,-0.023021588,0.016712924,-0.05734995,0.24223225,0.11844067,-0.010933968,-0.11930795,0.20102984,0.16594782,-0.23451774,-0.07998391,-0.26800954,-0.2727852,0.17177284,-0.08715134,0.18933138,-0.0065336386
0.1278084,0.24800155,0.21577881,-0.23584941,-0.3422734,0.2538736,0.24506621,0.2104686,0.14667678,0.14926024,0.07082676,0.20092238,-0.067382514,-0.05867991,0.13825957,0.0036953227,0.044235885,-0.035863888,0.22286771,0.1348984,-0.031667586,-0.11465757,0.22005095,0.1665032,-0.21386471,-0.079312384,-0.26053503,-0.25755262,0.17998493,-0.08822155,0.17285894,-0.0046432423
0.13072555,0.26540396,0.19973058,-0.24042693,-0.36818114,0.24657361,0.24385904,0.19038054,0.1407539,0.13976009,0.102819555,0.2091089,-0.08440002,-0.058880694,0.14420173,0.024764162,0.059437405,-0.027215125,0.2120443,0.1460795,-0.052762907,-0.11770026,0.2246825,0.16522202,-0.18571939,-0.07567386,-0.257879,-0.24025616,0.18113284,-0.08848253,0.1642127,-0.0050523607
