user_id,phone_id,rating
1,15,4
1,2,5
1,3,5
1,7,5
1,14,4
1,8,4
1,4,5
1,12,5
1,1,5
1,51,4
2,5,5
2,11,4
2,1,5
2,3,5
2,9,4
2,13,5
2,6,4
2,12,4
2,36,1
2,62,5
3,1,5
3,11,5
3,9,5
3,6,5
3,13,4
3,46,1
3,59,4
3,49,2
3,50,3
3,16,5
4,11,4
4,14,4
4,10,5
4,13,4
4,6,4
4,7,5
4,3,4
4,9,5
4,2,5
4,5,5
5,14,4
5,7,4
5,8,4
5,6,5
5,5,4
5,9,5
5,1,5
5,13,4
5,55,2
5,86,2
6,6,5
6,10,4
6,3,5
6,1,5
6,4,4
6,9,4
6,15,5
6,8,5
6,14,4
6,2,4
7,12,4
7,4,4
7,9,4
7,5,4
7,10,4
7,13,4
7,6,5
7,14,4
7,7,4
7,2,4
8,12,5
8,11,5
8,13,5
8,10,4
8,9,5
8,14,4
8,56,4
8,75,2
8,26,1
8,31,1
9,14,5
9,5,5
9,1,4
9,3,4
9,8,5
9,89,5
9,84,5
9,50,1
9,69,1
9,64,5
10,5,4
10,14,5
10,8,5
10,7,5
10,9,4
10,6,4
10,15,4
10,2,5
10,43,3
10,65,4
11,6,4
11,1,5
11,5,5
11,10,5
11,4,4
11,15,5
11,12,4
11,13,5
11,71,2
11,41,5
12,8,5
12,12,5
12,5,5
12,7,5
12,2,4
12,14,4
12,93,3
12,50,3
12,31,4
12,45,4
13,4,5
13,2,5
13,14,5
13,7,5
13,3,5
13,15,5
13,5,5
13,10,5
13,6,5
13,1,5
14,7,4
14,8,4
14,4,4
14,11,4
14,10,5
14,46,1
14,77,5
14,69,5
14,81,2
14,37,1
15,9,5
15,12,5
15,3,5
15,6,4
15,15,4
15,83,2
15,22,2
15,53,5
15,24,1
15,32,2
16,12,4
16,10,4
16,3,5
16,11,4
16,1,4
16,15,5
16,2,4
16,6,4
16,14,5
16,44,4
17,3,5
17,12,4
17,4,4
17,6,5
17,1,4
17,15,5
17,7,4
17,2,5
17,5,5
17,11,5
18,9,5
18,8,4
18,12,4
18,3,4
18,6,5
18,7,4
18,2,5
18,1,4
18,41,2
18,81,3
19,11,5
19,6,4
19,2,4
19,4,5
19,8,5
19,13,4
19,10,4
19,9,4
19,93,3
19,65,1
20,7,5
20,3,5
20,4,4
20,15,5
20,6,5
20,41,2
20,22,2
20,88,2
20,30,5
20,34,4
21,6,4
21,12,5
21,8,4
21,5,4
21,2,5
21,3,4
21,9,5
21,80,3
21,75,4
21,33,4
22,12,4
22,14,4
22,9,5
22,15,5
22,8,5
22,10,4
22,3,5
22,13,4
22,2,5
22,6,5
23,9,5
23,14,5
23,12,5
23,6,5
23,7,5
23,1,4
23,3,4
23,15,5
23,5,5
23,79,4
24,9,4
24,6,5
24,10,4
24,13,5
24,8,4
24,5,4
24,3,5
24,7,4
24,33,1
24,30,2
25,3,4
25,4,5
25,11,5
25,5,4
25,7,4
25,1,5
25,2,5
25,6,5
25,94,3
25,30,5
26,3,5
26,1,4
26,8,5
26,15,4
26,12,4
26,6,4
26,7,5
26,5,4
26,2,5
26,11,4
27,13,5
27,7,4
27,11,5
27,15,5
27,5,4
27,8,5
27,14,5
27,12,4
27,3,5
27,1,5
28,9,4
28,3,4
28,6,5
28,8,4
28,12,5
28,14,4
28,15,4
28,2,5
28,11,5
28,10,4
29,10,5
29,13,4
29,9,4
29,7,5
29,6,5
29,5,5
29,89,4
29,62,2
29,46,5
29,93,5
30,5,4
30,10,5
30,13,5
30,12,4
30,11,4
30,14,4
30,7,5
30,63,2
30,89,5
30,31,3
31,10,4
31,13,4
31,8,5
31,1,4
31,14,5
31,5,5
31,2,5
31,6,5
31,4,5
31,11,5
32,9,4
32,12,4
32,3,4
32,2,5
32,1,5
32,4,4
32,10,4
32,11,5
32,13,5
32,83,1
33,12,4
33,1,5
33,4,4
33,11,4
33,15,4
33,10,5
33,7,4
33,8,4
33,14,5
33,13,5
34,2,4
34,6,5
34,8,4
34,13,5
34,9,5
34,87,1
34,60,5
34,20,5
34,21,2
34,49,5
35,1,4
35,15,5
35,14,4
35,4,4
35,11,5
35,13,4
35,68,1
35,17,3
35,61,4
35,33,4
36,4,4
36,12,5
36,3,4
36,1,5
36,2,5
36,10,4
36,15,5
36,38,1
36,68,2
36,30,4
37,12,5
37,13,4
37,6,4
37,11,4
37,10,4
37,14,5
37,15,4
37,7,5
37,4,5
37,94,5
38,15,4
38,3,5
38,9,4
38,14,4
38,11,5
38,4,5
38,12,4
38,13,5
38,7,4
38,83,5
39,3,5
39,8,4
39,2,4
39,12,5
39,4,4
39,13,5
39,1,5
39,67,3
39,51,4
39,58,1
40,7,4
40,6,4
40,10,5
40,4,5
40,12,4
40,15,5
40,13,4
40,14,4
40,5,4
40,35,4
41,8,4
41,5,4
41,12,4
41,4,4
41,1,4
41,55,3
41,57,5
41,87,3
41,21,4
41,92,3
42,3,4
42,13,4
42,7,5
42,14,5
42,11,5
42,4,4
42,12,5
42,10,4
42,8,5
42,15,5
43,12,4
43,7,4
43,9,4
43,1,4
43,10,5
43,2,4
43,15,5
43,67,5
43,36,1
43,22,2
44,4,5
44,9,5
44,8,5
44,13,5
44,7,5
44,3,5
44,10,5
44,57,1
44,43,2
44,16,1
45,6,5
45,5,5
45,4,5
45,3,5
45,15,5
45,11,4
45,10,4
45,2,5
45,58,3
45,17,2
46,11,4
46,14,5
46,3,4
46,6,4
46,4,4
46,2,5
46,10,5
46,1,5
46,42,5
46,49,2
47,2,4
47,10,4
47,3,5
47,6,4
47,5,5
47,8,4
47,4,5
47,12,5
47,49,5
47,74,5
48,7,4
48,9,5
48,10,4
48,13,4
48,1,5
48,3,4
48,6,4
48,42,1
48,93,4
48,92,5
49,2,4
49,6,4
49,3,4
49,10,4
49,9,4
49,5,5
49,11,5
49,13,5
49,4,4
49,14,4
50,2,5
50,12,5
50,6,5
50,7,4
50,1,5
50,10,4
50,11,5
50,9,4
50,15,5
50,86,2
51,17,5
51,16,5
51,19,4
51,18,4
51,48,1
51,74,3
51,75,4
51,21,3
51,52,5
51,61,1
52,19,5
52,17,5
52,16,5
52,18,4
52,88,1
52,47,1
52,30,3
52,40,2
52,54,3
52,72,1
53,17,4
53,16,4
53,19,4
53,18,4
53,44,3
53,47,5
53,73,4
53,55,4
53,22,5
53,88,1
54,17,4
54,19,5
54,16,4
54,18,5
54,4,1
54,89,5
54,74,1
54,39,5
54,23,3
54,12,4
55,18,5
55,17,5
55,16,4
55,19,4
55,10,2
55,60,1
55,50,5
55,46,1
55,65,4
55,42,3
56,17,5
56,16,5
56,19,4
56,18,5
56,84,2
56,88,4
56,65,3
56,72,5
56,55,4
56,43,2
57,18,5
57,17,5
57,16,5
57,19,5
57,8,3
57,10,2
57,26,4
57,2,1
57,14,5
57,95,3
58,17,5
58,19,5
58,18,4
58,16,5
58,66,1
58,69,1
58,52,5
58,12,5
58,21,5
58,91,3
59,18,5
59,19,5
59,16,5
59,17,4
59,23,1
59,87,5
59,3,2
59,55,3
59,22,1
59,51,4
60,17,4
60,19,4
60,16,5
60,18,5
60,50,4
60,4,3
60,33,4
60,25,1
60,56,3
60,55,5
61,17,5
61,19,4
61,18,5
61,16,4
61,46,1
61,52,4
61,95,1
61,67,5
61,6,4
61,25,1
62,18,4
62,16,4
62,19,4
62,17,4
62,90,4
62,71,2
62,50,3
62,15,1
62,67,4
62,57,3
63,17,4
63,18,4
63,19,5
63,16,5
63,62,3
63,2,1
63,51,1
63,33,1
63,11,1
63,73,5
64,19,5
64,18,4
64,17,4
64,16,4
64,83,5
64,10,4
64,6,3
64,37,2
64,42,5
64,7,2
65,16,4
65,18,4
65,17,5
65,19,4
65,78,5
65,42,4
65,40,1
65,21,5
65,84,3
65,80,1
66,19,4
66,16,4
66,18,5
66,17,4
66,5,3
66,61,4
66,29,3
66,20,1
66,50,5
66,57,3
67,17,4
67,18,5
67,19,4
67,16,4
67,66,3
67,72,4
67,26,3
67,15,2
67,95,2
67,65,4
68,19,4
68,17,4
68,16,4
68,18,5
68,33,3
68,55,1
68,13,1
68,14,1
68,15,1
68,36,1
69,18,5
69,17,5
69,19,5
69,16,4
69,90,1
69,89,5
69,39,3
69,20,1
69,32,1
69,69,2
70,18,5
70,16,4
70,19,5
70,17,5
70,95,3
70,85,4
70,78,5
70,25,4
70,59,4
70,73,4
71,18,5
71,17,5
71,16,4
71,19,5
71,50,4
71,80,4
71,93,5
71,87,3
71,59,3
71,28,5
72,19,5
72,17,4
72,18,5
72,16,4
72,25,1
72,11,3
72,62,3
72,29,2
72,30,3
72,10,5
73,19,4
73,17,4
73,16,4
73,18,5
73,54,5
73,94,3
73,20,3
73,68,2
73,57,3
73,43,2
74,16,4
74,18,5
74,17,4
74,19,5
74,72,3
74,13,3
74,14,2
74,35,3
74,56,4
74,85,3
75,18,5
75,16,5
75,17,4
75,19,4
75,42,1
75,30,1
75,75,1
75,94,5
75,48,3
75,43,1
76,18,5
76,19,5
76,17,4
76,16,4
76,70,3
76,43,1
76,86,3
76,72,4
76,58,2
76,24,1
77,19,4
77,16,5
77,17,5
77,18,5
77,84,2
77,29,1
77,42,4
77,59,2
77,86,1
77,52,5
78,17,5
78,18,5
78,19,5
78,16,4
78,55,5
78,67,2
78,70,3
78,49,3
78,69,3
78,61,5
79,16,4
79,19,5
79,18,4
79,17,5
79,25,3
79,31,1
79,20,5
79,65,5
79,95,3
79,28,3
80,19,5
80,16,4
80,17,5
80,18,5
80,20,3
80,47,4
80,61,2
80,90,3
80,31,1
80,74,4
81,16,5
81,19,4
81,17,4
81,18,4
81,76,3
81,89,3
81,86,4
81,1,4
81,6,3
81,65,5
82,19,4
82,18,5
82,17,4
82,16,4
82,92,3
82,33,5
82,23,2
82,12,4
82,26,2
82,44,1
83,18,5
83,16,5
83,17,5
83,19,4
83,62,3
83,68,5
83,15,5
83,91,1
83,84,5
83,67,4
84,16,4
84,17,4
84,18,5
84,19,5
84,15,4
84,65,4
84,20,4
84,47,2
84,94,3
84,90,3
85,18,4
85,16,5
85,17,5
85,19,4
85,83,2
85,75,1
85,76,4
85,74,3
85,73,4
85,10,5
86,17,4
86,16,4
86,18,4
86,19,5
86,58,2
86,25,4
86,74,1
86,27,2
86,8,4
86,59,3
87,18,5
87,16,4
87,19,4
87,17,5
87,25,4
87,10,5
87,7,5
87,65,5
87,60,1
87,55,3
88,17,4
88,18,4
88,19,4
88,16,4
88,15,4
88,22,1
88,91,3
88,7,3
88,23,3
88,65,5
89,16,5
89,19,5
89,17,5
89,18,5
89,5,2
89,60,4
89,90,1
89,75,4
89,1,4
89,10,2
90,16,5
90,19,5
90,17,4
90,18,5
90,93,5
90,35,2
90,83,3
90,44,2
90,69,3
90,82,3
91,16,4
91,17,4
91,19,5
91,18,5
91,4,4
91,22,3
91,93,4
91,31,4
91,56,5
91,39,1
92,16,4
92,19,5
92,17,4
92,18,4
92,22,3
92,69,4
92,27,1
92,4,4
92,34,5
92,7,2
93,18,5
93,19,4
93,16,5
93,17,4
93,9,4
93,54,2
93,12,3
93,42,5
93,89,2
93,90,1
94,18,5
94,16,4
94,19,5
94,17,5
94,10,2
94,70,2
94,44,2
94,94,3
94,52,5
94,6,2
95,19,4
95,16,5
95,17,5
95,18,4
95,8,1
95,27,3
95,95,2
95,14,1
95,36,1
95,10,2
96,16,5
96,17,5
96,18,4
96,19,5
96,94,5
96,3,4
96,80,1
96,5,5
96,24,3
96,42,1
97,18,5
97,17,4
97,19,4
97,16,5
97,29,2
97,54,5
97,59,5
97,77,2
97,86,4
97,87,4
98,19,5
98,17,5
98,16,5
98,18,5
98,53,3
98,60,1
98,61,1
98,86,3
98,62,1
98,24,5
99,17,4
99,18,5
99,16,5
99,19,5
99,46,2
99,39,3
99,6,3
99,93,3
99,23,2
99,45,5
100,18,5
100,16,4
100,17,4
100,19,5
100,21,5
100,78,2
100,70,4
100,26,2
100,40,5
100,45,1
101,27,5
101,26,5
101,25,4
101,21,4
101,28,4
101,24,5
101,22,4
101,37,4
101,76,1
101,66,3
102,24,4
102,21,4
102,22,4
102,25,5
102,27,4
102,90,5
102,68,3
102,54,3
102,63,3
102,18,2
103,22,4
103,28,4
103,25,5
103,20,4
103,23,5
103,2,2
103,83,4
103,68,5
103,51,3
103,29,4
104,24,4
104,28,4
104,21,5
104,25,4
104,22,4
104,27,4
104,23,4
104,26,5
104,20,5
104,16,3
105,28,4
105,23,4
105,26,5
105,25,5
105,21,4
105,88,1
105,69,2
105,72,5
105,12,5
105,95,1
106,27,5
106,21,5
106,23,4
106,22,5
106,26,5
106,25,5
106,28,4
106,20,4
106,34,1
106,6,1
107,22,5
107,26,4
107,28,4
107,21,5
107,25,5
107,20,5
107,24,5
107,23,4
107,27,5
107,2,4
108,23,4
108,25,5
108,21,4
108,22,5
108,20,4
108,28,5
108,26,5
108,80,3
108,53,5
108,13,1
109,24,4
109,27,4
109,21,4
109,20,4
109,23,5
109,26,5
109,22,5
109,25,5
109,39,2
109,59,3
110,26,5
110,23,5
110,25,4
110,22,5
110,27,4
110,24,5
110,49,4
110,9,5
110,37,5
110,70,1
111,21,5
111,26,5
111,27,5
111,24,5
111,25,4
111,22,5
111,39,2
111,1,1
111,15,2
111,71,5
112,24,5
112,22,4
112,26,4
112,28,4
112,20,5
112,25,4
112,21,5
112,23,5
112,69,4
112,72,4
113,25,4
113,27,4
113,23,5
113,24,5
113,28,5
113,22,5
113,26,5
113,91,5
113,45,1
113,55,3
114,23,5
114,21,4
114,22,5
114,27,5
114,28,4
114,24,5
114,20,5
114,25,4
114,46,2
114,6,3
115,28,5
115,20,4
115,25,5
115,26,4
115,22,5
115,24,4
115,23,5
115,21,4
115,27,5
115,64,5
116,20,4
116,23,5
116,22,5
116,27,4
116,28,5
116,24,4
116,25,4
116,4,5
116,29,3
116,61,4
117,22,4
117,25,4
117,26,5
117,23,4
117,24,5
117,28,5
117,21,4
117,20,5
117,52,4
117,15,1
118,28,4
118,25,5
118,22,4
118,27,5
118,20,4
118,26,4
118,24,4
118,23,5
118,90,3
118,62,2
119,28,4
119,24,5
119,23,4
119,21,5
119,22,5
119,25,5
119,26,4
119,27,5
119,20,5
119,31,2
120,20,4
120,25,4
120,27,5
120,24,4
120,26,4
120,28,5
120,23,5
120,22,5
120,49,5
120,13,3
121,25,4
121,26,5
121,28,4
121,22,5
121,20,4
121,23,5
121,24,5
121,27,5
121,21,5
121,88,4
122,27,5
122,20,4
122,24,5
122,22,4
122,21,4
122,25,5
122,23,5
122,26,4
122,11,5
122,57,2
123,28,5
123,27,4
123,20,5
123,26,5
123,24,5
123,22,5
123,23,4
123,25,4
123,56,2
123,91,4
124,21,4
124,24,5
124,22,4
124,20,5
124,23,4
124,25,4
124,26,4
124,52,1
124,48,1
124,49,1
125,25,4
125,27,4
125,22,4
125,24,4
125,20,4
125,37,1
125,57,1
125,69,5
125,5,1
125,53,3
126,25,5
126,26,4
126,24,4
126,27,5
126,28,5
126,23,4
126,48,4
126,69,3
126,86,3
126,7,5
127,22,4
127,21,4
127,20,4
127,26,4
127,25,4
127,28,4
127,24,4
127,23,4
127,27,4
127,77,5
128,28,5
128,24,5
128,26,5
128,22,4
128,27,4
128,23,5
128,21,4
128,25,5
128,20,4
128,7,5
129,22,5
129,26,4
129,28,4
129,21,4
129,23,5
129,2,1
129,82,5
129,66,3
129,54,4
129,76,3
130,20,5
130,25,5
130,28,4
130,27,4
130,24,5
130,26,5
130,22,5
130,23,5
130,82,2
130,29,1
131,23,5
131,24,5
131,20,5
131,28,4
131,25,4
131,22,4
131,83,5
131,96,4
131,82,5
131,53,3
132,25,4
132,26,5
132,23,5
132,21,5
132,22,5
132,27,4
132,20,4
132,24,4
132,28,5
132,41,3
133,28,5
133,21,5
133,20,5
133,25,4
133,24,4
133,22,4
133,26,5
133,27,4
133,23,5
133,19,5
134,26,4
134,23,4
134,20,4
134,25,5
134,24,4
134,41,3
134,38,2
134,8,5
134,2,4
134,30,5
135,21,5
135,25,4
135,28,4
135,20,4
135,24,4
135,27,4
135,56,4
135,44,2
135,68,5
135,41,4
136,28,4
136,21,4
136,26,4
136,20,5
136,23,5
136,19,2
136,52,5
136,10,2
136,73,4
136,85,5
137,21,4
137,20,5
137,23,4
137,22,4
137,27,5
137,24,5
137,28,4
137,64,4
137,37,2
137,81,3
138,24,4
138,27,4
138,25,5
138,20,5
138,28,5
138,26,4
138,23,4
138,6,5
138,69,3
138,29,3
139,26,4
139,22,5
139,20,4
139,27,4
139,21,4
139,84,2
139,9,3
139,62,1
139,73,2
139,78,5
140,22,5
140,24,5
140,28,4
140,21,5
140,25,5
140,27,5
140,23,4
140,20,5
140,48,3
140,65,4
141,21,5
141,25,5
141,24,5
141,27,4
141,23,5
141,76,5
141,77,5
141,33,5
141,65,2
141,62,3
142,22,5
142,24,4
142,25,4
142,21,5
142,27,4
142,28,5
142,74,4
142,1,5
142,58,1
142,72,1
143,24,4
143,20,4
143,26,4
143,28,5
143,25,5
143,2,5
143,7,5
143,75,2
143,70,2
143,68,3
144,26,5
144,20,4
144,24,5
144,22,4
144,28,4
144,23,4
144,88,4
144,54,2
144,39,2
144,32,4
145,24,5
145,25,4
145,22,4
145,23,4
145,20,4
145,26,5
145,21,5
145,28,5
145,78,1
145,73,5
146,20,4
146,24,5
146,26,5
146,27,5
146,23,4
146,22,5
146,28,4
146,21,4
146,3,3
146,41,2
147,25,5
147,24,5
147,23,5
147,28,4
147,21,4
147,22,4
147,26,4
147,20,5
147,27,5
147,11,5
148,27,5
148,20,4
148,26,5
148,21,5
148,28,4
148,58,5
148,19,5
148,53,1
148,7,5
148,37,3
149,23,5
149,22,5
149,26,4
149,21,5
149,28,5
149,71,1
149,73,3
149,79,4
149,12,3
149,63,2
150,23,5
150,22,5
150,25,5
150,21,4
150,26,5
150,28,4
150,27,4
150,20,5
150,24,5
150,10,5
151,35,5
151,37,4
151,29,5
151,38,5
151,34,5
151,33,4
151,39,4
151,36,4
151,31,5
151,86,5
152,30,4
152,37,5
152,38,5
152,33,4
152,34,4
152,35,5
152,36,5
152,8,2
152,56,3
152,68,5
153,38,4
153,29,5
153,36,5
153,39,5
153,35,5
153,33,4
153,34,5
153,86,4
153,44,3
153,53,4
154,32,5
154,37,4
154,40,4
154,31,4
154,35,5
154,34,4
154,38,4
154,36,4
154,25,3
154,69,5
155,30,5
155,32,5
155,38,5
155,39,5
155,33,5
155,31,4
155,34,4
155,35,5
155,57,1
155,84,5
156,36,5
156,30,5
156,35,4
156,34,4
156,29,4
156,32,5
156,31,5
156,38,4
156,37,5
156,39,4
157,39,4
157,34,4
157,32,4
157,33,4
157,30,4
157,31,4
157,37,5
157,35,5
157,4,1
157,77,3
158,31,5
158,30,4
158,40,5
158,34,4
158,38,5
158,59,1
158,91,2
158,76,3
158,46,1
158,80,4
159,38,4
159,30,5
159,29,5
159,37,5
159,35,4
159,31,5
159,34,5
159,36,4
159,40,4
159,32,5
160,35,4
160,31,5
160,34,5
160,36,5
160,29,5
160,81,4
160,42,5
160,65,4
160,89,4
160,95,5
161,32,5
161,29,4
161,37,4
161,33,5
161,35,5
161,36,5
161,39,5
161,34,5
161,38,5
161,40,5
162,38,5
162,31,5
162,37,5
162,29,4
162,40,5
162,30,4
162,33,5
162,89,5
162,84,5
162,20,4
163,36,5
163,29,4
163,39,4
163,30,4
163,34,4
163,37,4
163,38,4
163,32,5
163,33,4
163,31,4
164,30,5
164,32,5
164,33,5
164,31,5
164,29,4
164,38,5
164,14,5
164,77,5
164,85,1
164,82,3
165,36,4
165,33,4
165,34,4
165,39,4
165,40,4
165,38,4
165,29,5
165,46,1
165,86,3
165,21,1
166,37,5
166,29,5
166,39,4
166,30,5
166,35,4
166,40,4
166,31,4
166,38,4
166,32,5
166,3,3
167,32,5
167,39,4
167,34,4
167,35,5
167,31,4
167,45,1
167,81,5
167,96,4
167,10,4
167,7,3
168,36,5
168,32,5
168,30,4
168,34,4
168,37,4
168,40,4
168,33,4
168,47,3
168,69,2
168,74,1
169,34,4
169,35,4
169,31,5
169,40,5
169,38,5
169,29,5
169,60,3
169,42,2
169,19,1
169,58,3
170,30,5
170,35,4
170,29,4
170,31,5
170,39,5
170,40,5
170,32,5
170,37,5
170,33,4
170,94,2
171,29,4
171,40,4
171,30,5
171,35,5
171,37,5
171,32,5
171,33,4
171,38,5
171,23,4
171,72,5
172,39,4
172,30,5
172,34,5
172,37,5
172,38,5
172,33,5
172,35,4
172,32,4
172,40,4
172,36,4
173,40,5
173,33,4
173,36,5
173,38,4
173,30,4
173,39,4
173,89,1
173,73,3
173,76,1
173,62,1
174,36,4
174,40,4
174,32,5
174,37,4
174,31,4
174,33,4
174,38,5
174,34,4
174,13,1
174,58,4
175,33,5
175,40,5
175,36,5
175,32,4
175,39,4
175,35,5
175,37,4
175,34,5
175,16,3
175,8,2
176,31,4
176,38,5
176,35,5
176,30,4
176,29,5
176,33,5
176,37,5
176,40,4
176,36,5
176,23,3
177,35,5
177,31,4
177,36,4
177,39,5
177,32,4
177,38,5
177,29,4
177,37,4
177,70,2
177,44,4
178,31,4
178,38,5
178,33,4
178,30,4
178,36,4
178,82,3
178,78,1
178,70,3
178,41,2
178,83,1
179,31,5
179,39,4
179,35,5
179,32,5
179,36,4
179,44,5
179,65,3
179,46,2
179,92,3
179,1,2
180,36,5
180,32,5
180,37,5
180,30,4
180,34,4
180,92,1
180,58,1
180,96,1
180,64,4
180,61,5
181,40,4
181,38,5
181,36,4
181,35,4
181,39,5
181,1,3
181,49,2
181,58,4
181,68,3
181,21,2
182,30,4
182,29,4
182,36,5
182,37,5
182,33,5
182,39,5
182,40,4
182,35,5
182,42,4
182,50,3
183,30,5
183,32,4
183,29,5
183,39,4
183,38,5
183,5,4
183,48,3
183,22,1
183,42,5
183,3,5
184,40,5
184,29,5
184,33,5
184,34,4
184,31,4
184,32,4
184,95,5
184,91,5
184,5,3
184,96,4
185,30,4
185,35,5
185,29,5
185,34,5
185,38,4
185,32,4
185,15,2
185,50,1
185,4,5
185,90,5
186,29,4
186,36,4
186,32,5
186,30,5
186,34,4
186,68,5
186,17,1
186,4,3
186,71,3
186,79,4
187,39,5
187,35,5
187,29,4
187,40,4
187,30,4
187,38,5
187,37,4
187,34,5
187,23,2
187,58,5
188,34,5
188,29,4
188,35,5
188,31,5
188,37,5
188,40,5
188,33,5
188,32,5
188,38,4
188,30,5
189,34,5
189,31,5
189,36,4
189,39,4
189,35,5
189,37,4
189,40,5
189,38,4
189,30,4
189,33,5
190,38,4
190,34,5
190,33,4
190,35,5
190,30,5
190,40,5
190,36,4
190,29,5
190,50,1
190,2,5
191,39,4
191,32,5
191,35,4
191,31,5
191,40,5
191,86,4
191,75,2
191,15,3
191,80,4
191,4,4
192,29,4
192,37,5
192,40,4
192,36,4
192,30,5
192,38,5
192,34,5
192,75,4
192,95,2
192,57,5
193,40,4
193,35,5
193,34,5
193,31,4
193,30,5
193,32,5
193,51,1
193,23,1
193,61,5
193,80,4
194,38,4
194,37,4
194,35,4
194,33,5
194,30,5
194,39,4
194,32,5
194,52,5
194,92,1
194,53,5
195,40,5
195,36,4
195,34,5
195,31,5
195,29,5
195,70,2
195,20,2
195,65,4
195,74,2
195,44,5
196,40,5
196,32,4
196,37,4
196,29,4
196,31,5
196,35,4
196,30,4
196,36,5
196,5,4
196,56,4
197,38,4
197,34,5
197,39,5
197,29,4
197,32,5
197,30,4
197,40,4
197,37,4
197,35,5
197,36,5
198,29,4
198,39,4
198,36,4
198,33,5
198,40,4
198,32,4
198,54,1
198,27,1
198,84,2
198,92,3
199,32,4
199,29,4
199,39,4
199,38,5
199,34,5
199,37,5
199,31,4
199,67,4
199,15,1
199,19,5
200,31,5
200,32,5
200,39,4
200,29,4
200,38,4
200,34,4
200,33,5
200,30,4
200,47,5
200,25,4
201,48,4
201,46,5
201,49,5
201,42,5
201,45,4
201,43,5
201,44,5
201,41,5
201,50,5
201,47,4
202,50,4
202,49,4
202,44,5
202,48,4
202,42,5
202,43,5
202,41,4
202,95,3
202,75,5
202,57,2
203,43,4
203,48,4
203,47,4
203,41,5
203,42,4
203,44,4
203,49,4
203,50,5
203,46,4
203,45,4
204,42,5
204,48,4
204,44,4
204,50,4
204,43,4
204,46,4
204,45,5
204,41,5
204,49,4
204,47,5
205,50,5
205,41,5
205,45,4
205,42,4
205,47,4
205,48,5
205,46,5
205,49,4
205,43,5
205,44,4
206,44,5
206,46,5
206,41,4
206,50,5
206,43,5
206,45,5
206,65,4
206,13,5
206,38,5
206,35,2
207,42,5
207,44,5
207,48,4
207,47,4
207,49,5
207,45,4
207,39,3
207,26,5
207,60,2
207,5,3
208,46,5
208,41,5
208,49,5
208,43,4
208,45,4
208,50,4
208,42,4
208,12,2
208,15,3
208,86,1
209,46,4
209,49,4
209,42,5
209,48,5
209,44,4
209,45,5
209,89,4
209,80,1
209,22,3
209,25,1
210,49,5
210,45,4
210,43,4
210,47,4
210,42,4
210,41,4
210,50,4
210,46,4
210,21,2
210,55,1
211,45,4
211,47,5
211,42,4
211,49,4
211,43,4
211,44,5
211,68,4
211,6,5
211,80,2
211,7,5
212,48,4
212,41,5
212,42,5
212,47,5
212,44,5
212,71,5
212,34,5
212,1,4
212,2,3
212,74,2
213,41,5
213,45,4
213,46,5
213,43,4
213,49,5
213,48,5
213,80,2
213,16,4
213,22,4
213,54,3
214,43,5
214,41,4
214,44,4
214,42,5
214,46,4
214,5,5
214,32,5
214,36,1
214,61,3
214,39,4
215,47,4
215,41,4
215,43,5
215,49,4
215,50,5
215,25,2
215,66,1
215,9,5
215,31,1
215,81,5
216,46,4
216,42,5
216,41,5
216,44,4
216,43,5
216,48,4
216,6,4
216,8,4
216,75,4
216,22,2
217,43,5
217,45,4
217,42,5
217,46,4
217,47,5
217,44,5
217,48,5
217,26,5
217,51,1
217,88,1
218,49,5
218,46,5
218,50,5
218,42,5
218,41,5
218,45,5
218,44,5
218,4,3
218,74,1
218,70,1
219,46,4
219,45,5
219,42,4
219,48,4
219,41,4
219,50,5
219,43,5
219,44,5
219,62,1
219,83,3
220,44,4
220,50,4
220,43,4
220,48,5
220,41,4
220,45,4
220,86,3
220,6,5
220,95,4
220,89,3
221,43,5
221,44,4
221,45,4
221,41,4
221,48,5
221,46,5
221,47,5
221,49,4
221,29,2
221,72,2
222,41,5
222,42,5
222,46,4
222,45,5
222,43,5
222,50,5
222,65,1
222,56,1
222,39,3
222,73,5
223,46,5
223,49,5
223,45,4
223,41,5
223,43,4
223,48,5
223,42,5
223,47,5
223,86,3
223,61,1
224,43,4
224,44,4
224,41,5
224,45,5
224,50,5
224,48,4
224,47,5
224,49,5
224,42,5
224,46,5
225,45,5
225,48,4
225,49,5
225,47,4
225,42,4
225,46,5
225,44,4
225,50,4
225,41,5
225,69,1
226,41,5
226,48,5
226,47,4
226,45,4
226,44,5
226,11,4
226,90,1
226,79,1
226,35,1
226,59,2
227,43,5
227,41,5
227,49,4
227,47,4
227,50,5
227,46,5
227,48,5
227,44,4
227,51,5
227,8,2
228,43,4
228,49,4
228,41,4
228,44,4
228,47,4
228,48,4
228,42,5
228,50,5
228,9,3
228,83,1
229,49,4
229,43,5
229,42,5
229,46,5
229,47,4
229,44,4
229,45,5
229,41,5
229,50,4
229,48,4
230,43,4
230,45,4
230,49,5
230,47,4
230,50,4
230,42,5
230,46,5
230,44,4
230,48,5
230,14,3
231,43,5
231,47,5
231,45,5
231,42,5
231,48,5
231,49,5
231,41,5
231,44,5
231,52,2
231,36,5
232,49,5
232,48,5
232,45,5
232,46,5
232,42,5
232,43,5
232,44,4
232,47,5
232,41,5
232,25,1
233,48,5
233,46,5
233,41,4
233,49,5
233,50,5
233,42,5
233,40,2
233,6,2
233,83,2
233,70,3
234,44,5
234,41,4
234,48,4
234,43,5
234,49,4
234,50,4
234,42,5
234,47,4
234,14,5
234,10,2
235,44,5
235,50,4
235,49,4
235,42,5
235,41,4
235,47,4
235,43,4
235,46,4
235,74,3
235,78,3
236,44,5
236,43,4
236,45,5
236,48,5
236,46,5
236,49,5
236,50,4
236,42,5
236,41,5
236,47,5
237,43,4
237,47,5
237,42,5
237,45,5
237,44,4
237,14,1
237,24,5
237,93,3
237,83,4
237,87,1
238,41,5
238,49,5
238,45,5
238,47,4
238,42,5
238,11,5
238,33,5
238,96,4
238,72,2
238,61,3
239,42,5
239,45,5
239,50,5
239,48,5
239,47,4
239,49,4
239,46,4
239,43,4
239,41,4
239,15,5
240,42,4
240,47,4
240,48,5
240,44,5
240,46,4
240,50,4
240,49,5
240,13,2
240,75,4
240,68,1
241,48,5
241,46,5
241,50,5
241,42,5
241,49,5
241,45,5
241,44,4
241,38,4
241,12,3
241,9,1
242,46,5
242,47,5
242,49,5
242,50,5
242,48,4
242,41,4
242,45,4
242,44,4
242,42,4
242,43,5
243,43,5
243,50,4
243,47,5
243,42,4
243,49,5
243,41,5
243,46,4
243,48,5
243,45,4
243,44,5
244,49,5
244,41,5
244,44,5
244,50,5
244,45,5
244,42,4
244,43,4
244,46,4
244,87,2
244,24,4
245,49,4
245,44,4
245,50,5
245,43,5
245,47,5
245,46,4
245,76,2
245,94,2
245,25,2
245,33,5
246,49,4
246,46,4
246,47,5
246,48,4
246,50,4
246,43,4
246,44,5
246,42,5
246,41,5
246,65,2
247,43,4
247,44,5
247,41,4
247,49,4
247,45,4
247,42,4
247,12,3
247,67,3
247,83,5
247,24,4
248,41,4
248,43,5
248,46,5
248,48,4
248,49,4
248,47,4
248,44,5
248,42,5
248,37,3
248,52,4
249,45,5
249,47,5
249,43,5
249,42,4
249,44,5
249,50,4
249,96,2
249,72,1
249,65,4
249,24,2
250,49,5
250,50,5
250,48,5
250,43,5
250,44,5
250,47,5
250,42,4
250,83,2
250,65,5
250,71,3
251,57,4
251,56,5
251,54,5
251,53,5
251,59,5
251,60,5
251,92,5
251,34,1
251,93,4
251,70,5
252,56,5
252,60,4
252,51,5
252,57,4
252,53,5
252,58,4
252,25,3
252,81,5
252,19,2
252,21,1
253,53,4
253,57,4
253,56,5
253,59,5
253,54,4
253,60,5
253,51,4
253,52,4
253,58,5
253,30,1
254,54,5
254,57,4
254,58,5
254,55,4
254,59,5
254,52,4
254,34,2
254,25,3
254,14,4
254,1,1
255,57,5
255,52,4
255,55,4
255,51,4
255,54,4
255,56,4
255,53,4
255,59,4
255,58,5
255,1,3
256,54,5
256,58,4
256,59,5
256,60,4
256,57,5
256,55,5
256,9,2
256,39,1
256,94,5
256,76,4
257,60,5
257,54,5
257,55,4
257,57,4
257,58,4
257,52,4
257,56,4
257,53,4
257,59,4
257,51,5
258,57,4
258,54,5
258,60,5
258,52,4
258,56,4
258,59,4
258,24,2
258,25,1
258,23,4
258,72,5
259,59,4
259,60,4
259,51,4
259,56,5
259,53,4
259,54,4
259,79,3
259,22,3
259,63,3
259,86,1
260,59,5
260,53,4
260,55,5
260,58,4
260,60,5
260,57,5
260,73,2
260,88,4
260,9,2
260,64,1
261,59,4
261,57,4
261,58,5
261,53,5
261,54,4
261,55,4
261,60,5
261,52,4
261,56,4
261,62,2
262,52,4
262,59,5
262,54,5
262,53,5
262,58,5
262,57,5
262,60,4
262,51,4
262,56,5
262,55,5
263,55,4
263,51,5
263,59,5
263,53,4
263,60,4
263,58,4
263,54,5
263,52,5
263,57,4
263,3,4
264,56,4
264,51,4
264,60,5
264,57,4
264,58,4
264,54,5
264,59,4
264,52,4
264,32,2
264,86,1
265,60,5
265,52,4
265,51,5
265,54,4
265,59,4
265,57,4
265,55,5
265,58,5
265,56,4
265,16,3
266,51,4
266,60,4
266,54,5
266,59,5
266,57,4
266,52,4
266,12,5
266,23,3
266,77,1
266,94,4
267,57,5
267,58,4
267,55,4
267,52,4
267,54,4
267,59,5
267,60,5
267,56,5
267,85,3
267,2,1
268,51,4
268,54,4
268,53,4
268,56,4
268,57,5
268,59,4
268,60,5
268,55,5
268,49,2
268,4,1
269,56,4
269,51,5
269,54,4
269,55,5
269,60,5
269,58,5
269,59,4
269,53,5
269,52,4
269,45,2
270,56,4
270,54,4
270,60,5
270,59,4
270,57,4
270,53,5
270,55,5
270,68,3
270,69,3
270,6,3
271,55,5
271,60,4
271,54,5
271,53,4
271,58,4
271,59,5
271,19,3
271,44,5
271,27,1
271,92,3
272,56,5
272,60,4
272,55,5
272,57,4
272,59,4
272,58,5
272,54,5
272,53,4
272,52,4
272,51,5
273,57,4
273,55,5
273,60,4
273,59,4
273,54,4
273,52,4
273,58,4
273,51,4
273,56,5
273,81,3
274,58,5
274,56,4
274,51,4
274,52,5
274,59,4
274,55,5
274,60,4
274,54,5
274,57,4
274,53,5
275,60,5
275,55,4
275,53,5
275,59,4
275,57,4
275,51,4
275,56,5
275,58,4
275,63,2
275,36,3
276,53,4
276,55,4
276,52,5
276,56,5
276,51,4
276,59,4
276,10,5
276,28,5
276,5,5
276,33,2
277,58,5
277,59,4
277,60,5
277,52,5
277,56,4
277,57,5
277,55,5
277,53,4
277,54,5
277,51,4
278,58,5
278,55,5
278,57,5
278,53,5
278,52,4
278,56,5
278,77,1
278,5,5
278,29,1
278,21,2
279,55,5
279,60,5
279,59,4
279,51,5
279,53,4
279,57,5
279,54,4
279,56,4
279,78,4
279,71,3
280,55,5
280,54,4
280,52,4
280,56,5
280,59,4
280,60,4
280,58,5
280,84,4
280,24,4
280,42,1
281,57,5
281,60,4
281,59,4
281,54,4
281,58,5
281,17,2
281,48,2
281,26,4
281,8,4
281,41,3
282,51,5
282,58,5
282,54,5
282,60,5
282,52,4
282,56,4
282,59,5
282,57,4
282,26,1
282,30,4
283,56,4
283,59,4
283,53,5
283,54,5
283,60,4
283,52,4
283,51,5
283,55,4
283,92,1
283,96,5
284,60,5
284,58,5
284,53,4
284,55,5
284,54,4
284,52,4
284,59,4
284,57,4
284,67,4
284,78,2
285,55,4
285,56,5
285,54,5
285,51,4
285,53,4
285,60,5
285,58,5
285,46,5
285,72,1
285,31,1
286,58,5
286,51,4
286,52,4
286,54,4
286,56,5
286,38,3
286,24,2
286,15,4
286,27,4
286,78,1
287,56,5
287,59,4
287,51,4
287,53,4
287,57,5
287,58,5
287,52,5
287,54,4
287,55,4
287,60,4
288,54,4
288,51,4
288,53,5
288,56,4
288,57,5
288,52,4
288,39,3
288,21,3
288,11,5
288,64,4
289,55,4
289,53,4
289,51,4
289,58,5
289,60,4
289,56,4
289,66,5
289,62,1
289,36,3
289,30,1
290,52,5
290,53,4
290,55,4
290,57,5
290,54,4
290,51,4
290,58,4
290,94,3
290,77,3
290,10,5
291,57,5
291,59,5
291,56,5
291,51,5
291,52,4
291,55,5
291,58,5
291,60,4
291,54,4
291,53,5
292,52,5
292,51,5
292,53,4
292,55,4
292,56,4
292,59,4
292,60,5
292,54,4
292,33,3
292,5,4
293,51,4
293,52,4
293,60,4
293,54,5
293,59,4
293,58,4
293,55,4
293,82,1
293,74,2
293,13,3
294,60,5
294,56,5
294,52,4
294,54,4
294,53,5
294,59,4
294,58,5
294,55,4
294,79,4
294,70,3
295,59,4
295,56,5
295,60,4
295,51,5
295,54,4
295,55,5
295,57,4
295,53,4
295,52,5
295,77,1
296,58,5
296,51,5
296,53,5
296,56,5
296,60,4
296,52,4
296,61,1
296,66,3
296,6,1
296,49,5
297,55,5
297,58,4
297,51,5
297,59,5
297,57,5
297,53,5
297,56,4
297,96,3
297,91,4
297,25,3
298,55,5
298,51,4
298,58,4
298,53,5
298,52,4
298,84,2
298,40,5
298,13,2
298,3,5
298,87,2
299,56,4
299,52,5
299,59,5
299,60,4
299,57,4
299,55,5
299,89,4
299,11,3
299,6,4
299,75,5
300,57,5
300,55,5
300,51,4
300,60,4
300,58,4
300,54,4
300,56,5
300,45,3
300,6,4
300,5,2
301,63,5
301,69,5
301,64,5
301,62,4
301,68,4
301,66,5
301,70,5
301,61,4
301,71,5
301,67,5
302,68,4
302,66,5
302,65,5
302,61,5
302,64,5
302,70,5
302,62,4
302,69,4
302,67,5
302,71,4
303,63,4
303,70,5
303,71,5
303,62,4
303,67,4
303,24,5
303,73,5
303,25,1
303,20,4
303,7,5
304,63,5
304,67,5
304,65,5
304,64,5
304,69,5
304,62,5
304,34,1
304,20,1
304,93,3
304,11,2
305,67,4
305,69,5
305,62,5
305,61,4
305,65,5
305,70,5
305,68,4
305,12,4
305,41,4
305,7,4
306,69,5
306,63,4
306,66,4
306,64,5
306,71,5
306,62,5
306,28,4
306,95,4
306,46,3
306,30,3
307,65,5
307,68,4
307,62,5
307,66,4
307,71,5
307,70,4
307,69,5
307,63,5
307,67,4
307,61,4
308,63,5
308,66,4
308,71,5
308,69,5
308,64,5
308,67,5
308,27,3
308,93,4
308,58,1
308,59,3
309,69,5
309,66,4
309,62,4
309,65,4
309,70,4
309,61,4
309,71,5
309,67,5
309,68,5
309,22,2
310,71,5
310,70,4
310,61,5
310,63,5
310,69,5
310,68,5
310,64,5
310,88,1
310,56,2
310,35,3
311,67,4
311,64,5
311,65,5
311,63,4
311,62,4
311,61,5
311,66,5
311,68,5
311,23,5
311,4,4
312,69,5
312,61,5
312,71,5
312,64,5
312,68,4
312,66,5
312,62,4
312,25,3
312,23,3
312,18,2
313,63,5
313,70,4
313,64,5
313,66,4
313,62,5
313,68,4
313,65,4
313,71,4
313,67,5
313,42,1
314,62,5
314,61,4
314,65,5
314,69,4
314,70,5
314,68,5
314,7,1
314,40,5
314,83,1
314,22,5
315,70,4
315,64,4
315,62,5
315,65,4
315,61,4
315,67,4
315,63,5
315,71,5
315,86,1
315,34,2
316,65,5
316,67,5
316,71,4
316,63,4
316,61,5
316,45,3
316,40,5
316,25,4
316,80,4
316,30,3
317,70,5
317,67,5
317,64,4
317,69,4
317,63,5
317,68,5
317,62,4
317,61,5
317,66,5
317,71,5
318,68,5
318,63,4
318,64,5
318,71,5
318,66,4
318,67,4
318,65,5
318,52,2
318,77,4
318,32,3
319,67,4
319,68,4
319,64,4
319,70,5
319,65,4
319,61,4
319,63,4
319,62,4
319,69,4
319,12,4
320,66,5
320,64,4
320,70,5
320,63,4
320,68,4
320,85,2
320,32,5
320,83,2
320,31,2
320,36,5
321,61,5
321,67,5
321,65,4
321,64,4
321,63,5
321,68,4
321,66,4
321,41,2
321,43,3
321,52,4
322,67,5
322,65,5
322,68,5
322,64,5
322,66,4
322,61,5
322,62,5
322,69,4
322,70,4
322,71,4
323,64,4
323,66,5
323,69,4
323,68,5
323,63,4
323,27,1
323,19,3
323,89,5
323,18,4
323,20,2
324,69,4
324,64,5
324,71,4
324,65,5
324,66,4
324,68,5
324,62,5
324,67,4
324,63,4
324,70,4
325,63,5
325,70,5
325,64,4
325,67,5
325,68,4
325,71,4
325,65,5
325,92,4
325,43,1
325,3,5
326,65,4
326,70,5
326,66,4
326,64,4
326,71,5
326,68,5
326,47,3
326,93,5
326,15,5
326,87,4
327,67,4
327,65,5
327,62,4
327,70,4
327,61,5
327,68,5
327,91,2
327,84,1
327,45,1
327,93,3
328,62,5
328,61,5
328,69,4
328,67,4
328,66,4
328,68,5
328,76,4
328,3,2
328,12,4
328,81,4
329,63,4
329,71,4
329,68,4
329,64,4
329,69,5
329,49,3
329,32,3
329,30,1
329,34,2
329,1,3
330,63,5
330,68,4
330,67,4
330,69,5
330,71,4
330,65,5
330,70,5
330,91,3
330,93,1
330,86,5
331,62,4
331,63,5
331,64,5
331,66,5
331,61,4
331,8,5
331,18,5
331,39,5
331,84,2
331,51,2
332,63,4
332,71,4
332,70,5
332,61,4
332,66,4
332,68,5
332,95,5
332,5,2
332,88,5
332,7,3
333,71,5
333,64,4
333,62,5
333,65,4
333,69,5
333,66,5
333,61,4
333,63,4
333,34,3
333,95,5
334,71,4
334,63,5
334,64,4
334,62,4
334,69,5
334,61,4
334,67,5
334,65,4
334,66,5
334,68,4
335,66,5
335,70,5
335,65,5
335,69,4
335,63,5
335,67,5
335,64,4
335,7,3
335,56,2
335,91,1
336,69,4
336,63,4
336,67,5
336,70,5
336,61,4
336,68,5
336,71,4
336,64,5
336,62,5
336,6,5
337,64,4
337,63,5
337,67,5
337,68,5
337,62,4
337,70,5
337,65,4
337,61,5
337,71,5
337,66,5
338,71,5
338,61,5
338,65,5
338,63,4
338,62,4
338,67,5
338,68,5
338,69,5
338,70,4
338,66,5
339,65,5
339,69,4
339,62,5
339,63,5
339,67,5
339,71,5
339,64,4
339,61,5
339,66,4
339,68,5
340,64,4
340,70,5
340,67,5
340,62,5
340,68,4
340,69,5
340,44,4
340,45,2
340,54,2
340,96,5
341,65,5
341,69,4
341,68,4
341,66,5
341,64,5
341,67,4
341,23,3
341,81,3
341,60,3
341,85,3
342,67,4
342,66,5
342,61,4
342,71,5
342,69,4
342,45,5
342,73,4
342,38,3
342,55,5
342,21,2
343,66,5
343,69,5
343,70,5
343,61,4
343,68,4
343,71,5
343,46,1
343,34,5
343,73,1
343,85,5
344,67,5
344,63,4
344,62,4
344,65,4
344,61,4
344,64,4
344,66,5
344,68,5
344,81,5
344,32,1
345,68,5
345,70,5
345,62,5
345,71,5
345,66,5
345,61,5
345,69,4
345,65,4
345,63,5
345,67,4
346,71,4
346,61,4
346,63,4
346,69,4
346,70,5
346,29,4
346,49,5
346,16,5
346,4,2
346,90,5
347,62,4
347,70,4
347,61,5
347,64,5
347,69,5
347,71,5
347,66,4
347,63,4
347,94,4
347,80,4
348,67,5
348,69,5
348,70,5
348,68,4
348,63,4
348,66,4
348,61,5
348,94,5
348,30,1
348,43,1
349,62,4
349,63,4
349,70,4
349,66,5
349,71,4
349,64,4
349,68,4
349,65,4
349,61,5
349,69,5
350,71,5
350,62,4
350,67,4
350,63,5
350,69,5
350,64,4
350,68,4
350,66,5
350,70,5
350,61,5
351,78,5
351,75,4
351,73,5
351,72,5
351,74,4
351,76,4
351,39,1
351,83,1
351,45,3
351,90,1
352,76,4
352,74,4
352,73,4
352,80,4
352,72,5
352,77,4
352,29,5
352,92,1
352,39,2
352,35,4
353,81,4
353,76,4
353,77,4
353,73,4
353,79,4
353,82,5
353,80,5
353,29,1
353,5,5
353,83,3
354,73,5
354,80,5
354,81,5
354,75,5
354,82,4
354,76,4
354,78,4
354,74,5
354,9,2
354,18,3
355,81,4
355,72,4
355,80,4
355,79,5
355,78,5
355,75,4
355,60,1
355,52,5
355,16,1
355,96,5
356,72,5
356,81,4
356,74,4
356,79,5
356,78,4
356,75,5
356,73,5
356,76,5
356,80,5
356,82,5
357,82,4
357,76,5
357,79,4
357,80,5
357,72,5
357,77,5
357,75,4
357,3,2
357,42,2
357,26,4
358,78,4
358,74,4
358,81,4
358,77,5
358,75,4
358,73,5
358,76,4
358,80,4
358,72,4
358,47,4
359,77,5
359,74,5
359,80,5
359,73,5
359,78,5
359,81,4
359,79,5
359,76,4
359,82,5
359,75,4
360,78,5
360,82,5
360,72,4
360,80,5
360,76,5
360,81,5
360,71,1
360,92,3
360,63,1
360,43,2
361,75,5
361,79,5
361,72,4
361,73,4
361,82,5
361,5,3
361,96,3
361,51,5
361,25,5
361,9,1
362,78,4
362,79,4
362,81,5
362,74,4
362,72,4
362,80,5
362,75,5
362,82,4
362,76,5
362,73,5
363,82,5
363,79,4
363,74,4
363,77,4
363,76,4
363,80,4
363,73,5
363,55,5
363,28,4
363,44,5
364,82,5
364,76,4
364,81,5
364,79,5
364,78,4
364,74,4
364,29,5
364,51,4
364,93,4
364,32,2
365,77,4
365,75,4
365,80,4
365,74,4
365,82,5
365,72,5
365,49,3
365,28,4
365,18,3
365,51,2
366,75,4
366,78,4
366,77,4
366,73,4
366,76,4
366,74,4
366,81,5
366,72,5
366,80,4
366,24,4
367,73,5
367,82,5
367,78,4
367,79,4
367,81,5
367,72,4
367,80,5
367,36,2
367,32,3
367,64,5
368,74,5
368,78,5
368,75,4
368,72,5
368,82,5
368,76,5
368,73,4
368,34,5
368,39,5
368,89,3
369,73,5
369,78,4
369,74,4
369,80,5
369,76,5
369,77,4
369,36,5
369,83,5
369,61,2
369,5,2
370,77,4
370,81,4
370,75,5
370,82,4
370,74,4
370,76,4
370,73,4
370,80,4
370,9,4
370,35,4
371,80,5
371,75,5
371,81,4
371,72,4
371,78,4
371,73,5
371,77,5
371,74,4
371,82,4
371,67,1
372,77,4
372,82,5
372,72,4
372,81,4
372,78,5
372,80,5
372,73,4
372,74,4
372,75,4
372,79,5
373,78,5
373,81,4
373,76,4
373,82,5
373,77,4
373,79,4
373,74,5
373,72,5
373,75,5
373,86,2
374,77,5
374,76,4
374,72,5
374,80,4
374,73,5
374,9,1
374,31,1
374,84,4
374,41,1
374,38,3
375,81,4
375,75,5
375,78,5
375,73,4
375,76,5
375,79,4
375,72,5
375,22,1
375,63,3
375,42,4
376,82,5
376,81,5
376,80,5
376,72,5
376,78,4
376,76,4
376,77,4
376,79,5
376,75,4
376,73,4
377,82,4
377,72,4
377,76,4
377,77,4
377,75,4
377,79,4
377,81,5
377,74,5
377,73,4
377,90,2
378,80,5
378,78,5
378,73,4
378,72,4
378,77,4
378,79,4
378,48,2
378,50,2
378,68,3
378,95,1
379,76,5
379,72,4
379,82,4
379,75,5
379,81,4
379,78,5
379,73,4
379,77,5
379,16,3
379,61,1
380,73,4
380,74,5
380,75,4
380,81,4
380,76,4
380,79,4
380,29,1
380,96,4
380,53,5
380,58,3
381,81,5
381,80,5
381,72,4
381,76,4
381,82,4
381,75,4
381,78,5
381,77,4
381,73,5
381,86,5
382,77,4
382,80,5
382,82,4
382,73,4
382,72,4
382,75,4
382,78,5
382,76,4
382,74,5
382,81,4
383,79,4
383,72,5
383,74,5
383,81,5
383,78,5
383,76,4
383,75,4
383,77,5
383,80,5
383,82,5
384,80,5
384,79,4
384,77,4
384,73,4
384,76,5
384,82,5
384,51,2
384,12,4
384,64,2
384,93,3
385,77,5
385,81,4
385,72,4
385,73,4
385,76,5
385,78,4
385,75,5
385,79,4
385,82,4
385,74,5
386,81,5
386,72,4
386,73,5
386,82,4
386,75,5
386,74,5
386,80,4
386,79,4
386,78,5
386,25,1
387,82,4
387,79,4
387,81,4
387,78,5
387,77,5
387,73,4
387,51,1
387,27,2
387,52,3
387,64,1
388,78,4
388,75,5
388,77,4
388,81,5
388,73,4
388,79,4
388,74,4
388,76,4
388,47,2
388,89,5
389,81,5
389,73,4
389,74,4
389,72,5
389,78,4
389,12,2
389,69,1
389,13,3
389,54,4
389,35,1
390,76,4
390,82,4
390,72,5
390,81,4
390,78,5
390,79,5
390,77,4
390,73,5
390,74,5
390,75,4
391,73,5
391,72,5
391,76,5
391,74,4
391,75,4
391,80,5
391,82,5
391,78,5
391,77,4
391,42,3
392,73,5
392,72,4
392,74,5
392,75,5
392,82,5
392,81,5
392,78,5
392,52,3
392,43,5
392,57,3
393,79,5
393,76,5
393,81,5
393,77,4
393,72,5
393,78,4
393,80,4
393,74,4
393,96,4
393,52,3
394,72,4
394,82,4
394,79,5
394,76,5
394,75,5
394,10,1
394,19,3
394,35,1
394,52,3
394,44,1
395,73,4
395,79,4
395,75,5
395,77,4
395,76,4
395,72,5
395,82,5
395,78,5
395,81,4
395,86,5
396,76,5
396,73,5
396,82,4
396,72,5
396,80,4
396,77,4
396,75,5
396,74,5
396,78,5
396,81,5
397,74,5
397,78,4
397,81,5
397,73,4
397,72,5
397,76,4
397,14,3
397,60,2
397,89,1
397,43,5
398,77,5
398,75,4
398,82,4
398,80,4
398,73,4
398,81,5
398,72,4
398,89,5
398,16,4
398,83,4
399,80,4
399,78,4
399,82,5
399,77,5
399,75,5
399,73,5
399,83,4
399,67,3
399,42,4
399,56,3
400,81,5
400,82,4
400,80,5
400,78,4
400,72,5
400,74,5
400,75,4
400,77,5
400,76,5
400,73,4
401,92,4
401,88,4
401,85,4
401,87,4
401,84,4
401,89,4
401,91,4
401,90,4
401,83,4
401,36,2
402,88,5
402,90,4
402,85,4
402,89,5
402,91,5
402,87,5
402,92,4
402,83,4
402,86,4
402,76,4
403,86,5
403,92,4
403,91,4
403,90,5
403,85,4
403,95,1
403,48,2
403,78,4
403,94,5
403,80,4
404,90,5
404,88,5
404,91,4
404,85,4
404,83,4
404,87,5
404,89,4
404,84,5
404,95,4
404,96,3
405,87,4
405,84,5
405,83,4
405,91,5
405,85,5
405,90,5
405,92,5
405,89,4
405,88,5
405,86,5
406,86,4
406,89,4
406,92,4
406,87,4
406,84,4
406,91,4
406,83,5
406,85,4
406,29,2
406,39,2
407,90,4
407,91,4
407,84,4
407,86,4
407,89,5
407,92,4
407,75,5
407,26,4
407,27,1
407,61,4
408,91,4
408,85,5
408,86,4
408,89,5
408,90,5
408,42,2
408,30,3
408,37,4
408,43,1
408,39,3
409,88,4
409,90,4
409,85,5
409,89,5
409,87,5
409,86,4
409,84,4
409,91,5
409,1,1
409,9,3
410,86,4
410,87,5
410,91,4
410,88,5
410,89,5
410,83,5
410,90,4
410,85,5
410,93,5
410,47,1
411,85,4
411,86,4
411,90,4
411,92,5
411,84,5
411,89,5
411,77,1
411,5,2
411,43,5
411,47,2
412,85,5
412,86,4
412,89,5
412,88,4
412,92,5
412,84,5
412,72,4
412,48,1
412,19,2
412,68,3
413,84,5
413,89,4
413,86,5
413,87,5
413,85,5
413,88,4
413,92,5
413,83,5
413,78,2
413,95,1
414,90,4
414,91,5
414,83,4
414,85,4
414,88,4
414,86,5
414,87,4
414,89,4
414,16,2
414,26,1
415,89,5
415,86,4
415,87,5
415,84,5
415,85,5
415,88,5
415,91,4
415,92,5
415,64,4
415,70,2
416,90,5
416,91,4
416,85,5
416,89,4
416,87,5
416,83,5
416,92,5
416,88,4
416,45,4
416,6,3
417,90,5
417,84,5
417,85,4
417,83,4
417,87,5
417,91,5
417,88,5
417,86,4
417,92,4
417,22,5
418,92,5
418,85,4
418,84,5
418,87,5
418,88,5
418,83,4
418,86,4
418,91,5
418,89,4
418,90,5
419,89,5
419,83,4
419,85,4
419,90,4
419,86,5
419,84,5
419,79,3
419,55,3
419,81,2
419,18,4
420,84,5
420,85,5
420,90,5
420,88,5
420,83,5
420,86,5
420,91,4
420,87,4
420,11,4
420,32,1
421,87,4
421,84,4
421,92,5
421,91,5
421,85,4
421,86,4
421,90,5
421,83,4
421,89,4
421,88,5
422,91,4
422,84,4
422,83,4
422,88,4
422,90,5
422,92,5
422,86,5
422,85,4
422,89,4
422,47,4
423,90,5
423,91,4
423,84,5
423,87,4
423,83,4
423,25,2
423,21,1
423,46,3
423,49,4
423,43,1
424,85,5
424,88,4
424,84,4
424,92,4
424,87,5
424,90,5
424,72,2
424,22,2
424,17,1
424,93,1
425,83,4
425,89,4
425,88,5
425,92,5
425,90,4
425,84,4
425,87,4
425,85,5
425,91,4
425,48,4
426,92,5
426,83,5
426,90,4
426,88,5
426,84,4
426,89,5
426,86,4
426,78,2
426,11,1
426,17,4
427,83,4
427,84,5
427,90,5
427,86,5
427,85,4
427,92,5
427,91,5
427,89,4
427,95,4
427,33,5
428,91,5
428,88,5
428,86,5
428,92,5
428,87,5
428,85,5
428,90,5
428,83,5
428,69,3
428,54,5
429,89,5
429,88,5
429,85,4
429,86,4
429,91,4
429,84,4
429,23,1
429,34,2
429,4,5
429,6,3
430,92,4
430,83,4
430,87,4
430,86,4
430,88,4
430,91,4
430,89,5
430,84,5
430,75,3
430,17,4
431,84,4
431,87,5
431,90,4
431,92,5
431,83,5
431,85,5
431,77,2
431,9,4
431,1,1
431,70,5
432,89,4
432,83,4
432,87,5
432,85,4
432,92,4
432,88,5
432,90,4
432,13,4
432,66,5
432,18,1
433,90,5
433,89,4
433,88,4
433,85,5
433,83,4
433,91,4
433,84,4
433,86,4
433,70,1
433,49,1
434,92,5
434,91,5
434,89,5
434,85,5
434,83,4
434,88,5
434,87,5
434,84,4
434,86,4
434,29,4
435,84,4
435,85,4
435,90,5
435,86,5
435,89,4
435,87,4
435,88,4
435,92,5
435,91,5
435,54,5
436,91,4
436,87,5
436,84,5
436,89,4
436,88,4
436,92,5
436,85,5
436,80,3
436,47,2
436,49,2
437,89,5
437,85,4
437,91,5
437,92,4
437,87,4
437,90,5
437,83,5
437,86,4
437,54,2
437,7,4
438,91,5
438,90,5
438,88,4
438,83,4
438,92,4
438,84,5
438,87,4
438,46,1
438,61,1
438,55,4
439,92,4
439,83,4
439,87,4
439,84,5
439,90,4
439,86,5
439,91,5
439,89,5
439,85,5
439,68,5
440,88,4
440,90,5
440,91,4
440,86,5
440,92,5
440,50,4
440,49,1
440,61,3
440,82,4
440,10,2
441,83,4
441,89,5
441,88,4
441,85,5
441,92,4
441,87,4
441,86,5
441,91,4
441,90,5
441,25,4
442,85,4
442,86,4
442,89,5
442,90,5
442,84,4
442,88,5
442,20,2
442,22,4
442,35,5
442,48,1
443,87,4
443,86,4
443,91,4
443,89,4
443,88,4
443,84,4
443,92,5
443,90,4
443,85,5
443,1,1
444,88,4
444,85,5
444,91,4
444,90,5
444,86,4
444,83,5
444,92,5
444,84,4
444,87,4
444,10,4
445,92,4
445,88,4
445,91,4
445,85,5
445,87,4
445,90,5
445,83,5
445,84,5
445,69,3
445,36,5
446,87,5
446,86,4
446,91,4
446,89,5
446,88,5
446,84,5
446,83,4
446,90,5
446,15,3
446,9,4
447,88,5
447,91,5
447,83,5
447,84,4
447,85,4
447,66,4
447,12,3
447,20,1
447,71,2
447,42,2
448,84,4
448,85,5
448,83,4
448,86,4
448,87,4
448,88,4
448,33,3
448,27,2
448,64,5
448,39,3
449,84,4
449,85,5
449,88,4
449,91,5
449,90,4
449,87,4
449,86,5
449,67,5
449,18,1
449,64,2
450,85,4
450,92,5
450,83,5
450,88,4
450,84,4
450,91,5
450,86,4
450,70,1
450,74,4
450,54,4
451,94,5
451,96,5
451,93,4
451,95,5
451,30,5
451,1,1
451,21,4
451,49,2
451,83,3
451,46,1
452,94,4
452,96,5
452,95,4
452,93,5
452,26,5
452,78,3
452,92,3
452,47,1
452,77,1
452,88,1
453,93,4
453,96,5
453,95,4
453,94,5
453,12,4
453,67,4
453,59,2
453,19,5
453,28,2
453,56,3
454,95,5
454,96,5
454,93,5
454,94,5
454,78,3
454,6,4
454,29,1
454,87,2
454,2,4
454,59,4
455,94,4
455,93,5
455,96,5
455,95,4
455,11,4
455,8,5
455,12,2
455,37,3
455,91,1
455,35,2
456,96,4
456,95,4
456,93,4
456,94,5
456,87,3
456,64,2
456,11,3
456,58,5
456,32,2
456,39,3
457,95,5
457,94,4
457,93,5
457,96,4
457,40,4
457,7,1
457,39,2
457,65,1
457,55,2
457,38,2
458,96,5
458,94,5
458,95,4
458,93,5
458,27,1
458,17,3
458,54,2
458,2,5
458,30,1
458,58,1
459,93,5
459,96,5
459,95,5
459,94,4
459,2,1
459,12,5
459,8,1
459,74,1
459,27,2
459,90,1
460,95,4
460,94,4
460,93,4
460,96,4
460,26,3
460,17,2
460,72,1
460,7,3
460,32,2
460,76,3
461,96,4
461,95,5
461,94,5
461,93,5
461,5,5
461,71,1
461,87,5
461,79,3
461,67,1
461,37,4
462,95,4
462,93,4
462,94,4
462,96,4
462,41,2
462,72,3
462,29,4
462,43,3
462,22,4
462,14,3
463,96,5
463,93,4
463,94,5
463,95,5
463,88,3
463,50,1
463,33,4
463,79,1
463,45,3
463,2,3
464,94,4
464,93,5
464,96,5
464,95,5
464,43,5
464,9,5
464,80,4
464,55,4
464,18,3
464,20,1
465,95,5
465,94,4
465,96,5
465,93,4
465,30,3
465,7,2
465,23,3
465,39,2
465,8,3
465,2,5
466,96,4
466,95,4
466,93,4
466,94,4
466,78,4
466,90,2
466,8,1
466,21,5
466,56,2
466,70,1
467,93,4
467,95,5
467,94,5
467,96,4
467,41,2
467,73,4
467,26,2
467,35,2
467,88,3
467,57,5
468,95,5
468,93,4
468,96,5
468,94,5
468,7,5
468,15,1
468,61,4
468,88,4
468,47,4
468,73,4
469,96,4
469,95,5
469,94,4
469,93,4
469,56,3
469,38,4
469,3,4
469,59,3
469,24,1
469,42,5
470,95,4
470,96,4
470,94,5
470,93,4
470,29,5
470,55,4
470,45,4
470,33,4
470,71,5
470,58,3
471,94,4
471,96,4
471,93,5
471,95,4
471,46,5
471,10,3
471,90,3
471,35,2
471,70,2
471,41,1
472,94,4
472,93,4
472,96,5
472,95,5
472,7,3
472,10,2
472,39,4
472,35,2
472,82,1
472,9,5
473,94,5
473,93,5
473,96,4
473,95,4
473,21,1
473,33,2
473,23,1
473,85,4
473,60,2
473,13,5
474,93,4
474,94,4
474,95,5
474,96,5
474,80,5
474,12,5
474,82,2
474,42,2
474,47,3
474,46,5
475,94,5
475,96,5
475,95,4
475,93,4
475,81,1
475,4,4
475,52,5
475,63,4
475,50,4
475,54,4
476,94,5
476,95,4
476,96,5
476,93,4
476,19,2
476,48,4
476,87,5
476,32,5
476,14,3
476,21,4
477,94,5
477,93,5
477,95,4
477,96,5
477,80,1
477,22,5
477,92,3
477,79,2
477,12,4
477,2,5
478,93,5
478,95,4
478,96,5
478,94,5
478,19,4
478,90,3
478,13,3
478,59,1
478,82,5
478,78,2
479,93,5
479,94,5
479,96,4
479,95,4
479,45,5
479,17,1
479,3,4
479,35,3
479,89,2
479,16,3
480,93,4
480,96,5
480,95,4
480,94,5
480,28,3
480,7,3
480,14,5
480,2,1
480,60,4
480,92,3
481,93,5
481,95,5
481,94,5
481,96,4
481,66,3
481,81,5
481,58,3
481,45,1
481,53,1
481,50,1
482,94,5
482,96,5
482,93,4
482,95,5
482,73,2
482,42,4
482,81,2
482,51,4
482,58,5
482,5,2
483,95,5
483,93,4
483,94,5
483,96,4
483,64,4
483,3,5
483,40,4
483,12,5
483,27,3
483,35,2
484,95,5
484,93,5
484,96,5
484,94,4
484,89,2
484,63,2
484,30,1
484,13,5
484,45,1
484,35,4
485,93,4
485,94,4
485,95,4
485,96,4
485,48,5
485,15,1
485,63,1
485,10,3
485,75,2
485,40,1
486,93,4
486,96,5
486,95,5
486,94,4
486,41,2
486,71,5
486,29,3
486,73,4
486,15,2
486,18,3
487,93,5
487,96,4
487,94,4
487,95,5
487,34,4
487,44,4
487,3,2
487,5,5
487,68,2
487,11,4
488,94,5
488,93,4
488,96,4
488,95,5
488,4,1
488,33,5
488,51,5
488,43,4
488,5,2
488,24,4
489,93,4
489,96,5
489,95,4
489,94,4
489,8,3
489,47,1
489,52,4
489,36,1
489,61,2
489,38,5
490,95,4
490,94,5
490,96,5
490,93,4
490,22,1
490,14,3
490,87,3
490,29,2
490,16,2
490,2,5
491,95,4
491,94,4
491,93,4
491,96,5
491,49,2
491,82,3
491,71,2
491,80,1
491,78,1
491,47,3
492,95,4
492,93,5
492,94,5
492,96,4
492,80,5
492,91,3
492,60,3
492,43,3
492,82,3
492,23,2
493,96,4
493,95,5
493,94,4
493,93,4
493,56,3
493,90,2
493,1,5
493,72,3
493,61,4
493,8,3
494,96,5
494,93,5
494,94,4
494,95,4
494,32,5
494,88,5
494,39,4
494,73,3
494,74,1
494,83,5
495,93,5
495,96,4
495,95,4
495,94,4
495,62,1
495,46,4
495,41,3
495,18,1
495,55,2
495,77,5
496,96,4
496,93,5
496,94,4
496,95,5
496,76,2
496,3,1
496,57,4
496,29,4
496,83,1
496,51,3
497,95,4
497,93,4
497,94,4
497,96,5
497,4,4
497,83,3
497,37,2
497,73,4
497,17,2
497,51,2
498,96,4
498,93,4
498,95,4
498,94,4
498,85,1
498,37,5
498,39,3
498,32,2
498,31,5
498,14,2
499,93,4
499,94,5
499,95,4
499,96,5
499,36,5
499,74,4
499,20,2
499,62,5
499,1,2
499,67,2
500,94,5
500,93,4
500,95,5
500,96,5
500,46,3
500,91,4
500,61,5
500,73,1
500,50,3
500,16,1
501,18,4
501,6,4
501,7,5
501,8,4
501,11,5
502,18,4
502,6,4
502,7,4
502,8,4
502,11,5
503,18,5
503,11,4
503,51,4
503,31,4
503,34,5
504,18,5
504,6,5
504,7,4
504,11,4
504,16,5
505,18,4
505,11,4
505,51,5
505,31,4
505,34,4
506,18,4
506,11,4
506,51,5
506,31,5
506,34,5
507,18,4
507,6,5
507,7,5
507,11,4
507,16,5
508,18,4
508,6,5
508,7,5
508,11,4
508,16,5
509,18,4
509,11,4
509,51,5
509,31,5
509,34,5
510,18,5
510,11,4
510,51,5
510,31,5
510,34,4
511,18,5
511,11,5
511,51,4
511,31,4
511,34,4
512,3,4
512,4,4
512,9,4
512,10,4
512,12,4
513,18,5
513,6,5
513,7,5
513,11,4
513,16,4
514,3,5
514,4,5
514,9,4
514,10,4
514,12,5
515,18,4
515,6,4
515,7,4
515,11,5
515,16,5
516,18,4
516,11,5
516,51,4
516,31,5
516,34,5
517,18,5
517,11,4
517,51,5
517,31,4
517,34,5
518,18,4
518,6,4
518,7,4
518,8,5
518,11,4
519,18,5
519,6,4
519,7,4
519,8,4
519,11,5
520,18,4
520,11,5
520,51,5
520,31,5
520,34,4
521,18,5
521,6,4
521,7,5
521,8,4
521,11,4
522,18,4
522,11,4
522,51,4
522,31,5
522,34,4
523,18,4
523,11,5
523,51,4
523,31,4
523,34,4
524,18,5
524,11,5
524,51,5
524,31,5
524,34,5
525,18,4
525,11,4
525,51,5
525,31,5
525,34,4
526,18,5
526,11,5
526,51,4
526,31,4
526,34,5
527,18,4
527,6,5
527,7,5
527,11,4
527,16,4
528,18,4
528,6,5
528,7,4
528,11,5
528,16,4
529,3,4
529,4,4
529,9,4
529,10,4
529,12,4
530,18,4
530,11,5
530,51,5
530,31,5
530,34,5
531,18,5
531,11,4
531,51,5
531,31,4
531,34,5
532,18,4
532,11,5
532,51,4
532,31,4
532,34,5
533,18,4
533,6,5
533,7,5
533,11,5
533,16,4
534,18,4
534,6,5
534,7,4
534,11,5
534,16,4
535,18,4
535,6,5
535,7,4
535,8,5
535,11,5
536,18,5
536,6,4
536,7,5
536,8,4
536,11,4
537,18,5
537,11,4
537,51,4
537,31,5
537,34,5
538,18,5
538,11,5
538,51,4
538,31,4
538,34,5
539,18,4
539,11,4
539,51,5
539,31,4
539,34,5
540,18,4
540,11,5
540,51,5
540,31,4
540,34,5
541,18,4
541,6,4
541,7,4
541,11,4
541,16,4
542,18,4
542,6,4
542,7,5
542,11,4
542,16,4
543,18,5
543,6,5
543,7,5
543,11,5
543,16,4
544,18,4
544,11,5
544,51,5
544,31,5
544,34,5
545,18,5
545,11,5
545,51,5
545,31,5
545,34,5
546,18,5
546,11,4
546,51,4
546,31,5
546,34,5
547,18,4
547,11,4
547,51,4
547,31,5
547,34,5
548,18,4
548,6,4
548,7,5
548,11,5
548,16,5
549,3,5
549,4,5
549,9,4
549,10,4
549,12,4
550,18,4
550,11,5
550,51,4
550,31,4
550,34,5
551,18,4
551,11,4
551,51,4
551,31,5
551,34,4
552,3,4
552,4,5
552,9,4
552,10,4
552,12,5
553,18,5
553,6,4
553,7,5
553,8,4
553,11,5
554,18,5
554,11,4
554,51,4
554,31,5
554,34,4
555,18,4
555,6,5
555,7,4
555,11,5
555,16,4
556,18,4
556,11,5
556,51,4
556,31,4
556,34,5
557,3,4
557,4,5
557,9,5
557,10,5
557,12,5
558,18,4
558,11,4
558,51,4
558,31,5
558,34,4
559,18,4
559,11,4
559,51,4
559,31,5
559,34,5
560,18,4
560,6,5
560,7,5
560,8,4
560,11,4
561,18,4
561,11,5
561,51,5
561,31,5
561,34,4
562,18,5
562,6,5
562,7,4
562,11,5
562,16,5
563,18,5
563,6,5
563,7,5
563,8,5
563,11,5
564,18,5
564,6,5
564,7,4
564,11,4
564,16,5
565,18,4
565,6,5
565,7,4
565,11,4
565,16,5
566,18,5
566,11,4
566,51,5
566,31,5
566,34,5
567,18,5
567,11,4
567,51,5
567,31,5
567,34,4
568,3,5
568,4,5
568,9,5
568,10,5
568,12,5
569,3,5
569,4,5
569,9,4
569,10,4
569,12,5
570,3,4
570,4,5
570,9,5
570,10,4
570,12,5
571,3,5
571,4,5
571,9,4
571,10,5
571,12,5
572,18,4
572,11,4
572,51,5
572,31,4
572,34,4
573,18,5
573,6,5
573,7,5
573,11,4
573,16,4
574,18,4
574,11,5
574,51,5
574,31,5
574,34,4
575,18,4
575,6,4
575,7,5
575,11,4
575,16,4
576,18,4
576,11,4
576,51,5
576,31,5
576,34,5
577,18,4
577,11,4
577,51,5
577,31,4
577,34,5
578,18,4
578,11,5
578,51,4
578,31,5
578,34,5
579,18,5
579,11,4
579,51,5
579,31,5
579,34,4
580,3,5
580,4,5
580,9,5
580,10,4
580,12,5
581,18,4
581,11,4
581,51,5
581,31,5
581,34,5
582,18,5
582,6,4
582,7,5
582,11,5
582,16,4
583,18,4
583,11,5
583,51,5
583,31,4
583,34,4
584,18,4
584,11,5
584,51,4
584,31,5
584,34,5
585,18,4
585,11,5
585,51,4
585,31,5
585,34,5
586,18,4
586,11,4
586,51,5
586,31,5
586,34,4
587,18,5
587,6,5
587,7,4
587,11,5
587,16,5
588,18,5
588,6,5
588,7,5
588,11,5
588,16,5
589,18,4
589,6,4
589,7,5
589,8,4
589,11,5
590,3,5
590,4,5
590,9,5
590,10,4
590,12,4
591,18,5
591,11,5
591,51,4
591,31,4
591,34,5
592,18,5
592,11,4
592,51,5
592,31,4
592,34,5
593,18,5
593,11,4
593,51,4
593,31,4
593,34,4
594,18,4
594,11,4
594,51,4
594,31,5
594,34,4
595,18,4
595,6,4
595,7,5
595,8,4
595,11,4
596,18,4
596,11,5
596,51,4
596,31,4
596,34,5
597,18,4
597,11,5
597,51,4
597,31,5
597,34,4
598,18,5
598,6,5
598,7,4
598,8,5
598,11,4
599,18,4
599,6,4
599,7,5
599,8,4
599,11,5
600,18,5
600,6,5
600,7,5
600,8,5
600,11,5
601,18,5
601,6,4
601,7,4
601,11,4
601,16,5
602,18,4
602,6,4
602,7,5
602,11,5
602,16,5
603,18,4
603,11,5
603,51,5
603,31,4
603,34,4
604,18,4
604,6,5
604,7,4
604,11,5
604,16,5
605,18,5
605,11,5
605,51,5
605,31,5
605,34,4
606,18,4
606,6,5
606,7,4
606,11,4
606,16,4
607,18,4
607,6,5
607,7,4
607,11,5
607,16,4
608,18,5
608,11,5
608,51,4
608,31,5
608,34,4
609,18,5
609,6,5
609,7,5
609,8,4
609,11,4
610,18,5
610,6,4
610,7,4
610,8,4
610,11,4
611,18,5
611,11,4
611,51,5
611,31,4
611,34,4
612,18,5
612,6,4
612,7,5
612,11,5
612,16,5
613,18,4
613,11,5
613,51,5
613,31,5
613,34,5
614,3,5
614,4,5
614,9,5
614,10,4
614,12,5
615,18,4
615,11,4
615,51,4
615,31,5
615,34,5
616,18,4
616,6,4
616,7,5
616,8,4
616,11,4
617,18,4
617,11,5
617,51,5
617,31,5
617,34,4
618,18,4
618,6,4
618,7,4
618,11,5
618,16,4
619,18,5
619,11,5
619,51,4
619,31,4
619,34,5
620,18,4
620,11,5
620,51,4
620,31,4
620,34,5
621,18,5
621,11,4
621,51,5
621,31,5
621,34,4
622,18,4
622,6,4
622,7,4
622,11,4
622,16,4
623,3,5
623,4,4
623,9,5
623,10,4
623,12,4
624,18,4
624,11,5
624,51,4
624,31,4
624,34,5
625,18,5
625,6,4
625,7,4
625,11,4
625,16,5
626,18,5
626,6,4
626,7,4
626,11,4
626,16,5
627,18,5
627,6,4
627,7,4
627,8,4
627,11,4
628,18,4
628,6,5
628,7,5
628,8,5
628,11,5
629,18,4
629,11,4
629,51,4
629,31,4
629,34,5
630,18,4
630,11,4
630,51,5
630,31,4
630,34,4
631,18,5
631,6,4
631,7,4
631,11,4
631,16,4
632,18,5
632,6,5
632,7,5
632,11,5
632,16,4
633,18,4
633,6,5
633,7,4
633,8,5
633,11,4
634,18,4
634,6,5
634,7,5
634,8,5
634,11,4
635,18,5
635,6,4
635,7,4
635,11,4
635,16,4
636,18,4
636,6,4
636,7,5
636,8,5
636,11,4
637,18,5
637,11,5
637,51,4
637,31,4
637,34,5
638,18,5
638,11,5
638,51,4
638,31,5
638,34,4
639,18,4
639,6,4
639,7,4
639,11,5
639,16,4
640,18,5
640,11,4
640,51,5
640,31,5
640,34,5
641,18,5
641,11,5
641,51,4
641,31,4
641,34,4
642,18,4
642,11,5
642,51,4
642,31,5
642,34,4
643,18,4
643,11,4
643,51,4
643,31,4
643,34,5
644,18,5
644,11,4
644,51,4
644,31,4
644,34,4
645,18,4
645,11,5
645,51,4
645,31,5
645,34,5
646,18,5
646,11,5
646,51,4
646,31,4
646,34,5
647,18,4
647,6,4
647,7,4
647,11,4
647,16,4
648,18,5
648,11,5
648,51,5
648,31,4
648,34,4
649,18,5
649,6,4
649,7,5
649,8,5
649,11,5
650,18,4
650,6,4
650,7,5
650,11,4
650,16,4
651,18,5
651,11,5
651,51,5
651,31,5
651,34,5
652,18,4
652,11,4
652,51,5
652,31,5
652,34,4
653,18,4
653,6,4
653,7,5
653,11,5
653,16,4
654,18,4
654,6,4
654,7,5
654,11,5
654,16,4
655,18,5
655,11,4
655,51,4
655,31,5
655,34,5
656,18,5
656,6,4
656,7,4
656,11,4
656,16,4
657,18,5
657,6,5
657,7,5
657,11,5
657,16,5
658,18,4
658,6,5
658,7,4
658,11,4
658,16,4
659,3,4
659,4,5
659,9,4
659,10,4
659,12,5
660,18,4
660,11,5
660,51,5
660,31,4
660,34,4
661,18,4
661,11,4
661,51,5
661,31,5
661,34,5
662,18,4
662,11,5
662,51,4
662,31,4
662,34,5
663,18,5
663,11,4
663,51,4
663,31,4
663,34,5
664,3,4
664,4,4
664,9,5
664,10,5
664,12,5
665,18,5
665,6,5
665,7,4
665,11,4
665,16,5
666,18,4
666,11,5
666,51,5
666,31,4
666,34,4
667,18,5
667,11,5
667,51,4
667,31,4
667,34,5
668,18,4
668,11,4
668,51,5
668,31,5
668,34,5
669,18,4
669,11,5
669,51,4
669,31,5
669,34,5
670,18,4
670,6,5
670,7,4
670,8,4
670,11,5
671,18,5
671,11,5
671,51,5
671,31,5
671,34,4
672,18,4
672,6,4
672,7,4
672,11,4
672,16,4
673,18,4
673,6,5
673,7,4
673,11,5
673,16,5
674,18,5
674,11,4
674,51,5
674,31,4
674,34,5
675,18,5
675,11,4
675,51,4
675,31,5
675,34,4
676,18,4
676,11,5
676,51,5
676,31,4
676,34,4
677,18,4
677,11,4
677,51,4
677,31,4
677,34,4
678,18,4
678,6,4
678,7,5
678,8,4
678,11,4
679,3,5
679,4,4
679,9,4
679,10,4
679,12,4
680,18,5
680,6,5
680,7,4
680,11,5
680,16,4
681,18,5
681,6,4
681,7,5
681,11,4
681,16,4
682,18,4
682,11,5
682,51,4
682,31,5
682,34,5
683,18,4
683,11,4
683,51,4
683,31,5
683,34,5
684,18,4
684,6,5
684,7,4
684,11,4
684,16,5
685,18,5
685,6,4
685,7,4
685,8,5
685,11,5
686,18,4
686,6,5
686,7,5
686,11,5
686,16,5
687,18,5
687,11,4
687,51,4
687,31,5
687,34,5
688,18,5
688,6,5
688,7,5
688,8,5
688,11,5
689,18,4
689,11,4
689,51,4
689,31,4
689,34,5
690,18,5
690,11,4
690,51,5
690,31,4
690,34,5
691,18,5
691,11,5
691,51,4
691,31,4
691,34,5
692,18,4
692,6,4
692,7,5
692,11,4
692,16,4
693,18,4
693,6,4
693,7,4
693,8,4
693,11,5
694,18,5
694,6,4
694,7,5
694,11,5
694,16,4
695,18,5
695,6,4
695,7,4
695,11,4
695,16,5
696,18,5
696,6,4
696,7,5
696,11,4
696,16,4
697,3,4
697,4,5
697,9,4
697,10,5
697,12,4
698,18,5
698,6,5
698,7,5
698,11,5
698,16,4
699,18,4
699,11,4
699,51,5
699,31,5
699,34,5
700,18,5
700,6,4
700,7,4
700,8,5
700,11,5
701,18,4
701,6,4
701,7,4
701,8,4
701,11,4
702,18,5
702,11,5
702,51,4
702,31,4
702,34,4
703,3,4
703,4,5
703,9,5
703,10,4
703,12,4
704,18,5
704,11,5
704,51,4
704,31,5
704,34,4
705,18,5
705,11,5
705,51,4
705,31,5
705,34,4
706,18,4
706,6,5
706,7,4
706,11,5
706,16,5
707,18,5
707,6,5
707,7,5
707,11,5
707,16,5
708,18,4
708,11,4
708,51,4
708,31,5
708,34,4
709,18,4
709,6,5
709,7,5
709,8,4
709,11,4
710,18,5
710,6,4
710,7,4
710,8,4
710,11,5
711,18,5
711,6,4
711,7,5
711,8,4
711,11,4
712,18,4
712,11,4
712,51,5
712,31,5
712,34,4
713,18,4
713,11,5
713,51,4
713,31,5
713,34,5
714,18,5
714,11,4
714,51,4
714,31,5
714,34,4
715,18,5
715,11,4
715,51,5
715,31,5
715,34,5
716,18,5
716,11,4
716,51,5
716,31,4
716,34,5
717,3,4
717,4,4
717,9,5
717,10,5
717,12,5
718,18,5
718,11,5
718,51,5
718,31,5
718,34,5
719,18,5
719,6,4
719,7,4
719,11,5
719,16,4
720,18,4
720,11,4
720,51,4
720,31,5
720,34,4
721,18,4
721,11,4
721,51,4
721,31,5
721,34,4
722,18,5
722,6,4
722,7,4
722,11,4
722,16,5
723,18,5
723,11,5
723,51,4
723,31,5
723,34,4
724,18,4
724,11,5
724,51,5
724,31,5
724,34,5
725,18,4
725,11,4
725,51,4
725,31,4
725,34,5
726,18,4
726,11,4
726,51,4
726,31,5
726,34,5
727,18,4
727,6,5
727,7,4
727,8,5
727,11,5
728,18,4
728,6,5
728,7,4
728,11,4
728,16,4
729,18,4
729,6,5
729,7,4
729,11,5
729,16,4
730,18,4
730,11,5
730,51,4
730,31,4
730,34,4
731,18,4
731,11,5
731,51,5
731,31,4
731,34,5
732,3,5
732,4,5
732,9,5
732,10,5
732,12,4
733,18,5
733,11,5
733,51,4
733,31,5
733,34,5
734,18,5
734,11,5
734,51,4
734,31,4
734,34,4
735,18,4
735,6,5
735,7,5
735,8,4
735,11,5
736,3,5
736,4,5
736,9,5
736,10,4
736,12,4
737,18,4
737,6,5
737,7,4
737,11,5
737,16,4
738,3,4
738,4,4
738,9,4
738,10,5
738,12,4
739,18,5
739,6,4
739,7,5
739,11,4
739,16,5
740,18,4
740,6,4
740,7,5
740,11,4
740,16,5
741,3,4
741,4,5
741,9,5
741,10,4
741,12,5
742,18,5
742,11,4
742,51,4
742,31,4
742,34,4
743,3,4
743,4,4
743,9,5
743,10,5
743,12,4
744,18,4
744,11,4
744,51,5
744,31,5
744,34,4
745,18,4
745,11,5
745,51,4
745,31,5
745,34,5
746,18,4
746,11,5
746,51,5
746,31,5
746,34,5
747,18,5
747,11,4
747,51,4
747,31,5
747,34,5
748,18,5
748,11,5
748,51,5
748,31,4
748,34,4
749,18,5
749,11,5
749,51,5
749,31,4
749,34,4
750,18,4
750,6,5
750,7,5
750,8,4
750,11,4
751,18,4
751,6,4
751,7,5
751,11,5
751,16,5
752,18,5
752,11,4
752,51,5
752,31,5
752,34,5
753,18,5
753,6,4
753,7,5
753,11,5
753,16,4
754,18,4
754,6,5
754,7,5
754,11,5
754,16,4
755,18,5
755,11,5
755,51,5
755,31,4
755,34,4
756,18,4
756,11,4
756,51,5
756,31,4
756,34,5
757,18,5
757,11,5
757,51,4
757,31,5
757,34,4
758,18,5
758,6,5
758,7,4
758,11,5
758,16,5
759,18,4
759,11,5
759,51,4
759,31,4
759,34,4
760,18,5
760,11,5
760,51,4
760,31,5
760,34,5
761,18,4
761,11,4
761,51,4
761,31,5
761,34,4
762,18,5
762,11,4
762,51,4
762,31,5
762,34,4
763,18,4
763,11,5
763,51,4
763,31,5
763,34,5
764,3,5
764,4,5
764,9,5
764,10,5
764,12,4
765,18,4
765,11,4
765,51,4
765,31,4
765,34,5
766,18,5
766,6,5
766,7,4
766,11,5
766,16,4
767,3,4
767,4,5
767,9,4
767,10,5
767,12,5
768,18,5
768,11,4
768,51,4
768,31,4
768,34,5
769,18,5
769,11,4
769,51,5
769,31,4
769,34,5
770,18,5
770,11,4
770,51,5
770,31,4
770,34,4
771,18,4
771,6,4
771,7,4
771,8,4
771,11,4
772,18,4
772,11,5
772,51,5
772,31,5
772,34,4
773,18,5
773,11,4
773,51,5
773,31,4
773,34,4
774,18,5
774,11,5
774,51,4
774,31,4
774,34,5
775,18,4
775,6,4
775,7,4
775,8,5
775,11,4
776,18,5
776,11,5
776,51,5
776,31,5
776,34,4
777,18,4
777,6,5
777,7,4
777,8,5
777,11,4
778,18,5
778,11,5
778,51,5
778,31,4
778,34,4
779,18,4
779,11,5
779,51,5
779,31,5
779,34,4
780,18,4
780,6,5
780,7,5
780,11,5
780,16,4
781,3,4
781,4,5
781,9,4
781,10,4
781,12,5
782,18,5
782,11,5
782,51,4
782,31,4
782,34,4
783,18,5
783,11,5
783,51,5
783,31,5
783,34,4
784,3,4
784,4,5
784,9,5
784,10,5
784,12,5
785,18,4
785,11,4
785,51,5
785,31,4
785,34,5
786,18,5
786,6,4
786,7,4
786,11,4
786,16,5
787,18,5
787,11,4
787,51,4
787,31,5
787,34,5
788,18,5
788,11,4
788,51,4
788,31,5
788,34,4
789,18,4
789,11,5
789,51,5
789,31,5
789,34,4
790,18,5
790,11,4
790,51,4
790,31,5
790,34,4
791,18,5
791,11,4
791,51,5
791,31,5
791,34,5
792,18,4
792,11,5
792,51,5
792,31,5
792,34,4
793,18,4
793,11,5
793,51,5
793,31,5
793,34,5
794,18,5
794,6,5
794,7,5
794,11,4
794,16,4
795,18,4
795,11,4
795,51,4
795,31,5
795,34,5
796,18,4
796,11,4
796,51,5
796,31,5
796,34,4
797,18,5
797,11,5
797,51,4
797,31,5
797,34,5
798,18,5
798,11,5
798,51,5
798,31,5
798,34,5
799,18,5
799,11,4
799,51,5
799,31,4
799,34,5
800,18,5
800,11,4
800,51,4
800,31,4
800,34,5
801,18,4
801,11,5
801,51,4
801,31,5
801,34,5
802,18,5
802,11,4
802,51,4
802,31,5
802,34,4
803,18,4
803,11,5
803,51,4
803,31,5
803,34,5
804,18,5
804,11,4
804,51,5
804,31,5
804,34,5
805,18,4
805,11,4
805,51,4
805,31,4
805,34,4
806,18,4
806,11,4
806,51,4
806,31,5
806,34,5
807,18,5
807,6,5
807,7,5
807,8,5
807,11,5
808,18,5
808,6,4
808,7,5
808,11,5
808,16,5
809,18,5
809,11,4
809,51,4
809,31,5
809,34,5
810,18,4
810,11,5
810,51,4
810,31,4
810,34,5
811,18,4
811,6,4
811,7,4
811,11,4
811,16,4
812,18,5
812,11,5
812,51,4
812,31,4
812,34,5
813,18,4
813,11,5
813,51,4
813,31,4
813,34,4
814,18,4
814,6,5
814,7,4
814,11,4
814,16,5
815,18,5
815,11,5
815,51,4
815,31,4
815,34,4
816,18,4
816,6,5
816,7,4
816,11,4
816,16,5
817,18,4
817,11,4
817,51,5
817,31,4
817,34,4
818,18,5
818,11,5
818,51,5
818,31,5
818,34,5
819,18,4
819,11,5
819,51,4
819,31,4
819,34,5
820,18,5
820,11,5
820,51,5
820,31,4
820,34,4
821,18,4
821,11,4
821,51,4
821,31,5
821,34,4
822,18,4
822,6,4
822,7,4
822,11,5
822,16,4
823,18,5
823,11,4
823,51,5
823,31,5
823,34,5
824,18,4
824,11,5
824,51,5
824,31,4
824,34,5
825,18,4
825,6,5
825,7,5
825,11,5
825,16,4
826,18,5
826,6,4
826,7,4
826,11,5
826,16,4
827,18,5
827,11,4
827,51,4
827,31,4
827,34,4
828,18,4
828,11,5
828,51,5
828,31,5
828,34,5
829,18,5
829,11,4
829,51,5
829,31,4
829,34,4
830,18,4
830,6,4
830,7,4
830,8,4
830,11,5
831,18,5
831,11,4
831,51,4
831,31,5
831,34,5
832,18,4
832,6,5
832,7,5
832,11,5
832,16,4
833,3,5
833,4,4
833,9,4
833,10,5
833,12,4
834,18,4
834,11,4
834,51,4
834,31,5
834,34,5
835,18,4
835,6,4
835,7,4
835,8,4
835,11,4
836,18,4
836,11,4
836,51,4
836,31,4
836,34,4
837,18,5
837,6,5
837,7,5
837,11,5
837,16,4
838,18,4
838,11,4
838,51,4
838,31,5
838,34,4
839,18,4
839,6,5
839,7,5
839,11,5
839,16,4
840,18,5
840,11,5
840,51,4
840,31,4
840,34,4
841,3,4
841,4,5
841,9,5
841,10,4
841,12,4
842,18,4
842,11,4
842,51,4
842,31,4
842,34,5
843,18,5
843,11,5
843,51,5
843,31,4
843,34,5
844,18,4
844,11,4
844,51,5
844,31,5
844,34,5
845,18,4
845,11,5
845,51,4
845,31,4
845,34,4
846,3,4
846,4,5
846,9,4
846,10,5
846,12,4
847,18,4
847,11,4
847,51,4
847,31,5
847,34,5
848,18,4
848,11,5
848,51,4
848,31,4
848,34,4
849,18,4
849,11,5
849,51,5
849,31,4
849,34,4
850,18,4
850,11,5
850,51,5
850,31,5
850,34,4
851,18,4
851,11,5
851,51,5
851,31,4
851,34,5
852,3,4
852,4,4
852,9,5
852,10,4
852,12,5
853,18,5
853,11,4
853,51,4
853,31,5
853,34,5
854,18,5
854,11,4
854,51,4
854,31,4
854,34,5
855,18,4
855,11,5
855,51,5
855,31,4
855,34,4
856,18,4
856,6,5
856,7,5
856,8,4
856,11,5
857,3,4
857,4,5
857,9,4
857,10,5
857,12,4
858,18,4
858,11,5
858,51,4
858,31,4
858,34,5
859,18,4
859,11,4
859,51,4
859,31,4
859,34,4
860,3,4
860,4,4
860,9,5
860,10,5
860,12,4
861,18,5
861,11,5
861,51,5
861,31,4
861,34,4
862,18,4
862,6,5
862,7,4
862,11,5
862,16,5
863,3,4
863,4,5
863,9,4
863,10,5
863,12,5
864,18,5
864,6,5
864,7,5
864,11,4
864,16,4
865,3,4
865,4,5
865,9,4
865,10,4
865,12,4
866,18,4
866,11,5
866,51,4
866,31,5
866,34,5
867,18,5
867,6,5
867,7,5
867,11,5
867,16,5
868,18,5
868,6,4
868,7,5
868,8,4
868,11,4
869,18,4
869,11,4
869,51,5
869,31,5
869,34,5
870,18,5
870,6,5
870,7,4
870,8,4
870,11,4
871,3,5
871,4,4
871,9,4
871,10,4
871,12,5
872,18,4
872,6,5
872,7,4
872,11,5
872,16,5
873,18,4
873,6,5
873,7,5
873,8,4
873,11,4
874,18,5
874,6,5
874,7,5
874,8,4
874,11,4
875,18,4
875,6,4
875,7,4
875,11,4
875,16,4
876,18,5
876,11,5
876,51,5
876,31,5
876,34,4
877,18,4
877,11,5
877,51,5
877,31,5
877,34,4
878,18,5
878,6,4
878,7,4
878,8,4
878,11,5
879,18,5
879,11,4
879,51,5
879,31,4
879,34,4
880,18,5
880,6,5
880,7,4
880,8,4
880,11,5
881,18,5
881,11,4
881,51,5
881,31,5
881,34,5
882,18,5
882,6,5
882,7,4
882,8,5
882,11,4
883,18,4
883,11,4
883,51,4
883,31,5
883,34,4
884,18,5
884,6,5
884,7,4
884,11,4
884,16,4
885,18,4
885,11,5
885,51,5
885,31,5
885,34,4
886,18,4
886,6,5
886,7,4
886,8,4
886,11,5
887,18,5
887,11,4
887,51,5
887,31,5
887,34,4
888,3,4
888,4,4
888,9,4
888,10,4
888,12,4
889,18,4
889,6,5
889,7,5
889,8,4
889,11,5
890,18,4
890,6,4
890,7,4
890,11,4
890,16,5
891,18,4
891,11,5
891,51,5
891,31,5
891,34,4
892,18,5
892,11,4
892,51,4
892,31,5
892,34,5
893,3,4
893,4,4
893,9,5
893,10,5
893,12,4
894,3,5
894,4,4
894,9,5
894,10,5
894,12,4
895,18,4
895,11,4
895,51,4
895,31,4
895,34,4
896,18,4
896,6,4
896,7,4
896,8,4
896,11,4
897,18,4
897,11,5
897,51,4
897,31,5
897,34,4
898,18,5
898,11,5
898,51,4
898,31,5
898,34,5
899,18,4
899,6,4
899,7,4
899,11,5
899,16,4
900,18,4
900,6,5
900,7,4
900,8,5
900,11,5
901,18,4
901,6,5
901,7,4
901,11,4
901,16,5
902,18,4
902,6,4
902,7,5
902,8,5
902,11,4
903,18,4
903,11,5
903,51,4
903,31,5
903,34,4
904,18,4
904,11,4
904,51,5
904,31,4
904,34,4
905,18,5
905,6,5
905,7,4
905,11,5
905,16,4
906,18,5
906,11,5
906,51,4
906,31,5
906,34,4
907,18,5
907,6,4
907,7,5
907,8,5
907,11,5
908,18,5
908,11,4
908,51,4
908,31,4
908,34,4
909,18,4
909,11,4
909,51,4
909,31,4
909,34,4
910,18,5
910,11,4
910,51,4
910,31,5
910,34,5
911,18,4
911,6,4
911,7,5
911,11,4
911,16,4
912,18,4
912,11,5
912,51,5
912,31,4
912,34,5
913,18,4
913,11,4
913,51,4
913,31,4
913,34,5
914,18,4
914,6,5
914,7,4
914,11,4
914,16,5
915,18,4
915,11,5
915,51,4
915,31,4
915,34,4
916,18,4
916,6,4
916,7,5
916,8,4
916,11,4
917,18,5
917,11,4
917,51,5
917,31,5
917,34,5
918,18,5
918,11,4
918,51,5
918,31,4
918,34,5
919,3,4
919,4,5
919,9,4
919,10,4
919,12,4
920,18,4
920,11,4
920,51,4
920,31,4
920,34,5
921,18,5
921,6,5
921,7,5
921,11,5
921,16,5
922,18,4
922,11,5
922,51,4
922,31,4
922,34,5
923,18,5
923,11,4
923,51,4
923,31,5
923,34,4
924,18,5
924,6,4
924,7,4
924,8,5
924,11,4
925,18,5
925,6,4
925,7,5
925,11,5
925,16,5
926,18,5
926,6,5
926,7,5
926,8,5
926,11,5
927,18,5
927,6,5
927,7,5
927,11,4
927,16,4
928,18,5
928,6,5
928,7,4
928,11,4
928,16,4
929,18,4
929,6,4
929,7,5
929,11,4
929,16,4
930,18,4
930,11,4
930,51,4
930,31,4
930,34,4
931,3,5
931,4,5
931,9,4
931,10,4
931,12,5
932,18,5
932,6,5
932,7,4
932,8,5
932,11,5
933,18,5
933,11,4
933,51,4
933,31,5
933,34,4
934,18,5
934,6,5
934,7,4
934,11,4
934,16,5
935,18,4
935,6,5
935,7,5
935,8,4
935,11,5
936,18,4
936,6,4
936,7,4
936,11,4
936,16,4
937,3,4
937,4,4
937,9,5
937,10,5
937,12,5
938,18,4
938,6,4
938,7,4
938,8,4
938,11,5
939,18,4
939,6,4
939,7,5
939,11,5
939,16,5
940,18,4
940,11,5
940,51,4
940,31,5
940,34,5
941,18,4
941,11,4
941,51,5
941,31,5
941,34,4
942,18,4
942,6,4
942,7,4
942,11,4
942,16,4
943,18,4
943,11,5
943,51,5
943,31,5
943,34,5
944,18,5
944,11,5
944,51,5
944,31,5
944,34,5
945,18,4
945,6,5
945,7,5
945,11,4
945,16,4
946,18,5
946,6,4
946,7,5
946,11,5
946,16,4
947,18,5
947,11,5
947,51,5
947,31,4
947,34,4
948,3,4
948,4,5
948,9,4
948,10,5
948,12,4
949,18,5
949,11,4
949,51,5
949,31,4
949,34,4
950,18,4
950,11,4
950,51,4
950,31,4
950,34,4
951,18,4
951,6,4
951,7,4
951,8,5
951,11,5
952,18,4
952,11,5
952,51,5
952,31,5
952,34,4
953,18,4
953,11,4
953,51,5
953,31,4
953,34,5
954,18,4
954,11,4
954,51,5
954,31,4
954,34,5
955,18,4
955,11,4
955,51,4
955,31,5
955,34,4
956,3,5
956,4,5
956,9,4
956,10,4
956,12,5
957,18,5
957,11,4
957,51,5
957,31,4
957,34,5
958,18,4
958,6,5
958,7,5
958,11,5
958,16,5
959,18,4
959,6,5
959,7,5
959,8,5
959,11,5
960,18,5
960,11,4
960,51,5
960,31,4
960,34,4
961,18,5
961,11,4
961,51,4
961,31,5
961,34,5
962,18,5
962,6,5
962,7,4
962,8,5
962,11,4
963,18,5
963,11,5
963,51,5
963,31,5
963,34,5
964,18,4
964,11,4
964,51,4
964,31,4
964,34,5
965,18,5
965,11,5
965,51,4
965,31,4
965,34,5
966,18,4
966,11,5
966,51,5
966,31,4
966,34,5
967,3,5
967,4,4
967,9,4
967,10,4
967,12,4
968,18,4
968,11,5
968,51,4
968,31,5
968,34,4
969,18,5
969,11,5
969,51,5
969,31,4
969,34,4
970,18,4
970,6,4
970,7,4
970,11,4
970,16,4
971,18,4
971,11,4
971,51,5
971,31,4
971,34,5
972,18,5
972,6,4
972,7,4
972,11,4
972,16,4
973,18,4
973,11,4
973,51,5
973,31,4
973,34,4
974,18,4
974,11,4
974,51,4
974,31,4
974,34,4
975,18,4
975,6,4
975,7,5
975,11,5
975,16,4
976,18,4
976,11,4
976,51,4
976,31,5
976,34,4
977,18,5
977,11,5
977,51,4
977,31,4
977,34,4
978,18,5
978,11,4
978,51,4
978,31,5
978,34,5
979,18,4
979,11,5
979,51,5
979,31,4
979,34,4
980,18,5
980,6,4
980,7,4
980,8,4
980,11,4
981,18,5
981,6,4
981,7,4
981,11,5
981,16,4
982,18,5
982,11,5
982,51,4
982,31,4
982,34,5
983,18,4
983,11,4
983,51,5
983,31,5
983,34,5
984,3,5
984,4,5
984,9,5
984,10,5
984,12,4
985,18,5
985,6,4
985,7,5
985,11,4
985,16,4
986,18,5
986,11,4
986,51,5
986,31,5
986,34,5
987,18,5
987,11,5
987,51,5
987,31,5
987,34,5
988,18,5
988,11,4
988,51,4
988,31,4
988,34,4
989,3,5
989,4,5
989,9,5
989,10,5
989,12,4
990,18,5
990,6,4
990,7,5
990,8,4
990,11,4
991,3,4
991,4,5
991,9,5
991,10,4
991,12,5
992,18,4
992,11,5
992,51,4
992,31,4
992,34,4
993,18,4
993,11,5
993,51,5
993,31,5
993,34,4
994,18,5
994,11,5
994,51,5
994,31,5
994,34,5
995,3,4
995,4,5
995,9,5
995,10,5
995,12,5
996,18,5
996,6,5
996,7,5
996,8,4
996,11,5
997,3,4
997,4,5
997,9,5
997,10,4
997,12,4
998,3,4
998,4,5
998,9,5
998,10,4
998,12,4
999,18,4
999,6,4
999,7,5
999,8,5
999,11,5
1000,18,4
1000,6,5
1000,7,4
1000,8,5
1000,11,4
1001,18,4
1001,6,4
1001,7,4
1001,11,5
1001,16,5
1002,18,4
1002,11,5
1002,51,4
1002,31,5
1002,34,4
1003,18,5
1003,11,4
1003,51,4
1003,31,5
1003,34,4
1004,18,5
1004,6,4
1004,7,4
1004,8,4
1004,11,4
1005,18,5
1005,11,4
1005,51,4
1005,31,4
1005,34,5
1006,18,5
1006,6,4
1006,7,4
1006,11,4
1006,16,5
1007,18,4
1007,6,4
1007,7,4
1007,8,4
1007,11,4
1008,18,4
1008,11,5
1008,51,5
1008,31,5
1008,34,5
1009,18,4
1009,11,4
1009,51,4
1009,31,5
1009,34,4
1010,18,4
1010,11,4
1010,51,5
1010,31,5
1010,34,4
1011,3,4
1011,4,5
1011,9,5
1011,10,5
1011,12,4
1012,18,4
1012,11,4
1012,51,5
1012,31,5
1012,34,5
1013,18,5
1013,11,5
1013,51,5
1013,31,5
1013,34,4
1014,18,5
1014,11,4
1014,51,4
1014,31,4
1014,34,4
1015,18,4
1015,11,5
1015,51,5
1015,31,5
1015,34,5
1016,18,5
1016,11,4
1016,51,4
1016,31,4
1016,34,5
1017,18,5
1017,11,5
1017,51,4
1017,31,4
1017,34,5
1018,18,4
1018,11,5
1018,51,5
1018,31,4
1018,34,4
1019,3,5
1019,4,5
1019,9,5
1019,10,4
1019,12,5
1020,3,4
1020,4,5
1020,9,5
1020,10,4
1020,12,4
1021,18,4
1021,6,5
1021,7,4
1021,11,4
1021,16,4
1022,3,4
1022,4,4
1022,9,4
1022,10,4
1022,12,4
1023,18,4
1023,6,4
1023,7,5
1023,8,5
1023,11,4
1024,18,5
1024,11,5
1024,51,4
1024,31,5
1024,34,4
1025,18,5
1025,6,4
1025,7,5
1025,8,4
1025,11,5
1026,18,4
1026,6,5
1026,7,4
1026,11,4
1026,16,5
1027,18,5
1027,6,5
1027,7,4
1027,11,4
1027,16,5
1028,18,4
1028,11,5
1028,51,4
1028,31,4
1028,34,5
1029,18,5
1029,11,4
1029,51,5
1029,31,5
1029,34,4
1030,18,5
1030,11,5
1030,51,5
1030,31,5
1030,34,5
1031,18,4
1031,11,4
1031,51,4
1031,31,5
1031,34,4
1032,18,5
1032,6,5
1032,7,5
1032,8,4
1032,11,5
1033,18,4
1033,6,5
1033,7,4
1033,8,4
1033,11,5
1034,18,4
1034,6,5
1034,7,5
1034,11,5
1034,16,5
1035,18,5
1035,11,4
1035,51,5
1035,31,4
1035,34,4
1036,18,5
1036,6,4
1036,7,4
1036,11,5
1036,16,4
1037,18,5
1037,11,4
1037,51,5
1037,31,4
1037,34,4
1038,18,5
1038,11,5
1038,51,4
1038,31,5
1038,34,4
1039,18,5
1039,6,4
1039,7,5
1039,11,5
1039,16,5
1040,18,4
1040,6,5
1040,7,4
1040,8,5
1040,11,5
1041,18,4
1041,11,5
1041,51,4
1041,31,5
1041,34,5
1042,3,5
1042,4,5
1042,9,4
1042,10,5
1042,12,4
1043,18,5
1043,6,5
1043,7,5
1043,8,5
1043,11,5
1044,18,5
1044,6,5
1044,7,4
1044,8,4
1044,11,5
1045,18,4
1045,6,4
1045,7,5
1045,11,4
1045,16,4
1046,18,4
1046,6,4
1046,7,5
1046,11,5
1046,16,5
1047,3,5
1047,4,5
1047,9,5
1047,10,4
1047,12,4
1048,18,5
1048,11,5
1048,51,5
1048,31,4
1048,34,4
1049,18,5
1049,11,4
1049,51,4
1049,31,5
1049,34,5
1050,18,5
1050,6,5
1050,7,4
1050,8,5
1050,11,4
1051,18,4
1051,11,5
1051,51,4
1051,31,5
1051,34,4
1052,18,4
1052,6,5
1052,7,5
1052,11,5
1052,16,4
1053,18,5
1053,6,5
1053,7,4
1053,11,4
1053,16,4
1054,18,4
1054,6,5
1054,7,4
1054,11,5
1054,16,4
1055,18,5
1055,11,5
1055,51,5
1055,31,4
1055,34,4
1056,18,5
1056,11,4
1056,51,5
1056,31,4
1056,34,5
1057,3,4
1057,4,5
1057,9,4
1057,10,4
1057,12,4
1058,18,5
1058,11,5
1058,51,5
1058,31,5
1058,34,5
1059,18,5
1059,11,4
1059,51,4
1059,31,4
1059,34,4
1060,3,5
1060,4,5
1060,9,4
1060,10,4
1060,12,5
1061,18,4
1061,11,4
1061,51,4
1061,31,4
1061,34,5
1062,18,4
1062,6,4
1062,7,4
1062,8,5
1062,11,4
1063,18,5
1063,11,4
1063,51,5
1063,31,5
1063,34,5
1064,18,4
1064,11,5
1064,51,5
1064,31,5
1064,34,5
1065,18,4
1065,6,5
1065,7,5
1065,8,5
1065,11,5
1066,18,5
1066,6,4
1066,7,4
1066,8,5
1066,11,4
1067,18,4
1067,11,4
1067,51,4
1067,31,4
1067,34,4
1068,18,5
1068,11,4
1068,51,4
1068,31,5
1068,34,4
1069,18,5
1069,11,4
1069,51,4
1069,31,5
1069,34,4
1070,3,4
1070,4,5
1070,9,5
1070,10,4
1070,12,4
1071,18,4
1071,6,4
1071,7,5
1071,8,4
1071,11,5
1072,18,5
1072,6,5
1072,7,5
1072,11,4
1072,16,5
1073,18,5
1073,11,4
1073,51,5
1073,31,4
1073,34,5
1074,18,4
1074,11,4
1074,51,4
1074,31,4
1074,34,5
1075,18,5
1075,11,4
1075,51,5
1075,31,5
1075,34,4
1076,18,4
1076,11,5
1076,51,5
1076,31,4
1076,34,5
1077,18,4
1077,6,5
1077,7,4
1077,8,4
1077,11,4
1078,3,4
1078,4,5
1078,9,5
1078,10,4
1078,12,4
1079,18,5
1079,11,5
1079,51,4
1079,31,4
1079,34,5
1080,18,5
1080,6,4
1080,7,4
1080,8,5
1080,11,5
1081,18,5
1081,11,4
1081,51,4
1081,31,4
1081,34,5
1082,18,4
1082,11,5
1082,51,5
1082,31,5
1082,34,4
1083,18,4
1083,11,4
1083,51,4
1083,31,4
1083,34,5
1084,18,4
1084,11,4
1084,51,5
1084,31,5
1084,34,4
1085,18,5
1085,6,4
1085,7,4
1085,8,5
1085,11,4
1086,18,5
1086,11,5
1086,51,4
1086,31,5
1086,34,4
1087,18,5
1087,6,5
1087,7,4
1087,11,4
1087,16,4
1088,3,5
1088,4,4
1088,9,4
1088,10,4
1088,12,5
1089,3,5
1089,4,4
1089,9,5
1089,10,5
1089,12,5
1090,18,5
1090,11,5
1090,51,5
1090,31,4
1090,34,4
1091,18,5
1091,11,5
1091,51,4
1091,31,5
1091,34,4
1092,3,5
1092,4,5
1092,9,4
1092,10,4
1092,12,4
1093,18,4
1093,11,5
1093,51,5
1093,31,5
1093,34,5
1094,18,4
1094,6,4
1094,7,5
1094,8,4
1094,11,5
1095,18,4
1095,6,4
1095,7,4
1095,8,4
1095,11,4
1096,18,5
1096,11,4
1096,51,4
1096,31,4
1096,34,4
1097,18,5
1097,6,4
1097,7,4
1097,8,4
1097,11,4
1098,18,5
1098,6,4
1098,7,5
1098,8,4
1098,11,5
1099,3,5
1099,4,5
1099,9,4
1099,10,5
1099,12,4
1100,18,5
1100,11,5
1100,51,4
1100,31,4
1100,34,4
1101,18,5
1101,11,5
1101,51,4
1101,31,4
1101,34,5
1102,18,5
1102,6,5
1102,7,4
1102,11,4
1102,16,4
1103,18,4
1103,6,5
1103,7,5
1103,11,5
1103,16,5
1104,18,4
1104,11,5
1104,51,5
1104,31,4
1104,34,5
1105,18,5
1105,11,5
1105,51,5
1105,31,5
1105,34,5
1106,18,4
1106,6,4
1106,7,5
1106,11,5
1106,16,4
1107,18,4
1107,11,4
1107,51,5
1107,31,5
1107,34,5
1108,18,5
1108,11,5
1108,51,4
1108,31,4
1108,34,5
1109,18,4
1109,6,4
1109,7,4
1109,11,5
1109,16,4
1110,18,5
1110,6,5
1110,7,4
1110,8,5
1110,11,4
1111,18,5
1111,6,4
1111,7,4
1111,11,4
1111,16,5
1112,18,4
1112,11,5
1112,51,5
1112,31,4
1112,34,5
1113,18,4
1113,6,5
1113,7,4
1113,11,4
1113,16,5
1114,18,5
1114,6,5
1114,7,5
1114,11,4
1114,16,4
1115,18,4
1115,11,5
1115,51,4
1115,31,4
1115,34,5
1116,18,5
1116,11,4
1116,51,5
1116,31,5
1116,34,5
1117,18,4
1117,6,4
1117,7,5
1117,8,5
1117,11,4
1118,3,4
1118,4,4
1118,9,4
1118,10,5
1118,12,5
1119,3,5
1119,4,5
1119,9,4
1119,10,5
1119,12,4
1120,18,5
1120,11,4
1120,51,5
1120,31,5
1120,34,5
1121,3,4
1121,4,5
1121,9,5
1121,10,5
1121,12,4
1122,18,5
1122,11,4
1122,51,4
1122,31,5
1122,34,5
1123,18,4
1123,6,5
1123,7,5
1123,11,5
1123,16,4
1124,18,4
1124,11,5
1124,51,5
1124,31,5
1124,34,4
1125,18,4
1125,6,5
1125,7,4
1125,11,5
1125,16,5
1126,18,5
1126,6,4
1126,7,4
1126,8,4
1126,11,5
1127,18,4
1127,11,4
1127,51,4
1127,31,4
1127,34,4
1128,18,4
1128,11,4
1128,51,5
1128,31,4
1128,34,4
1129,18,4
1129,6,5
1129,7,4
1129,11,4
1129,16,5
1130,18,5
1130,11,4
1130,51,4
1130,31,5
1130,34,4
1131,18,4
1131,11,5
1131,51,5
1131,31,4
1131,34,4
1132,18,5
1132,11,4
1132,51,5
1132,31,4
1132,34,5
1133,18,5
1133,11,4
1133,51,5
1133,31,5
1133,34,5
1134,18,5
1134,6,4
1134,7,4
1134,11,4
1134,16,5
1135,18,5
1135,11,5
1135,51,4
1135,31,5
1135,34,4
1136,18,4
1136,11,4
1136,51,5
1136,31,4
1136,34,5
1137,18,5
1137,11,4
1137,51,4
1137,31,4
1137,34,4
1138,3,4
1138,4,5
1138,9,5
1138,10,5
1138,12,5
1139,18,5
1139,11,4
1139,51,4
1139,31,5
1139,34,5
1140,18,4
1140,11,5
1140,51,4
1140,31,5
1140,34,4
1141,18,5
1141,6,4
1141,7,4
1141,11,5
1141,16,5
1142,18,4
1142,6,5
1142,7,5
1142,8,4
1142,11,5
1143,3,4
1143,4,5
1143,9,4
1143,10,4
1143,12,5
1144,18,4
1144,11,5
1144,51,4
1144,31,5
1144,34,5
1145,18,4
1145,11,4
1145,51,4
1145,31,4
1145,34,4
1146,18,4
1146,11,4
1146,51,4
1146,31,4
1146,34,4
1147,18,4
1147,6,4
1147,7,4
1147,11,5
1147,16,4
1148,18,4
1148,6,4
1148,7,5
1148,8,5
1148,11,5
1149,18,5
1149,6,5
1149,7,4
1149,11,4
1149,16,4
1150,18,4
1150,11,4
1150,51,5
1150,31,4
1150,34,4
1151,18,5
1151,11,5
1151,51,4
1151,31,4
1151,34,4
1152,18,5
1152,11,4
1152,51,5
1152,31,5
1152,34,5
1153,18,5
1153,11,4
1153,51,5
1153,31,5
1153,34,4
1154,18,4
1154,6,5
1154,7,5
1154,8,5
1154,11,5
1155,18,4
1155,11,5
1155,51,5
1155,31,5
1155,34,4
1156,18,5
1156,11,4
1156,51,4
1156,31,4
1156,34,5
1157,18,5
1157,11,4
1157,51,4
1157,31,5
1157,34,4
1158,18,5
1158,6,5
1158,7,4
1158,11,5
1158,16,5
1159,18,5
1159,11,4
1159,51,4
1159,31,4
1159,34,4
1160,18,5
1160,11,4
1160,51,4
1160,31,5
1160,34,4
1161,3,4
1161,4,5
1161,9,5
1161,10,5
1161,12,5
1162,18,4
1162,11,4
1162,51,5
1162,31,5
1162,34,4
1163,18,5
1163,6,4
1163,7,4
1163,11,5
1163,16,4
1164,18,5
1164,11,5
1164,51,4
1164,31,4
1164,34,4
1165,18,4
1165,11,4
1165,51,4
1165,31,5
1165,34,4
1166,18,5
1166,6,4
1166,7,4
1166,8,4
1166,11,4
1167,3,5
1167,4,5
1167,9,4
1167,10,5
1167,12,4
1168,18,5
1168,11,4
1168,51,4
1168,31,4
1168,34,4
1169,18,5
1169,11,4
1169,51,4
1169,31,4
1169,34,5
1170,18,4
1170,11,5
1170,51,5
1170,31,5
1170,34,5
1171,18,4
1171,6,5
1171,7,5
1171,8,5
1171,11,4
1172,18,5
1172,11,4
1172,51,5
1172,31,5
1172,34,5
1173,18,4
1173,11,5
1173,51,4
1173,31,4
1173,34,5
1174,18,5
1174,6,5
1174,7,5
1174,11,5
1174,16,4
1175,18,5
1175,6,5
1175,7,4
1175,11,5
1175,16,4
1176,18,5
1176,6,4
1176,7,4
1176,8,4
1176,11,5
1177,18,4
1177,11,5
1177,51,5
1177,31,5
1177,34,4
1178,18,5
1178,11,5
1178,51,4
1178,31,5
1178,34,5
1179,18,4
1179,6,4
1179,7,4
1179,11,5
1179,16,4
1180,18,5
1180,6,5
1180,7,5
1180,11,4
1180,16,4
1181,18,5
1181,11,5
1181,51,4
1181,31,4
1181,34,5
1182,18,5
1182,11,4
1182,51,4
1182,31,5
1182,34,4
1183,3,4
1183,4,5
1183,9,4
1183,10,4
1183,12,5
1184,18,5
1184,6,4
1184,7,4
1184,8,5
1184,11,4
1185,18,4
1185,6,5
1185,7,5
1185,11,4
1185,16,4
1186,18,4
1186,11,4
1186,51,4
1186,31,4
1186,34,4
1187,3,5
1187,4,4
1187,9,4
1187,10,4
1187,12,5
1188,18,4
1188,11,5
1188,51,4
1188,31,5
1188,34,5
1189,18,5
1189,11,5
1189,51,4
1189,31,4
1189,34,4
1190,18,5
1190,11,5
1190,51,5
1190,31,4
1190,34,4
1191,18,5
1191,11,4
1191,51,4
1191,31,5
1191,34,4
1192,18,4
1192,11,4
1192,51,4
1192,31,5
1192,34,5
1193,18,5
1193,11,5
1193,51,4
1193,31,4
1193,34,5
1194,18,5
1194,6,5
1194,7,5
1194,11,4
1194,16,4
1195,18,4
1195,11,4
1195,51,4
1195,31,4
1195,34,5
1196,18,4
1196,11,4
1196,51,4
1196,31,5
1196,34,4
1197,18,4
1197,11,4
1197,51,4
1197,31,5
1197,34,4
1198,18,5
1198,6,5
1198,7,4
1198,8,4
1198,11,4
1199,18,5
1199,6,4
1199,7,4
1199,8,4
1199,11,5
1200,18,5
1200,11,5
1200,51,5
1200,31,4
1200,34,5
1201,18,5
1201,6,5
1201,7,5
1201,8,4
1201,11,5
1202,18,5
1202,6,5
1202,7,5
1202,11,4
1202,16,4
1203,18,5
1203,6,5
1203,7,4
1203,11,5
1203,16,4
1204,3,4
1204,4,5
1204,9,4
1204,10,4
1204,12,5
1205,18,5
1205,11,4
1205,51,4
1205,31,5
1205,34,4
1206,18,4
1206,6,4
1206,7,4
1206,11,4
1206,16,4
1207,18,4
1207,11,4
1207,51,4
1207,31,4
1207,34,4
1208,18,4
1208,6,5
1208,7,5
1208,11,5
1208,16,4
1209,18,4
1209,11,5
1209,51,5
1209,31,5
1209,34,4
1210,18,4
1210,11,4
1210,51,4
1210,31,4
1210,34,4
1211,18,5
1211,11,4
1211,51,4
1211,31,4
1211,34,4
1212,3,5
1212,4,5
1212,9,5
1212,10,5
1212,12,4
1213,18,4
1213,6,4
1213,7,4
1213,8,5
1213,11,4
1214,18,5
1214,11,4
1214,51,4
1214,31,5
1214,34,4
1215,18,5
1215,11,4
1215,51,5
1215,31,5
1215,34,5
1216,3,4
1216,4,5
1216,9,5
1216,10,4
1216,12,4
1217,18,5
1217,11,5
1217,51,5
1217,31,4
1217,34,4
1218,18,4
1218,6,4
1218,7,5
1218,8,5
1218,11,4
1219,18,5
1219,11,5
1219,51,5
1219,31,5
1219,34,5
1220,18,5
1220,11,5
1220,51,5
1220,31,4
1220,34,4
1221,18,5
1221,6,5
1221,7,5
1221,11,4
1221,16,5
1222,18,5
1222,6,5
1222,7,5
1222,11,5
1222,16,4
1223,18,4
1223,11,4
1223,51,4
1223,31,4
1223,34,5
1224,3,4
1224,4,4
1224,9,4
1224,10,4
1224,12,5
1225,18,4
1225,11,4
1225,51,4
1225,31,4
1225,34,5
1226,3,5
1226,4,5
1226,9,5
1226,10,5
1226,12,5
1227,18,5
1227,11,5
1227,51,5
1227,31,5
1227,34,4
1228,18,4
1228,6,4
1228,7,5
1228,8,4
1228,11,5
1229,18,4
1229,11,4
1229,51,5
1229,31,5
1229,34,5
1230,18,4
1230,6,5
1230,7,4
1230,11,5
1230,16,5
1231,18,4
1231,11,5
1231,51,4
1231,31,4
1231,34,4
1232,18,4
1232,11,4
1232,51,5
1232,31,5
1232,34,4
1233,18,4
1233,6,4
1233,7,5
1233,11,4
1233,16,4
1234,18,4
1234,11,4
1234,51,4
1234,31,5
1234,34,5
1235,18,4
1235,11,5
1235,51,5
1235,31,4
1235,34,5
1236,18,5
1236,11,5
1236,51,4
1236,31,5
1236,34,5
1237,18,5
1237,11,5
1237,51,5
1237,31,5
1237,34,5
1238,18,5
1238,11,4
1238,51,4
1238,31,5
1238,34,5
1239,18,5
1239,6,4
1239,7,5
1239,11,4
1239,16,4
1240,18,5
1240,11,5
1240,51,4
1240,31,5
1240,34,4
1241,3,5
1241,4,4
1241,9,4
1241,10,4
1241,12,4
1242,18,5
1242,11,4
1242,51,4
1242,31,5
1242,34,4
1243,18,5
1243,11,5
1243,51,5
1243,31,5
1243,34,5
1244,18,5
1244,6,5
1244,7,4
1244,11,4
1244,16,5
1245,18,4
1245,11,4
1245,51,5
1245,31,5
1245,34,4
1246,18,5
1246,6,4
1246,7,4
1246,8,5
1246,11,5
1247,18,4
1247,11,4
1247,51,5
1247,31,5
1247,34,5
1248,18,4
1248,11,4
1248,51,4
1248,31,4
1248,34,4
1249,18,4
1249,6,4
1249,7,4
1249,11,4
1249,16,4
1250,18,4
1250,11,5
1250,51,4
1250,31,5
1250,34,4
1251,18,5
1251,6,5
1251,7,5
1251,8,5
1251,11,5
1252,18,5
1252,6,4
1252,7,5
1252,11,4
1252,16,5
1253,18,4
1253,6,4
1253,7,5
1253,8,5
1253,11,4
1254,18,5
1254,11,4
1254,51,4
1254,31,5
1254,34,5
1255,18,4
1255,6,4
1255,7,5
1255,11,5
1255,16,5
1256,18,4
1256,11,4
1256,51,4
1256,31,5
1256,34,4
1257,18,4
1257,11,5
1257,51,4
1257,31,4
1257,34,4
1258,3,4
1258,4,5
1258,9,5
1258,10,4
1258,12,5
1259,18,4
1259,11,5
1259,51,5
1259,31,4
1259,34,4
1260,18,5
1260,11,5
1260,51,5
1260,31,5
1260,34,5
1261,18,4
1261,6,4
1261,7,4
1261,8,5
1261,11,4
1262,18,5
1262,11,4
1262,51,5
1262,31,4
1262,34,5
1263,18,5
1263,11,4
1263,51,5
1263,31,5
1263,34,5
1264,18,5
1264,11,4
1264,51,4
1264,31,5
1264,34,5
1265,3,5
1265,4,4
1265,9,5
1265,10,5
1265,12,4
1266,18,5
1266,11,5
1266,51,5
1266,31,4
1266,34,4
1267,18,4
1267,6,5
1267,7,4
1267,8,5
1267,11,4
1268,18,4
1268,11,4
1268,51,4
1268,31,4
1268,34,4
1269,18,5
1269,11,5
1269,51,4
1269,31,5
1269,34,5
1270,18,4
1270,6,4
1270,7,5
1270,8,5
1270,11,4
1271,18,5
1271,11,5
1271,51,4
1271,31,5
1271,34,4
1272,18,4
1272,6,5
1272,7,4
1272,8,4
1272,11,5
1273,18,5
1273,11,5
1273,51,5
1273,31,5
1273,34,4
1274,18,4
1274,11,4
1274,51,5
1274,31,5
1274,34,5
1275,18,5
1275,11,5
1275,51,4
1275,31,4
1275,34,5
1276,18,4
1276,11,5
1276,51,4
1276,31,4
1276,34,5
1277,3,5
1277,4,5
1277,9,5
1277,10,4
1277,12,5
1278,18,4
1278,11,4
1278,51,4
1278,31,4
1278,34,5
1279,18,4
1279,6,4
1279,7,4
1279,11,5
1279,16,5
1280,18,4
1280,11,4
1280,51,4
1280,31,5
1280,34,4
1281,18,5
1281,6,5
1281,7,4
1281,8,5
1281,11,4
1282,3,5
1282,4,5
1282,9,4
1282,10,4
1282,12,5
1283,18,4
1283,11,4
1283,51,4
1283,31,5
1283,34,4
1284,18,4
1284,11,4
1284,51,5
1284,31,5
1284,34,5
1285,18,4
1285,6,4
1285,7,4
1285,8,4
1285,11,4
1286,18,5
1286,11,4
1286,51,4
1286,31,5
1286,34,4
1287,18,5
1287,6,4
1287,7,4
1287,11,4
1287,16,5
1288,18,5
1288,11,4
1288,51,5
1288,31,4
1288,34,4
1289,18,5
1289,11,5
1289,51,4
1289,31,5
1289,34,5
1290,18,5
1290,11,4
1290,51,5
1290,31,5
1290,34,5
1291,3,5
1291,4,5
1291,9,4
1291,10,5
1291,12,5
1292,3,5
1292,4,4
1292,9,5
1292,10,5
1292,12,4
1293,18,5
1293,6,5
1293,7,4
1293,11,4
1293,16,5
1294,18,4
1294,11,5
1294,51,5
1294,31,4
1294,34,4
1295,3,5
1295,4,5
1295,9,4
1295,10,5
1295,12,4
1296,18,5
1296,6,5
1296,7,5
1296,11,5
1296,16,4
1297,18,4
1297,11,4
1297,51,4
1297,31,5
1297,34,4
1298,18,4
1298,6,5
1298,7,5
1298,11,5
1298,16,5
1299,18,4
1299,11,4
1299,51,4
1299,31,4
1299,34,4
1300,18,4
1300,6,4
1300,7,4
1300,11,5
1300,16,5
1301,18,5
1301,11,4
1301,51,5
1301,31,4
1301,34,5
1302,18,5
1302,6,5
1302,7,5
1302,11,4
1302,16,4
1303,18,4
1303,11,5
1303,51,5
1303,31,5
1303,34,5
1304,18,4
1304,6,4
1304,7,4
1304,8,5
1304,11,4
1305,18,4
1305,11,5
1305,51,5
1305,31,4
1305,34,4
1306,18,4
1306,11,4
1306,51,5
1306,31,5
1306,34,5
1307,18,4
1307,6,5
1307,7,4
1307,8,4
1307,11,5
1308,18,5
1308,6,4
1308,7,5
1308,8,5
1308,11,5
1309,18,4
1309,6,5
1309,7,5
1309,8,5
1309,11,4
1310,18,4
1310,11,5
1310,51,4
1310,31,5
1310,34,4
1311,18,4
1311,6,5
1311,7,5
1311,11,5
1311,16,5
1312,18,5
1312,11,4
1312,51,5
1312,31,4
1312,34,5
1313,18,5
1313,6,5
1313,7,4
1313,8,4
1313,11,5
1314,18,5
1314,11,5
1314,51,4
1314,31,4
1314,34,4
1315,18,5
1315,6,5
1315,7,5
1315,11,4
1315,16,4
1316,18,5
1316,6,5
1316,7,4
1316,11,5
1316,16,5
1317,18,4
1317,6,4
1317,7,5
1317,11,5
1317,16,4
1318,3,5
1318,4,5
1318,9,5
1318,10,5
1318,12,5
1319,3,5
1319,4,5
1319,9,4
1319,10,5
1319,12,5
1320,18,4
1320,11,4
1320,51,5
1320,31,4
1320,34,5
1321,18,5
1321,11,4
1321,51,5
1321,31,5
1321,34,4
1322,18,5
1322,11,4
1322,51,5
1322,31,5
1322,34,5
1323,18,5
1323,11,5
1323,51,4
1323,31,5
1323,34,4
1324,18,5
1324,11,5
1324,51,4
1324,31,5
1324,34,4
1325,18,4
1325,11,4
1325,51,5
1325,31,4
1325,34,4
1326,18,4
1326,6,4
1326,7,4
1326,8,5
1326,11,5
1327,18,4
1327,11,4
1327,51,4
1327,31,4
1327,34,5
1328,18,5
1328,11,5
1328,51,4
1328,31,5
1328,34,4
1329,18,5
1329,11,5
1329,51,4
1329,31,5
1329,34,4
1330,3,5
1330,4,5
1330,9,4
1330,10,4
1330,12,5
1331,18,4
1331,6,4
1331,7,4
1331,11,4
1331,16,4
1332,18,5
1332,11,5
1332,51,4
1332,31,4
1332,34,5
1333,18,5
1333,6,4
1333,7,4
1333,11,4
1333,16,5
1334,3,5
1334,4,4
1334,9,5
1334,10,5
1334,12,5
1335,18,5
1335,6,5
1335,7,4
1335,11,4
1335,16,5
1336,18,5
1336,11,5
1336,51,5
1336,31,4
1336,34,5
1337,18,4
1337,11,5
1337,51,4
1337,31,5
1337,34,4
1338,18,4
1338,6,4
1338,7,4
1338,11,5
1338,16,5
1339,18,5
1339,11,5
1339,51,5
1339,31,4
1339,34,5
1340,18,5
1340,6,4
1340,7,4
1340,11,4
1340,16,4
1341,18,4
1341,11,4
1341,51,4
1341,31,5
1341,34,4
1342,18,5
1342,6,4
1342,7,4
1342,8,5
1342,11,4
1343,18,4
1343,6,5
1343,7,5
1343,11,4
1343,16,5
1344,18,5
1344,6,5
1344,7,5
1344,11,4
1344,16,5
1345,18,4
1345,11,4
1345,51,4
1345,31,5
1345,34,4
1346,18,4
1346,11,4
1346,51,4
1346,31,5
1346,34,5
1347,3,5
1347,4,4
1347,9,5
1347,10,5
1347,12,4
1348,18,4
1348,11,5
1348,51,5
1348,31,5
1348,34,4
1349,18,4
1349,6,4
1349,7,4
1349,11,5
1349,16,4
1350,18,4
1350,6,4
1350,7,4
1350,8,4
1350,11,4
1351,18,4
1351,11,4
1351,51,4
1351,31,4
1351,34,5
1352,18,4
1352,11,5
1352,51,4
1352,31,5
1352,34,5
1353,18,4
1353,6,5
1353,7,5
1353,11,5
1353,16,5
1354,18,4
1354,6,5
1354,7,5
1354,11,4
1354,16,5
1355,18,5
1355,6,5
1355,7,4
1355,8,4
1355,11,4
1356,18,5
1356,6,5
1356,7,5
1356,11,5
1356,16,5
1357,18,5
1357,11,5
1357,51,4
1357,31,4
1357,34,4
1358,18,4
1358,6,5
1358,7,5
1358,11,5
1358,16,5
1359,18,4
1359,11,4
1359,51,5
1359,31,4
1359,34,5
1360,18,4
1360,6,4
1360,7,5
1360,11,5
1360,16,4
1361,18,5
1361,6,5
1361,7,4
1361,11,5
1361,16,5
1362,3,4
1362,4,4
1362,9,5
1362,10,4
1362,12,4
1363,18,4
1363,11,4
1363,51,4
1363,31,4
1363,34,5
1364,18,4
1364,6,5
1364,7,5
1364,8,4
1364,11,4
1365,18,4
1365,11,5
1365,51,4
1365,31,4
1365,34,5
1366,18,4
1366,6,4
1366,7,5
1366,8,4
1366,11,5
1367,18,5
1367,11,4
1367,51,4
1367,31,5
1367,34,5
1368,3,4
1368,4,4
1368,9,4
1368,10,4
1368,12,4
1369,18,5
1369,6,5
1369,7,5
1369,11,5
1369,16,4
1370,18,4
1370,11,4
1370,51,5
1370,31,5
1370,34,4
1371,18,4
1371,11,4
1371,51,5
1371,31,5
1371,34,5
1372,18,5
1372,11,4
1372,51,5
1372,31,4
1372,34,4
1373,3,5
1373,4,4
1373,9,5
1373,10,5
1373,12,4
1374,3,5
1374,4,5
1374,9,4
1374,10,4
1374,12,4
1375,18,5
1375,6,4
1375,7,5
1375,11,5
1375,16,5
1376,18,5
1376,6,5
1376,7,5
1376,8,4
1376,11,5
1377,18,4
1377,6,5
1377,7,5
1377,11,5
1377,16,5
1378,18,4
1378,11,4
1378,51,4
1378,31,4
1378,34,4
1379,18,4
1379,6,4
1379,7,4
1379,8,5
1379,11,4
1380,18,4
1380,6,5
1380,7,4
1380,8,5
1380,11,4
1381,18,4
1381,11,4
1381,51,5
1381,31,4
1381,34,5
1382,18,4
1382,11,5
1382,51,5
1382,31,5
1382,34,5
1383,18,4
1383,11,5
1383,51,4
1383,31,5
1383,34,4
1384,18,5
1384,11,5
1384,51,5
1384,31,4
1384,34,5
1385,18,4
1385,6,4
1385,7,4
1385,8,5
1385,11,5
1386,18,5
1386,6,4
1386,7,4
1386,11,4
1386,16,4
1387,18,5
1387,11,4
1387,51,5
1387,31,4
1387,34,5
1388,3,4
1388,4,5
1388,9,5
1388,10,5
1388,12,4
1389,18,5
1389,6,4
1389,7,4
1389,8,5
1389,11,4
1390,18,4
1390,11,5
1390,51,5
1390,31,4
1390,34,4
1391,18,5
1391,6,4
1391,7,4
1391,8,4
1391,11,5
1392,18,4
1392,11,5
1392,51,4
1392,31,4
1392,34,4
1393,18,5
1393,11,5
1393,51,5
1393,31,4
1393,34,4
1394,18,4
1394,11,5
1394,51,5
1394,31,4
1394,34,5
1395,18,4
1395,11,4
1395,51,5
1395,31,4
1395,34,4
1396,18,4
1396,11,4
1396,51,5
1396,31,5
1396,34,5
1397,18,4
1397,6,4
1397,7,4
1397,8,4
1397,11,4
1398,18,5
1398,6,5
1398,7,4
1398,11,5
1398,16,4
1399,3,5
1399,4,5
1399,9,4
1399,10,4
1399,12,5
1400,18,5
1400,11,5
1400,51,4
1400,31,5
1400,34,4
1401,18,5
1401,11,4
1401,51,4
1401,31,4
1401,34,5
1402,18,5
1402,11,5
1402,51,4
1402,31,4
1402,34,5
1403,18,5
1403,6,4
1403,7,5
1403,8,4
1403,11,4
1404,18,4
1404,11,4
1404,51,4
1404,31,5
1404,34,4
1405,3,4
1405,4,5
1405,9,5
1405,10,5
1405,12,5
1406,18,5
1406,6,4
1406,7,4
1406,11,4
1406,16,4
1407,18,4
1407,6,4
1407,7,4
1407,11,5
1407,16,4
1408,18,4
1408,6,5
1408,7,4
1408,11,4
1408,16,4
1409,3,4
1409,4,5
1409,9,5
1409,10,4
1409,12,5
1410,18,4
1410,11,4
1410,51,5
1410,31,4
1410,34,4
1411,3,4
1411,4,4
1411,9,5
1411,10,5
1411,12,4
1412,18,5
1412,6,4
1412,7,4
1412,11,4
1412,16,5
1413,18,5
1413,11,4
1413,51,5
1413,31,5
1413,34,5
1414,18,5
1414,6,4
1414,7,5
1414,8,5
1414,11,4
1415,3,4
1415,4,4
1415,9,5
1415,10,5
1415,12,4
1416,18,4
1416,11,5
1416,51,5
1416,31,4
1416,34,5
1417,18,4
1417,11,5
1417,51,5
1417,31,4
1417,34,5
1418,18,4
1418,6,5
1418,7,4
1418,8,4
1418,11,5
1419,18,5
1419,6,4
1419,7,4
1419,8,4
1419,11,5
1420,18,4
1420,11,5
1420,51,4
1420,31,5
1420,34,5
1421,18,4
1421,11,5
1421,51,5
1421,31,5
1421,34,5
1422,18,5
1422,11,5
1422,51,5
1422,31,4
1422,34,5
1423,18,4
1423,6,4
1423,7,5
1423,11,4
1423,16,5
1424,18,5
1424,11,5
1424,51,5
1424,31,5
1424,34,4
1425,18,4
1425,6,4
1425,7,4
1425,11,4
1425,16,4
1426,18,5
1426,11,5
1426,51,5
1426,31,5
1426,34,5
1427,18,5
1427,11,5
1427,51,4
1427,31,5
1427,34,5
1428,18,4
1428,11,4
1428,51,5
1428,31,4
1428,34,4
1429,18,4
1429,6,5
1429,7,5
1429,11,5
1429,16,4
1430,18,5
1430,11,4
1430,51,5
1430,31,5
1430,34,5
1431,18,4
1431,6,5
1431,7,5
1431,11,4
1431,16,4
1432,18,5
1432,11,4
1432,51,5
1432,31,4
1432,34,5
1433,18,4
1433,11,4
1433,51,5
1433,31,5
1433,34,5
1434,18,4
1434,6,5
1434,7,4
1434,11,5
1434,16,4
1435,18,4
1435,11,4
1435,51,5
1435,31,5
1435,34,4
1436,18,4
1436,11,5
1436,51,4
1436,31,4
1436,34,5
1437,18,4
1437,11,4
1437,51,5
1437,31,4
1437,34,4
1438,3,5
1438,4,5
1438,9,4
1438,10,4
1438,12,5
1439,18,5
1439,6,5
1439,7,4
1439,11,5
1439,16,4
1440,18,4
1440,11,5
1440,51,5
1440,31,5
1440,34,4
1441,3,4
1441,4,4
1441,9,5
1441,10,4
1441,12,4
1442,3,4
1442,4,5
1442,9,5
1442,10,5
1442,12,5
1443,18,4
1443,11,5
1443,51,4
1443,31,5
1443,34,5
1444,18,5
1444,11,5
1444,51,4
1444,31,5
1444,34,4
1445,18,4
1445,6,4
1445,7,4
1445,8,4
1445,11,5
1446,18,5
1446,11,4
1446,51,4
1446,31,5
1446,34,4
1447,18,5
1447,11,4
1447,51,4
1447,31,5
1447,34,4
1448,18,5
1448,11,5
1448,51,5
1448,31,4
1448,34,4
1449,18,4
1449,6,5
1449,7,5
1449,8,5
1449,11,4
1450,18,4
1450,11,5
1450,51,4
1450,31,4
1450,34,5
1451,18,4
1451,11,4
1451,51,5
1451,31,5
1451,34,5
1452,18,5
1452,6,5
1452,7,4
1452,11,5
1452,16,4
1453,18,4
1453,6,4
1453,7,5
1453,11,4
1453,16,4
1454,18,5
1454,11,4
1454,51,4
1454,31,5
1454,34,5
1455,18,4
1455,6,4
1455,7,4
1455,11,5
1455,16,5
1456,18,4
1456,6,5
1456,7,4
1456,11,5
1456,16,5
1457,18,5
1457,6,5
1457,7,5
1457,11,4
1457,16,4
1458,18,5
1458,11,4
1458,51,4
1458,31,4
1458,34,4
1459,18,5
1459,11,5
1459,51,4
1459,31,5
1459,34,5
1460,18,4
1460,6,4
1460,7,5
1460,8,4
1460,11,5
1461,18,5
1461,11,4
1461,51,4
1461,31,4
1461,34,5
1462,18,4
1462,6,4
1462,7,5
1462,8,4
1462,11,5
1463,18,5
1463,11,4
1463,51,5
1463,31,5
1463,34,5
1464,18,4
1464,6,5
1464,7,4
1464,8,5
1464,11,4
1465,18,5
1465,11,4
1465,51,5
1465,31,4
1465,34,5
1466,18,4
1466,11,5
1466,51,5
1466,31,4
1466,34,5
1467,18,5
1467,11,5
1467,51,5
1467,31,4
1467,34,5
1468,18,4
1468,11,5
1468,51,4
1468,31,5
1468,34,4
1469,3,4
1469,4,4
1469,9,4
1469,10,5
1469,12,4
1470,18,5
1470,6,5
1470,7,4
1470,8,4
1470,11,4
1471,3,5
1471,4,4
1471,9,4
1471,10,5
1471,12,4
1472,18,4
1472,6,4
1472,7,4
1472,8,5
1472,11,4
1473,18,5
1473,6,5
1473,7,4
1473,11,4
1473,16,4
1474,18,4
1474,6,4
1474,7,4
1474,8,5
1474,11,4
1475,18,5
1475,11,5
1475,51,5
1475,31,4
1475,34,5
1476,18,4
1476,6,5
1476,7,4
1476,8,5
1476,11,5
1477,18,5
1477,6,4
1477,7,4
1477,8,5
1477,11,4
1478,18,5
1478,11,5
1478,51,4
1478,31,4
1478,34,5
1479,3,5
1479,4,5
1479,9,5
1479,10,4
1479,12,4
1480,18,5
1480,6,4
1480,7,5
1480,11,5
1480,16,4
1481,18,5
1481,11,5
1481,51,5
1481,31,5
1481,34,5
1482,18,5
1482,11,4
1482,51,5
1482,31,4
1482,34,5
1483,18,5
1483,11,4
1483,51,4
1483,31,5
1483,34,5
1484,18,5
1484,6,5
1484,7,5
1484,8,4
1484,11,5
1485,18,5
1485,11,4
1485,51,5
1485,31,4
1485,34,4
1486,18,4
1486,11,5
1486,51,5
1486,31,5
1486,34,5
1487,18,4
1487,6,5
1487,7,4
1487,11,5
1487,16,4
1488,18,4
1488,11,4
1488,51,5
1488,31,5
1488,34,5
1489,18,4
1489,6,4
1489,7,4
1489,8,5
1489,11,5
1490,18,4
1490,11,5
1490,51,4
1490,31,5
1490,34,5
1491,18,4
1491,6,4
1491,7,5
1491,11,4
1491,16,4
1492,18,5
1492,6,5
1492,7,4
1492,11,4
1492,16,5
1493,18,4
1493,6,4
1493,7,5
1493,11,5
1493,16,4
1494,18,5
1494,11,4
1494,51,4
1494,31,5
1494,34,4
1495,18,5
1495,6,5
1495,7,4
1495,11,5
1495,16,5
1496,18,4
1496,6,4
1496,7,5
1496,8,5
1496,11,5
1497,18,4
1497,6,5
1497,7,5
1497,11,4
1497,16,4
1498,18,4
1498,6,5
1498,7,4
1498,11,5
1498,16,5
1499,18,4
1499,11,4
1499,51,4
1499,31,4
1499,34,5
1500,18,4
1500,11,5
1500,51,5
1500,31,4
1500,34,5
