-0.0011323466,-0.20060158,-0.028292624,-0.107847326,0.111195944,0.22265832,-0.2724478,0.12671046,0.22035965,-0.24536219,-0.2819651,-0.24354695,0.006959298,0.20405695,-0.088461705,0.03656932,-0.14705008,0.29638126,-0.14339472,-0.2699973,0.0033508153,-0.21149653,-0.27253002,-0.2008393,-0.106912404,-0.12504037,0.22889806,0.019889822,-0.038213793,-0.21383171,-0.0781105,0.035392985
-0.011919759,-0.21172616,-0.031376593,-0.10653415,0.10053505,0.21209785,-0.2754706,0.12876011,0.20991065,-0.2465118,-0.25159925,-0.25736699,-0.028500156,0.21196274,-0.08608117,0.048510578,-0.15456825,0.29551288,-0.16693626,-0.26439857,0.0010626501,-0.20735347,-0.26040936,-0.20292349,-0.1470412,-0.12523276,0.22935656,0.031034244,-0.065442845,-0.213509,-0.049624994,0.03287947
-0.0020549858,-0.2010506,-0.025989763,-0.10922757,0.11352474,0.23444825,-0.26848048,0.12673861,0.21943913,-0.24064769,-0.2842272,-0.23977964,0.009776115,0.19965638,-0.092145465,0.04484531,-0.1427158,0.29962584,-0.14002287,-0.26308182,-0.0022292854,-0.21604073,-0.28199974,-0.20013626,-0.09742608,-0.12124415,0.2251739,0.021073122,-0.03440088,-0.21645105,-0.078963175,0.036574975
-0.012408985,-0.21170273,-0.03091897,-0.106801435,0.100748695,0.21328917,-0.2745159,0.12908578,0.20959604,-0.24544594,-0.25033334,-0.25708434,-0.029861655,0.21139614,-0.086157426,0.050396957,-0.15423873,0.29607874,-0.16755068,-0.26426062,-0.0004024328,-0.20809822,-0.2603745,-0.20315313,-0.14731611,-0.12528548,0.22912817,0.032068253,-0.066791944,-0.21448198,-0.04841541,0.03255587
-0.0015150306,-0.20145935,-0.028186705,-0.10776292,0.111032695,0.2220396,-0.27246514,0.1265843,0.21959902,-0.24539787,-0.28141525,-0.24417758,0.0059799743,0.20389281,-0.088826194,0.03691448,-0.14743514,0.2964596,-0.14400609,-0.26971838,0.003174989,-0.21176426,-0.27277204,-0.200908,-0.10796501,-0.12482756,0.22866832,0.0198724,-0.038402453,-0.213566,-0.077253655,0.035805788
-0.032535482,-0.22326568,-0.03771185,-0.117131,0.08685424,0.21867178,-0.26149118,0.12077264,0.19829275,-0.23922025,-0.19652034,-0.26651704,-0.08637021,0.23305291,-0.087811485,0.073011525,-0.16104434,0.2890646,-0.19815253,-0.22769615,0.00077430956,-0.19891663,-0.23522276,-0.19756848,-0.22283661,-0.11301767,0.21947235,0.057748083,-0.13514183,-0.21654457,-0.0021269121,0.031428088
-0.039340634,-0.22490826,-0.036485728,-0.121110246,0.083385885,0.21990111,-0.2546581,0.11755791,0.19331357,-0.23406896,-0.17646165,-0.2681869,-0.10663108,0.23911782,-0.08883436,0.081674844,-0.16247667,0.2845484,-0.20741518,-0.21571516,-0.0014208334,-0.19673099,-0.22342543,-0.1949831,-0.2459462,-0.10796325,0.21327329,0.06567675,-0.15786624,-0.21915129,0.014425423,0.029889673
-0.04457398,-0.22664845,-0.034077212,-0.12491607,0.081123546,0.22173567,-0.24896462,0.1142814,0.1876825,-0.23076393,-0.16219386,-0.27021527,-0.12126255,0.24306697,-0.086645655,0.09025986,-0.16211224,0.279116,-0.21227235,-0.20722409,-0.003196758,-0.19330178,-0.2177942,-0.1934087,-0.262417,-0.1039662,0.20708722,0.070647776,-0.17221978,-0.22014916,0.028545674,0.030887038
-0.010885582,-0.20843959,-0.029572364,-0.10752296,0.105499156,0.22473015,-0.2710696,0.1302753,0.2124007,-0.24018218,-0.25931233,-0.24959877,-0.016138207,0.20372121,-0.08921425,0.053544816,-0.14623193,0.30009365,-0.1583949,-0.26184705,-0.006026559,-0.21447596,-0.27251136,-0.20572956,-0.12542287,-0.12280768,0.22930099,0.030401608,-0.05309599,-0.21898477,-0.05617385,0.031945746
0.0035663683,-0.1943602,-0.025017638,-0.11362982,0.1193279,0.25156033,-0.2633918,0.1262039,0.22531696,-0.23424867,-0.29626238,-0.2324474,0.026903808,0.19353634,-0.095115386,0.049387164,-0.13486613,0.30210313,-0.1267733,-0.25559536,-0.0018722262,-0.2183201,-0.29080987,-0.1967671,-0.07454226,-0.11913571,0.22153498,0.016169837,-0.025277253,-0.21705595,-0.09260359,0.03889129
-0.040675752,-0.22599527,-0.033060923,-0.1227273,0.08364078,0.22034091,-0.25413054,0.116419554,0.19039531,-0.23480935,-0.17467223,-0.27093545,-0.10976422,0.2404778,-0.08585166,0.0856415,-0.16188195,0.28137898,-0.20729524,-0.2153446,-0.002136538,-0.19424601,-0.22527838,-0.1949627,-0.24818523,-0.107025236,0.21037807,0.065164566,-0.1579084,-0.22013035,0.018711815,0.032098074
-0.003881236,-0.20200276,-0.025981229,-0.11015937,0.1130945,0.23722917,-0.26810467,0.12636136,0.21903268,-0.24012794,-0.2822073,-0.23992547,0.008353691,0.19941448,-0.09205762,0.048604097,-0.14134614,0.30131257,-0.14085963,-0.25920138,-0.003783641,-0.21563624,-0.28470722,-0.20003083,-0.09707456,-0.1206929,0.22514583,0.022595935,-0.03506351,-0.21650088,-0.077037595,0.036503416
0.0059803776,-0.19374804,-0.026015762,-0.115347534,0.12050179,0.2581887,-0.2622312,0.12494556,0.22678654,-0.22981063,-0.2994371,-0.22962725,0.032006655,0.19315276,-0.096002944,0.051922757,-0.1304198,0.3038137,-0.1229818,-0.25033525,3.5641624e-05,-0.2195656,-0.29382774,-0.1963079,-0.0663302,-0.11661953,0.22084133,0.015382452,-0.019627845,-0.21770927,-0.097128056,0.039942782
0.002853464,-0.19478251,-0.023383187,-0.11395058,0.1197576,0.25512254,-0.26208606,0.1260478,0.22475542,-0.23310518,-0.29609373,-0.2312624,0.026589079,0.1921243,-0.09606935,0.05172495,-0.13339713,0.30285114,-0.12656385,-0.2536115,-0.004398891,-0.2193957,-0.29415953,-0.19614516,-0.07219365,-0.11792933,0.22007263,0.017613048,-0.024569247,-0.21777941,-0.09262827,0.03876648
-0.0016882652,-0.20037203,-0.02628193,-0.10903649,0.11315109,0.23750709,-0.26861644,0.12600163,0.21973236,-0.24052061,-0.2889501,-0.2388268,0.015432253,0.19968097,-0.092217155,0.045347378,-0.14069566,0.30085456,-0.13674822,-0.25921923,-0.00227911,-0.21458305,-0.28589666,-0.19946809,-0.09202959,-0.12012772,0.22422913,0.01817075,-0.029829921,-0.21563908,-0.0813495,0.0373492
-0.047822002,-0.22705461,-0.034461148,-0.123933025,0.07894584,0.22078475,-0.24692059,0.114106596,0.1855153,-0.22890525,-0.15429918,-0.26920503,-0.12839137,0.24410772,-0.08833106,0.09254834,-0.1631236,0.2785858,-0.21739258,-0.20210351,-0.004945322,-0.19329773,-0.21313967,-0.19133256,-0.26778665,-0.10257785,0.20587187,0.07418778,-0.17886955,-0.2221686,0.032775663,0.028530248
-0.007265932,-0.20573813,-0.027558932,-0.106110945,0.108087614,0.22269845,-0.27170667,0.12838519,0.21510807,-0.24522878,-0.27367616,-0.24520008,-0.0015708533,0.2021974,-0.08796063,0.044224955,-0.14657575,0.2989023,-0.1496419,-0.26605627,-0.0019974415,-0.2123432,-0.27667287,-0.2026674,-0.113237746,-0.124168985,0.22775438,0.025630279,-0.04178956,-0.21606193,-0.069229744,0.035956778
-0.0483615,-0.22710937,-0.03460231,-0.124118656,0.0785632,0.22099318,-0.24625956,0.11385194,0.18507296,-0.22845848,-0.15270908,-0.26911387,-0.129724,0.2443691,-0.088348605,0.09328035,-0.16305313,0.27825484,-0.21799293,-0.20088167,-0.0051129768,-0.19304381,-0.21245544,-0.19115561,-0.26941022,-0.10210287,0.20544042,0.07488838,-0.18054336,-0.22222345,0.034072228,0.028415397
-0.047225498,-0.22697172,-0.034357533,-0.1237106,0.079344615,0.2206003,-0.24762948,0.114403374,0.18600135,-0.22941014,-0.15605882,-0.26927513,-0.12685849,0.24378358,-0.08831613,0.09177294,-0.16316493,0.27898556,-0.21672533,-0.20339479,-0.0047834436,-0.19358002,-0.21397479,-0.19154432,-0.2659517,-0.10307632,0.2063742,0.07343142,-0.17700446,-0.22210146,0.0313425,0.028645122
0.013523726,-0.18699987,-0.013848097,-0.11764825,0.12382321,0.2790086,-0.24657096,0.12586533,0.23174183,-0.2156131,-0.30497465,-0.22001675,0.047680024,0.18784595,-0.10208273,0.05279256,-0.116204225,0.3083885,-0.11302326,-0.25244793,-0.0058897235,-0.22998081,-0.3065642,-0.18551835,-0.045430828,-0.10833071,0.2153704,0.008455781,-0.0111748725,-0.21698858,-0.11226031,0.04602186
-0.030135488,-0.21380039,-0.028032053,-0.112374686,0.096466966,0.2369801,-0.2537525,0.13182348,0.2016017,-0.23307611,-0.21652266,-0.25420582,-0.06447025,0.21354342,-0.08581014,0.08261465,-0.14877778,0.29894358,-0.18822782,-0.245195,-0.017593864,-0.21276245,-0.25713366,-0.20072521,-0.17858437,-0.12058537,0.22259186,0.057572175,-0.10913113,-0.22622293,-0.018185891,0.02383055
-0.026785925,-0.21402873,-0.03004339,-0.1111852,0.09722406,0.23038445,-0.2597316,0.13180807,0.20256145,-0.2343199,-0.22147244,-0.2569032,-0.059190407,0.21383686,-0.087562434,0.076284826,-0.15106621,0.2983735,-0.18504591,-0.24858174,-0.0134377275,-0.21188891,-0.2559472,-0.20288667,-0.17426841,-0.12025046,0.22407912,0.05203279,-0.10108713,-0.22440116,-0.022121964,0.02643906
-0.04181833,-0.22114156,-0.031283207,-0.11849465,0.08775704,0.23228881,-0.24895631,0.12453153,0.19249336,-0.2294044,-0.18234836,-0.262591,-0.0997979,0.22908509,-0.08753459,0.09222879,-0.15520641,0.29035372,-0.20574614,-0.22270326,-0.013691912,-0.20453858,-0.23591745,-0.19742508,-0.22535466,-0.11106692,0.21447943,0.068681344,-0.1469835,-0.22690387,0.011362643,0.025506303
-0.038591035,-0.2198141,-0.031692244,-0.11648859,0.089799955,0.23260598,-0.251559,0.12658533,0.19506852,-0.23084742,-0.19208692,-0.26120794,-0.0897074,0.22541416,-0.08733216,0.08876654,-0.15396145,0.2930192,-0.20105785,-0.22873706,-0.0136868125,-0.20638268,-0.2418899,-0.19903462,-0.21287388,-0.11343088,0.21751657,0.06515785,-0.13563061,-0.22646108,0.003310477,0.025701363
-0.0025092314,-0.20031425,-0.022850478,-0.108278625,0.11436113,0.23760799,-0.26501098,0.129321,0.22072266,-0.24002215,-0.28443208,-0.23773307,0.01062938,0.19620249,-0.09036737,0.046617955,-0.14081663,0.29956123,-0.13920891,-0.26438093,-0.0051647862,-0.21719947,-0.28505152,-0.20068142,-0.09504948,-0.1232731,0.22222222,0.0239114,-0.034170806,-0.21888387,-0.0796454,0.035445374
-0.026229173,-0.21370894,-0.02977651,-0.110393316,0.09756045,0.23171447,-0.2596104,0.1326297,0.20303132,-0.23474617,-0.22392628,-0.25502968,-0.056727838,0.2118265,-0.08697074,0.07619471,-0.14961502,0.29896948,-0.18344156,-0.24989733,-0.013988021,-0.21256736,-0.25844663,-0.20286791,-0.16972084,-0.121367104,0.22509481,0.052267212,-0.09803208,-0.22448069,-0.024264213,0.026032798
-0.03099437,-0.21837586,-0.03348033,-0.11300506,0.09218105,0.22640984,-0.26029554,0.1282913,0.19872671,-0.23690885,-0.21075915,-0.26138705,-0.070559986,0.22196874,-0.08728326,0.07727135,-0.15462509,0.2951704,-0.19206227,-0.23926166,-0.008800107,-0.20668729,-0.2493803,-0.20043561,-0.19358999,-0.116664864,0.22255301,0.05471074,-0.113675,-0.22240047,-0.012440154,0.028460123
-0.024681581,-0.21498702,-0.030000439,-0.10984249,0.096969135,0.22755834,-0.26260954,0.13189486,0.20330991,-0.23590127,-0.22561638,-0.25773916,-0.055446893,0.2128745,-0.086313136,0.07310266,-0.15084517,0.29762957,-0.18266031,-0.25117835,-0.011232923,-0.21085702,-0.2581445,-0.20313716,-0.16961448,-0.12150183,0.2250083,0.04936618,-0.094346516,-0.22351931,-0.02579687,0.027412292
-0.019867731,-0.21193928,-0.030542724,-0.10895994,0.099523716,0.22320214,-0.2671822,0.13197805,0.20555879,-0.23915131,-0.2370786,-0.25527593,-0.04366888,0.21102084,-0.087931134,0.06487505,-0.15195386,0.29867128,-0.17604437,-0.2576169,-0.0088018235,-0.21162857,-0.2587311,-0.20303708,-0.15776673,-0.1237031,0.22771825,0.04283596,-0.083305344,-0.22038797,-0.035198513,0.028989604
-0.008825247,-0.20520106,-0.026638974,-0.10809147,0.10919854,0.22863138,-0.2700978,0.12928699,0.21485838,-0.24208972,-0.26720408,-0.24490857,-0.008487536,0.20098205,-0.08932158,0.05103246,-0.14521487,0.29972306,-0.1522842,-0.2640321,-0.0058489223,-0.21504268,-0.276444,-0.20396765,-0.1153919,-0.12355714,0.2276382,0.028781762,-0.047873985,-0.21798666,-0.06392962,0.03325353
-0.053772796,-0.22369958,-0.027825162,-0.12696046,0.079950556,0.23272286,-0.23486458,0.11446319,0.18301263,-0.22117782,-0.14238787,-0.26175177,-0.13912547,0.23955946,-0.08826984,0.106523335,-0.1574287,0.27804896,-0.22081937,-0.19634412,-0.017975703,-0.19902451,-0.21319999,-0.1895701,-0.27118227,-0.100650676,0.20017086,0.08474417,-0.19308001,-0.23092882,0.038543347,0.022966562
-0.045410004,-0.22502057,-0.032243647,-0.124387816,0.081837974,0.22177401,-0.2475566,0.11539407,0.18763715,-0.22868507,-0.16034389,-0.26913777,-0.12354001,0.2421978,-0.08871644,0.092086025,-0.16319625,0.27968997,-0.21478388,-0.20795527,-0.0070114797,-0.19561851,-0.21516669,-0.19224183,-0.260626,-0.104744606,0.20620129,0.07142319,-0.17399392,-0.22401154,0.028819675,0.027903238
-0.04354275,-0.22484754,-0.031247953,-0.1231401,0.08320611,0.2223165,-0.24927509,0.117278084,0.1885227,-0.23013249,-0.16602235,-0.26924717,-0.11871726,0.23939092,-0.08761015,0.092388295,-0.16227017,0.28117764,-0.21289735,-0.21211468,-0.008193539,-0.19606665,-0.22043978,-0.19332027,-0.25235918,-0.10718911,0.20752367,0.069686145,-0.16632283,-0.22504899,0.024880582,0.027982866
-0.059171222,-0.22699174,-0.031663593,-0.1266082,0.07278626,0.22736646,-0.23243643,0.10996371,0.1766659,-0.221157,-0.12864846,-0.265753,-0.14994515,0.2466382,-0.0866184,0.10914575,-0.16014536,0.27161205,-0.22687641,-0.18137239,-0.013362409,-0.19064292,-0.20658006,-0.18618418,-0.2914382,-0.09418316,0.19546755,0.08704451,-0.2074092,-0.22605655,0.052754875,0.025639286
-0.048631642,-0.22856213,-0.041084554,-0.123452306,0.073235534,0.22217867,-0.24322905,0.111906916,0.184794,-0.22654538,-0.14950693,-0.2687091,-0.12822329,0.24509628,-0.087651856,0.09545219,-0.1628503,0.27701265,-0.21887699,-0.18976715,-0.0033412778,-0.19133738,-0.21499647,-0.19034937,-0.27945518,-0.09787786,0.20452802,0.07709306,-0.190241,-0.22049393,0.036965314,0.029004334
-0.008670763,-0.20505518,-0.026560673,-0.10810212,0.109369464,0.22894436,-0.27001622,0.12920056,0.21499464,-0.24212252,-0.26786426,-0.24463008,-0.007763392,0.20086771,-0.08939384,0.050904416,-0.14508568,0.2997766,-0.15179992,-0.2639584,-0.0058001,-0.21508023,-0.27684253,-0.20381634,-0.1145837,-0.12347926,0.22751804,0.028553456,-0.04731045,-0.21793889,-0.06447021,0.03342965
-0.012031154,-0.20779335,-0.024503069,-0.10624012,0.10698181,0.22562484,-0.26800832,0.13305059,0.2121291,-0.24080351,-0.25617385,-0.24720176,-0.021229634,0.19912218,-0.08693599,0.056585673,-0.14706886,0.29839167,-0.16003688,-0.26701513,-0.010536572,-0.21627657,-0.2719873,-0.20593861,-0.12768605,-0.12651707,0.22669059,0.036781866,-0.059174154,-0.22115076,-0.055529255,0.030554604
-0.025538411,-0.21293408,-0.029573146,-0.11058737,0.09723127,0.22937912,-0.26085335,0.13222049,0.2027925,-0.23558964,-0.22537178,-0.25612563,-0.054092,0.21222654,-0.087719664,0.07508756,-0.15055534,0.29876631,-0.18331093,-0.24996492,-0.013815504,-0.21314411,-0.25842825,-0.20238505,-0.17014286,-0.12070154,0.22471154,0.049765322,-0.09807487,-0.22393593,-0.025466733,0.026546149
-0.010109664,-0.21306118,-0.028522354,-0.10644626,0.10233772,0.21247067,-0.27477407,0.12883256,0.21116403,-0.24374954,-0.25262392,-0.25778654,-0.027224055,0.20752153,-0.08475762,0.05022846,-0.15344088,0.29564598,-0.16383107,-0.26644883,-0.0021445658,-0.20765665,-0.26413172,-0.20552436,-0.14132081,-0.12649253,0.22739133,0.03125546,-0.05972678,-0.21669619,-0.0509047,0.034110203
-0.019839374,-0.2138715,-0.028127035,-0.11157249,0.09875116,0.21992524,-0.26687405,0.13002214,0.20482552,-0.23766653,-0.2298134,-0.26116037,-0.053534746,0.21459337,-0.08799394,0.067627355,-0.155347,0.2953916,-0.18071273,-0.2559962,-0.007945037,-0.20930272,-0.25312042,-0.20247537,-0.16986288,-0.122728385,0.22331533,0.043025553,-0.092840046,-0.22179165,-0.02912563,0.029601354
0.0029076566,-0.19622757,-0.025629807,-0.111384,0.116997115,0.24318282,-0.26575842,0.12761326,0.2241452,-0.23727088,-0.29330656,-0.23566838,0.023113227,0.1956679,-0.09330966,0.044853527,-0.13791145,0.3010553,-0.13108158,-0.2604934,0.0002699864,-0.21665439,-0.28502187,-0.19821884,-0.08232948,-0.12140733,0.22278616,0.016576493,-0.027176624,-0.2172192,-0.0898732,0.038101226
0.0021632358,-0.19842744,-0.028327001,-0.10897326,0.11349314,0.23224536,-0.26998356,0.1266925,0.22295794,-0.24190906,-0.2905018,-0.24020207,0.018699717,0.19943276,-0.09127037,0.038537085,-0.142366,0.29933274,-0.13536644,-0.26438373,0.0035593177,-0.2135112,-0.27801818,-0.20016313,-0.09150703,-0.1240375,0.22534753,0.01486441,-0.028699316,-0.21548223,-0.086534604,0.037022468
-0.022660032,-0.22072029,-0.030423053,-0.115865126,0.093844146,0.21268994,-0.26927283,0.12320665,0.2024034,-0.24253373,-0.21665187,-0.2695152,-0.07095659,0.22867566,-0.08562811,0.06397762,-0.16187477,0.28720894,-0.18739888,-0.24670777,0.0029617702,-0.19917345,-0.24145585,-0.19884521,-0.19856487,-0.11936572,0.21976048,0.045226302,-0.10878332,-0.21694404,-0.017619332,0.033889726
0.009648005,-0.18986714,-0.016950514,-0.117091894,0.12267753,0.27150032,-0.2515903,0.125941,0.22902225,-0.2220539,-0.30112615,-0.22435512,0.04043665,0.18915787,-0.10067363,0.050102267,-0.12119102,0.3064731,-0.11823464,-0.25536975,-0.0052732523,-0.2265642,-0.3021304,-0.18732722,-0.053308863,-0.11253734,0.21699202,0.010989785,-0.014864223,-0.21725112,-0.10695602,0.044666592
0.005727937,-0.19357124,-0.024262795,-0.11414797,0.12032252,0.25498223,-0.2616594,0.12683776,0.22594596,-0.23173271,-0.29779568,-0.23096609,0.030416822,0.19271329,-0.095812105,0.050174788,-0.13159138,0.30277056,-0.12490587,-0.2548336,-0.0014392879,-0.22023241,-0.29295987,-0.1952252,-0.07009109,-0.11774025,0.22072701,0.015173235,-0.022534553,-0.21729197,-0.09617786,0.04026161
0.009983154,-0.18934079,-0.019147374,-0.1176149,0.12313468,0.27096546,-0.25302002,0.12594767,0.22979881,-0.22244646,-0.30203262,-0.22416891,0.041188996,0.18974718,-0.09970349,0.050949372,-0.12208663,0.30627993,-0.11748091,-0.25405297,-0.0027185462,-0.22525339,-0.29984608,-0.18853906,-0.052777898,-0.11348136,0.21794009,0.011555915,-0.015306951,-0.21713024,-0.1071542,0.044343676
0.017386345,-0.18288851,-0.0055691455,-0.119934745,0.12556197,0.2917975,-0.237427,0.12663327,0.23517555,-0.2095604,-0.30457953,-0.21428569,0.054098357,0.18379074,-0.10593168,0.05011461,-0.106590174,0.3097106,-0.10865998,-0.25717908,-0.0096604815,-0.23478425,-0.31240407,-0.17727529,-0.03310071,-0.10525025,0.21106613,0.0053317547,-0.006765992,-0.21562049,-0.122613706,0.048719637
-0.004171083,-0.20319535,-0.02580502,-0.106971726,0.11094775,0.22630394,-0.2702811,0.1279609,0.21770082,-0.24397244,-0.28045863,-0.24266471,0.005088006,0.20112847,-0.08894957,0.04128945,-0.14529558,0.29838058,-0.14457189,-0.26740965,-0.001089512,-0.21326466,-0.27771208,-0.20172149,-0.10588565,-0.12416699,0.22599384,0.022807272,-0.036747485,-0.21616462,-0.075122006,0.035903182
0.0168144,-0.18366584,-0.007033951,-0.1198791,0.12517527,0.28927383,-0.23920012,0.12645562,0.23477377,-0.21115454,-0.30420876,-0.21559532,0.05282664,0.18466462,-0.10540829,0.049296845,-0.10827248,0.30940598,-0.10980697,-0.25734192,-0.008452268,-0.23376253,-0.31056744,-0.17828828,-0.035233684,-0.10637557,0.21186142,0.005754962,-0.0074830693,-0.21569842,-0.121480495,0.04835667
0.0014298846,-0.19763133,-0.025827572,-0.11006471,0.11561627,0.23918684,-0.26735973,0.1273668,0.22233872,-0.23897131,-0.29147255,-0.2375356,0.0197173,0.19730504,-0.0927643,0.043653388,-0.13976052,0.3002675,-0.13367675,-0.26192135,9.110158e-06,-0.2156888,-0.28374675,-0.1988611,-0.08746055,-0.12145821,0.22353286,0.016987883,-0.028797476,-0.21673979,-0.08655507,0.03778657
-0.048193056,-0.22666976,-0.0345605,-0.12621045,0.07866449,0.22252995,-0.24433933,0.11236149,0.18537761,-0.22779286,-0.15183924,-0.2697026,-0.12998779,0.2455095,-0.087147534,0.09403188,-0.16214034,0.2770183,-0.21656346,-0.19922556,-0.0042577744,-0.19186942,-0.21209015,-0.1916403,-0.27394298,-0.10083648,0.2040252,0.075147286,-0.18459454,-0.22039641,0.036194663,0.029618133
-0.04411465,-0.22628607,-0.03586113,-0.1235555,0.08034792,0.22042675,-0.24940734,0.11439527,0.18963675,-0.23136207,-0.1634678,-0.26915225,-0.118958004,0.24291816,-0.08804135,0.08702592,-0.16299571,0.28067547,-0.21290806,-0.2067425,-0.002227529,-0.19407766,-0.21686721,-0.19269155,-0.26209217,-0.104702145,0.20828694,0.07058076,-0.17330599,-0.21912213,0.025151411,0.029481132
-0.04890826,-0.2265881,-0.032459605,-0.12539056,0.07914066,0.22184885,-0.24417219,0.113191314,0.18485108,-0.22726564,-0.15225379,-0.26952082,-0.13034,0.24462894,-0.08812928,0.09454803,-0.16304412,0.2775218,-0.21815152,-0.201271,-0.007155895,-0.19412325,-0.21194181,-0.19086827,-0.27082554,-0.1017202,0.20310648,0.07441224,-0.18264124,-0.22308636,0.034983568,0.027885625
-0.0028577459,-0.20233034,-0.026517155,-0.10758788,0.111640796,0.22864662,-0.26991376,0.12741739,0.2183379,-0.2432105,-0.28349018,-0.24161756,0.009023891,0.20083351,-0.09003254,0.04150532,-0.14438671,0.29893205,-0.1420504,-0.26556817,-0.0005512391,-0.21366274,-0.27938765,-0.20115323,-0.10168368,-0.12321953,0.22568208,0.020562798,-0.033736136,-0.21609107,-0.0773561,0.03676455
-0.006087195,-0.2029894,-0.025830384,-0.10933862,0.112409,0.23586002,-0.26658764,0.12960702,0.21679305,-0.23813136,-0.27287734,-0.24182746,-0.0019845404,0.19837572,-0.091664895,0.05341796,-0.14228648,0.3007139,-0.1474415,-0.2619546,-0.0067685875,-0.21814798,-0.28079623,-0.20239566,-0.10695927,-0.121688515,0.22593586,0.027606646,-0.044641837,-0.2195305,-0.06962323,0.03424172
-0.04837049,-0.2272308,-0.03572196,-0.12513275,0.07748063,0.2208603,-0.24492131,0.112193495,0.18573491,-0.22851458,-0.1512947,-0.26941612,-0.13015676,0.2457708,-0.08765956,0.09228154,-0.16296034,0.27742106,-0.21791224,-0.19813463,-0.003014306,-0.19144002,-0.21094802,-0.190592,-0.2751689,-0.10123783,0.20452502,0.075439826,-0.18567996,-0.2195976,0.034968447,0.029055592
-0.05423264,-0.22783391,-0.03303944,-0.1265082,0.075084336,0.22271042,-0.23865011,0.11044952,0.18016629,-0.22429053,-0.13859743,-0.26909953,-0.14192905,0.24744348,-0.087224655,0.100587524,-0.1624815,0.27362293,-0.22333382,-0.18986556,-0.0088228565,-0.19115557,-0.20731008,-0.18848436,-0.28508985,-0.09704033,0.19878317,0.08010722,-0.19625859,-0.22335868,0.04567043,0.027200833
-0.054865178,-0.22443636,-0.031710606,-0.12304331,0.07810413,0.23409727,-0.23769927,0.11699564,0.18289016,-0.22445594,-0.14824466,-0.26115915,-0.13055988,0.2400857,-0.08719853,0.103720695,-0.15565175,0.28136867,-0.21957925,-0.19623104,-0.015801955,-0.19941284,-0.21992084,-0.18976891,-0.2657185,-0.099463224,0.20428136,0.08365825,-0.186217,-0.2283743,0.03443146,0.023823831
-0.0032926754,-0.2021021,-0.027220424,-0.10791638,0.11180703,0.23123932,-0.26958278,0.12715766,0.21788867,-0.24190302,-0.2833434,-0.24108903,0.00918765,0.20085964,-0.091208145,0.044263948,-0.14342065,0.29991686,-0.14160943,-0.26337424,-0.0014463044,-0.2147104,-0.2809315,-0.20085743,-0.100325115,-0.121519975,0.22604921,0.020456165,-0.03398243,-0.21624742,-0.07664596,0.037208714
-0.0027582746,-0.20225804,-0.026505448,-0.10763082,0.11172092,0.22885409,-0.2698643,0.12740952,0.21843365,-0.24312524,-0.28367662,-0.24154378,0.009249906,0.20075059,-0.09009023,0.041517917,-0.1443006,0.2989679,-0.14186682,-0.26549125,-0.00053989235,-0.21370335,-0.2794705,-0.2011233,-0.10138155,-0.12320125,0.22561185,0.020464322,-0.03357927,-0.2161118,-0.07756315,0.036768563
0.0071554403,-0.19462702,-0.027359929,-0.115118116,0.11963307,0.2584896,-0.2611682,0.12422062,0.22756301,-0.22758165,-0.30112997,-0.22921486,0.03428385,0.19348522,-0.09623915,0.051625725,-0.13039066,0.30495512,-0.12176899,-0.24832135,0.002132256,-0.22022463,-0.29367375,-0.19559221,-0.06292627,-0.116747476,0.22179261,0.014030462,-0.017696833,-0.21810123,-0.09950454,0.041328747
0.0018539851,-0.1993522,-0.028080743,-0.11151911,0.114266664,0.2513452,-0.26396242,0.12571031,0.22268257,-0.23336828,-0.29412317,-0.23377062,0.027038593,0.19503091,-0.09437591,0.05379055,-0.1326603,0.3048067,-0.12938519,-0.24679606,-0.0019082464,-0.21803819,-0.29630688,-0.19691288,-0.07298177,-0.11724188,0.22263984,0.017443676,-0.022643892,-0.21886922,-0.090689525,0.04109105
0.026947677,-0.18271327,-0.0018938734,-0.122723356,0.12759909,0.31610644,-0.22396234,0.12117355,0.23505482,-0.18689926,-0.3158594,-0.20341459,0.0730741,0.1765705,-0.113561705,0.061394118,-0.09135676,0.31260723,-0.09125441,-0.23771736,-0.013386734,-0.24107392,-0.33199504,-0.16760193,-0.0040580607,-0.08852117,0.20407067,-0.0049428535,0.010954857,-0.21411887,-0.1378229,0.057200465
0.0028250588,-0.19863294,-0.0278306,-0.11224532,0.11535156,0.2535069,-0.26308933,0.12541611,0.22346266,-0.23188393,-0.2955425,-0.23266107,0.028648436,0.19442166,-0.094880916,0.054165356,-0.13182238,0.30506045,-0.12779567,-0.2463428,-0.0015747481,-0.21877302,-0.29671702,-0.19656315,-0.07040199,-0.11685067,0.22221641,0.01703805,-0.02146177,-0.2188694,-0.09250451,0.041318573
0.0013283659,-0.19969934,-0.028188325,-0.111204885,0.11370887,0.25070372,-0.2642099,0.1258556,0.22222887,-0.2339147,-0.29347557,-0.23415239,0.026456645,0.19523148,-0.09419879,0.05402209,-0.13283487,0.3048712,-0.1300617,-0.24661621,-0.002220914,-0.217788,-0.29652095,-0.19700155,-0.07385651,-0.11720287,0.22279392,0.017730456,-0.023119662,-0.21893339,-0.08981931,0.041107856
-0.05734998,-0.22767869,-0.030369336,-0.12575881,0.07334144,0.22533669,-0.23525459,0.1115758,0.17789882,-0.22450024,-0.13192897,-0.2667402,-0.14713122,0.24576136,-0.0857621,0.10787159,-0.16050111,0.27399707,-0.22572103,-0.18498881,-0.013765225,-0.19119197,-0.20904602,-0.18634371,-0.28477165,-0.097129405,0.19765079,0.08577839,-0.19991778,-0.22667287,0.048624128,0.02657215
-0.05745912,-0.22770634,-0.030373074,-0.12575905,0.07324666,0.22535163,-0.23513804,0.11153569,0.17779604,-0.22445336,-0.13165401,-0.26673058,-0.1473645,0.24582617,-0.0857394,0.107985176,-0.16049026,0.27390677,-0.22582433,-0.18475148,-0.013797559,-0.1911276,-0.20896468,-0.1862797,-0.2850508,-0.09702713,0.19753711,0.0858877,-0.20018242,-0.22666211,0.048850283,0.026553493
-0.0074125133,-0.20381783,-0.026835905,-0.10878745,0.109750606,0.24492973,-0.26534697,0.12780377,0.21613032,-0.24065967,-0.28223184,-0.23687355,0.0129624065,0.19593084,-0.09232918,0.059381064,-0.13670465,0.30508098,-0.14050412,-0.246408,-0.009490861,-0.2158093,-0.2991415,-0.1976358,-0.08805628,-0.11817143,0.22379197,0.02543985,-0.03236049,-0.21849403,-0.07644083,0.03950094
-0.007557234,-0.20390344,-0.026828619,-0.10870697,0.10965842,0.24492589,-0.2653398,0.12783436,0.21600677,-0.24071117,-0.28206354,-0.23688301,0.012806698,0.19594185,-0.0922859,0.059569452,-0.13669997,0.30513588,-0.14064297,-0.24629772,-0.00961675,-0.21580157,-0.29926503,-0.19766182,-0.088161044,-0.11814369,0.22379795,0.025545342,-0.0324483,-0.21852352,-0.076202355,0.039508864
-0.06703244,-0.22815065,-0.033433832,-0.1285589,0.065161034,0.2256308,-0.22473288,0.1058553,0.16803221,-0.21784003,-0.10419677,-0.2641949,-0.16682328,0.25120953,-0.08531179,0.11670908,-0.15773018,0.26606017,-0.23549864,-0.16091068,-0.015933625,-0.186109,-0.19727828,-0.18194444,-0.31214106,-0.08615067,0.18857011,0.09602584,-0.22543116,-0.22677061,0.06622911,0.023813937
-0.06710345,-0.22811536,-0.033474527,-0.12861021,0.06509698,0.22568773,-0.22460847,0.10579746,0.16795161,-0.21775648,-0.103853606,-0.26410058,-0.1670653,0.25127023,-0.085335046,0.116789065,-0.15768452,0.2659727,-0.2355846,-0.16062827,-0.015941443,-0.18607572,-0.19708037,-0.18191506,-0.3124287,-0.08602126,0.18845037,0.09617896,-0.22573152,-0.22677542,0.06643703,0.023758879
0.0035462044,-0.1945834,-0.022168828,-0.114415824,0.120404005,0.25906184,-0.2599104,0.125629,0.22487332,-0.23024139,-0.2969063,-0.22980297,0.028834438,0.1913897,-0.09759776,0.050915025,-0.13053016,0.30370212,-0.12480455,-0.254192,-0.004679748,-0.22117674,-0.29666144,-0.19452415,-0.0680655,-0.11645522,0.21931319,0.015527345,-0.021025179,-0.21822584,-0.0947024,0.040695287
0.019132651,-0.18367904,-0.00747416,-0.12127444,0.12685338,0.2953459,-0.23643157,0.124851525,0.23557186,-0.20515902,-0.3073077,-0.21298817,0.057649687,0.1825746,-0.10708337,0.052977696,-0.10495956,0.30998483,-0.10490071,-0.25106385,-0.008586716,-0.23528942,-0.31566516,-0.17687921,-0.02799344,-0.10335138,0.21040015,0.0037292386,-0.003233534,-0.21558714,-0.12537467,0.05042582
0.0010111392,-0.19594951,-0.02379625,-0.11310385,0.11955589,0.2542731,-0.2633086,0.12610634,0.22357132,-0.23362224,-0.2945786,-0.23146391,0.023781726,0.19213235,-0.0958265,0.051855896,-0.13413069,0.30258322,-0.1278111,-0.25369543,-0.004730474,-0.21876243,-0.2935617,-0.19786663,-0.074143335,-0.118315354,0.22008221,0.018679583,-0.024299277,-0.21909845,-0.089537926,0.03804433
0.0012880827,-0.19570893,-0.023884231,-0.11327666,0.11960411,0.25449592,-0.2632868,0.126115,0.22388677,-0.23350687,-0.29476327,-0.23133783,0.02421749,0.19225487,-0.09573069,0.051778357,-0.1339161,0.30270314,-0.12760608,-0.2537191,-0.0043647015,-0.21869475,-0.2932633,-0.19775282,-0.07368479,-0.118353434,0.22021113,0.018606562,-0.024147866,-0.21900491,-0.09001732,0.038052764
0.00462847,-0.19525553,-0.025646072,-0.115190424,0.11993244,0.25685903,-0.26250163,0.12529865,0.22649954,-0.23023978,-0.2975417,-0.22986698,0.029439421,0.19371358,-0.09525867,0.050659508,-0.13166653,0.30445254,-0.12469131,-0.25214612,0.0006214394,-0.21890934,-0.29136118,-0.1974005,-0.068377286,-0.11783444,0.22078016,0.016652128,-0.019521607,-0.21851237,-0.09504712,0.03959887
0.0007245271,-0.19606361,-0.024021972,-0.11270502,0.11893179,0.25291294,-0.26384452,0.1260703,0.22335938,-0.23436807,-0.29431352,-0.23197988,0.023242503,0.19282976,-0.09550314,0.051001728,-0.13480265,0.30248183,-0.12844014,-0.25459784,-0.004423222,-0.21820708,-0.2925225,-0.19801828,-0.07541314,-0.11856111,0.2204949,0.018556025,-0.02479141,-0.21882983,-0.08899483,0.037910502
-0.006538935,-0.19963305,-0.020319765,-0.11105031,0.11607344,0.248864,-0.26105323,0.12990917,0.21935424,-0.23533009,-0.27501532,-0.23598805,1.9088802e-05,0.19445446,-0.09226255,0.058642514,-0.13685799,0.3025118,-0.1437903,-0.2605579,-0.012937976,-0.22100003,-0.28683108,-0.20102274,-0.097136624,-0.121968366,0.22228946,0.029994735,-0.043161113,-0.22155121,-0.072625995,0.031568702
-0.024787948,-0.22048894,-0.0357745,-0.11266057,0.09174179,0.21492502,-0.26907945,0.12414744,0.20208178,-0.24414836,-0.21772899,-0.26519474,-0.066662066,0.22609593,-0.086460024,0.06392712,-0.15993267,0.29125312,-0.18785648,-0.24275225,0.0028808194,-0.20012835,-0.24533686,-0.19919692,-0.19593588,-0.11918619,0.22414416,0.047761492,-0.1089287,-0.2145718,-0.019815674,0.03309704
-0.00031607007,-0.1986019,-0.025822824,-0.11046601,0.1157213,0.24178591,-0.26694414,0.12573305,0.2213457,-0.23844376,-0.290552,-0.23649622,0.017247505,0.1973467,-0.09308303,0.046433344,-0.13959636,0.30037946,-0.1338545,-0.25952667,-0.0025867694,-0.21631199,-0.28706443,-0.19906722,-0.08724293,-0.120331734,0.22358763,0.018306982,-0.029244116,-0.21651621,-0.08434815,0.037679963
-0.010052895,-0.2039318,-0.02372346,-0.109686606,0.11203381,0.23969656,-0.26489186,0.13049789,0.2153501,-0.23710242,-0.266605,-0.24208641,-0.0102531435,0.19807254,-0.09065779,0.059499968,-0.14152078,0.30152857,-0.15140001,-0.26056874,-0.01185604,-0.21825092,-0.28022814,-0.20396559,-0.11148915,-0.12304056,0.22497515,0.03223829,-0.050576143,-0.22097614,-0.06254215,0.030789375
-0.012290676,-0.20653,-0.02574245,-0.108921096,0.10869396,0.233384,-0.2661527,0.13215362,0.21265891,-0.23703898,-0.2571593,-0.24641277,-0.01933639,0.199793,-0.089360386,0.061181158,-0.1435774,0.30083546,-0.15837471,-0.2612753,-0.011978093,-0.2178168,-0.27486718,-0.20600069,-0.12318732,-0.12392979,0.2271005,0.035187926,-0.058127508,-0.22170943,-0.054776244,0.029698065
-0.0455283,-0.22691445,-0.03379703,-0.12466621,0.07968247,0.2210292,-0.2482343,0.113519326,0.18708295,-0.23086464,-0.16008313,-0.27083963,-0.1223363,0.2443453,-0.0867802,0.09076162,-0.16281003,0.2780809,-0.21351707,-0.2043,-0.0034893055,-0.19296813,-0.2174774,-0.19229344,-0.2655938,-0.10250273,0.20586082,0.07093089,-0.17549357,-0.22037809,0.02957525,0.030698005
-0.05655845,-0.22997,-0.035812616,-0.12551711,0.07087288,0.22091061,-0.23824017,0.108298145,0.17832981,-0.22652514,-0.13468502,-0.26946554,-0.1422988,0.24897723,-0.08616594,0.100473955,-0.16231748,0.27263495,-0.22473826,-0.18224704,-0.006038931,-0.18885398,-0.2078997,-0.18738098,-0.29247904,-0.0947031,0.19796005,0.08158519,-0.20226611,-0.21941303,0.04758388,0.028850488
-0.006823868,-0.20286407,-0.024178172,-0.10990726,0.11272553,0.23945886,-0.26505625,0.13007301,0.21632597,-0.23747247,-0.27250746,-0.24161543,-0.0015456358,0.19670428,-0.09213803,0.057774875,-0.1406079,0.30191168,-0.14739566,-0.25893292,-0.009271798,-0.21901073,-0.28448504,-0.20149489,-0.10509599,-0.12142965,0.22490273,0.028423447,-0.045823097,-0.21907297,-0.06943363,0.034545667
-0.011974969,-0.20459396,-0.022527,-0.10985702,0.11115502,0.24140978,-0.2620323,0.13324824,0.21376328,-0.23514566,-0.25875834,-0.24283569,-0.01695436,0.19582254,-0.090576865,0.066800885,-0.14062867,0.3020503,-0.15603016,-0.2590063,-0.016158152,-0.22083706,-0.28068373,-0.204369,-0.11656393,-0.12358177,0.2246053,0.037381206,-0.058509357,-0.22323117,-0.057497025,0.02951965
0.0039018968,-0.19413896,-0.01255591,-0.114129685,0.1203345,0.26678962,-0.25048223,0.1284503,0.22608946,-0.2269732,-0.29044893,-0.2271466,0.025330937,0.18859053,-0.09904131,0.05176594,-0.1249005,0.3046809,-0.12814224,-0.26136425,-0.013024624,-0.22798784,-0.30289143,-0.18844646,-0.06716784,-0.11583695,0.21549964,0.019203672,-0.024944462,-0.21877886,-0.09726423,0.04094135
0.022162918,-0.18087904,-0.0017007381,-0.12119788,0.12728958,0.3005046,-0.23041251,0.12628962,0.23737305,-0.20174944,-0.30747986,-0.21046908,0.061910354,0.18000108,-0.10909729,0.051833443,-0.10011435,0.30987006,-0.102813624,-0.2538603,-0.011728341,-0.23879983,-0.31970942,-0.17184043,-0.022973182,-0.101372994,0.20757711,0.0018978118,-0.0029341788,-0.21457298,-0.13137442,0.0517041
0.0063408716,-0.19154406,-0.014110795,-0.11519301,0.121354274,0.26894578,-0.2509849,0.127925,0.22822997,-0.22614639,-0.29597172,-0.22557677,0.032624647,0.18800211,-0.099724896,0.049775034,-0.12354836,0.30464786,-0.123069115,-0.25930905,-0.009981986,-0.22663973,-0.30277202,-0.1881763,-0.06042443,-0.115226895,0.2150557,0.015789941,-0.020444272,-0.218697,-0.10213989,0.041527145
0.025029864,-0.17977218,-0.0014992444,-0.12358655,0.12767354,0.3077911,-0.22718342,0.12445591,0.23700371,-0.19584523,-0.31143478,-0.20693414,0.06860512,0.17886409,-0.11152156,0.054252703,-0.095619656,0.3116068,-0.096998736,-0.24947704,-0.0114878025,-0.23968402,-0.32231393,-0.16955677,-0.014267332,-0.09531386,0.20659773,-0.0022214414,0.003160973,-0.21405338,-0.13556926,0.054165825
0.0390588,-0.1765946,0.0035104926,-0.13035148,0.13116969,0.33281055,-0.20892756,0.123283096,0.23790109,-0.17513078,-0.32244617,-0.196044,0.08864466,0.16711654,-0.11676273,0.0661048,-0.083730035,0.31171042,-0.07862826,-0.23943453,-0.016899629,-0.24320035,-0.3319044,-0.15795377,0.011021028,-0.07913203,0.19672677,-0.010161676,0.013151179,-0.21386456,-0.15243289,0.05868034
0.03769076,-0.17484353,0.00555826,-0.1279576,0.13050881,0.3289255,-0.21029493,0.12504052,0.24063174,-0.17794542,-0.3189665,-0.1969952,0.08671026,0.16968216,-0.11569199,0.059729367,-0.08299892,0.31103137,-0.08221981,-0.24534816,-0.015611196,-0.2438762,-0.33040634,-0.15748014,0.008096328,-0.08405434,0.19782494,-0.009033686,0.010646134,-0.21316226,-0.15362826,0.058058348
-0.027241146,-0.21583024,-0.034012,-0.111082874,0.09386996,0.22501774,-0.263119,0.12904434,0.20132467,-0.24010125,-0.22300534,-0.25922704,-0.056463953,0.21975332,-0.08741989,0.07025152,-0.15409692,0.29698426,-0.18521212,-0.24483545,-0.0077696526,-0.20900218,-0.25482216,-0.20061809,-0.18103287,-0.11737594,0.22497821,0.048277054,-0.102123335,-0.21961601,-0.023069007,0.02961003
-0.05603753,-0.22719921,-0.03352044,-0.12336919,0.07539972,0.22834659,-0.23910764,0.11407856,0.18029612,-0.22639176,-0.14605594,-0.26596254,-0.13203643,0.243559,-0.08623783,0.10213684,-0.15871331,0.2791593,-0.2217127,-0.19253334,-0.0120345075,-0.1949351,-0.21743993,-0.18961127,-0.27322719,-0.098315805,0.20269246,0.08066363,-0.18786122,-0.22411746,0.03980121,0.026343197
-0.0033755277,-0.20144397,-0.026351254,-0.109085664,0.113246605,0.23587075,-0.26750064,0.12706664,0.21800406,-0.24006653,-0.28286424,-0.23996839,0.009125873,0.19903715,-0.092347965,0.048728853,-0.14217058,0.30071676,-0.14074516,-0.2609341,-0.0039063627,-0.21709181,-0.28440848,-0.19982558,-0.097297825,-0.12050997,0.2255527,0.021502702,-0.03567731,-0.21648243,-0.076810025,0.03783612
-0.03626297,-0.2165728,-0.02965541,-0.11447868,0.09220019,0.23606157,-0.25254193,0.12846385,0.19640227,-0.23439813,-0.20370416,-0.2567005,-0.07781546,0.22127876,-0.087759584,0.08603575,-0.15177514,0.29573232,-0.19555913,-0.23418331,-0.016197251,-0.21026951,-0.2500141,-0.19826363,-0.19858554,-0.114344515,0.21992423,0.061725125,-0.12614113,-0.2260991,-0.0064263334,0.025080193
