user_id,phone_id,visit_time
1,7,"2024-06-01 07:47:23"
1,5,"2024-06-01 07:47:23"
1,11,"2024-06-01 07:47:23"
1,3,"2024-06-01 07:47:23"
1,6,"2024-06-01 07:47:23"
2,14,"2024-06-01 07:47:23"
2,11,"2024-06-01 07:47:23"
2,1,"2024-06-01 07:47:23"
2,8,"2024-06-01 07:47:23"
2,6,"2024-06-01 07:47:23"
3,7,"2024-06-01 07:47:23"
3,10,"2024-06-01 07:47:23"
3,5,"2024-06-01 07:47:23"
3,13,"2024-06-01 07:47:23"
3,4,"2024-06-01 07:47:23"
4,3,"2024-06-01 07:47:23"
4,15,"2024-06-01 07:47:23"
4,5,"2024-06-01 07:47:23"
4,12,"2024-06-01 07:47:23"
4,13,"2024-06-01 07:47:23"
5,14,"2024-06-01 07:47:23"
5,13,"2024-06-01 07:47:23"
5,7,"2024-06-01 07:47:23"
5,5,"2024-06-01 07:47:23"
5,2,"2024-06-01 07:47:23"
6,5,"2024-06-01 07:47:23"
6,14,"2024-06-01 07:47:23"
6,7,"2024-06-01 07:47:23"
6,13,"2024-06-01 07:47:23"
6,1,"2024-06-01 07:47:23"
7,5,"2024-06-01 07:47:23"
7,10,"2024-06-01 07:47:23"
7,2,"2024-06-01 07:47:23"
7,1,"2024-06-01 07:47:23"
7,4,"2024-06-01 07:47:23"
8,5,"2024-06-01 07:47:23"
8,3,"2024-06-01 07:47:23"
8,7,"2024-06-01 07:47:23"
8,12,"2024-06-01 07:47:23"
8,8,"2024-06-01 07:47:23"
9,12,"2024-06-01 07:47:23"
9,15,"2024-06-01 07:47:23"
9,3,"2024-06-01 07:47:23"
9,4,"2024-06-01 07:47:23"
9,2,"2024-06-01 07:47:23"
10,2,"2024-06-01 07:47:23"
10,12,"2024-06-01 07:47:23"
10,8,"2024-06-01 07:47:23"
10,11,"2024-06-01 07:47:23"
10,5,"2024-06-01 07:47:23"
11,14,"2024-06-01 07:47:23"
11,3,"2024-06-01 07:47:23"
11,12,"2024-06-01 07:47:23"
11,5,"2024-06-01 07:47:23"
11,7,"2024-06-01 07:47:23"
12,1,"2024-06-01 07:47:23"
12,3,"2024-06-01 07:47:23"
12,15,"2024-06-01 07:47:23"
12,13,"2024-06-01 07:47:23"
12,6,"2024-06-01 07:47:23"
13,14,"2024-06-01 07:47:24"
13,10,"2024-06-01 07:47:24"
13,4,"2024-06-01 07:47:24"
13,12,"2024-06-01 07:47:24"
13,11,"2024-06-01 07:47:24"
14,1,"2024-06-01 07:47:24"
14,7,"2024-06-01 07:47:24"
14,8,"2024-06-01 07:47:24"
14,11,"2024-06-01 07:47:24"
14,12,"2024-06-01 07:47:24"
15,4,"2024-06-01 07:47:24"
15,1,"2024-06-01 07:47:24"
15,6,"2024-06-01 07:47:24"
15,3,"2024-06-01 07:47:24"
15,11,"2024-06-01 07:47:24"
16,14,"2024-06-01 07:47:24"
16,4,"2024-06-01 07:47:24"
16,5,"2024-06-01 07:47:24"
16,8,"2024-06-01 07:47:24"
16,6,"2024-06-01 07:47:24"
17,1,"2024-06-01 07:47:24"
17,7,"2024-06-01 07:47:24"
17,3,"2024-06-01 07:47:24"
17,4,"2024-06-01 07:47:24"
17,15,"2024-06-01 07:47:24"
18,7,"2024-06-01 07:47:24"
18,10,"2024-06-01 07:47:24"
18,1,"2024-06-01 07:47:24"
18,5,"2024-06-01 07:47:24"
18,6,"2024-06-01 07:47:24"
19,7,"2024-06-01 07:47:24"
19,12,"2024-06-01 07:47:24"
19,14,"2024-06-01 07:47:24"
19,6,"2024-06-01 07:47:24"
19,2,"2024-06-01 07:47:24"
20,1,"2024-06-01 07:47:24"
20,10,"2024-06-01 07:47:24"
20,3,"2024-06-01 07:47:24"
20,14,"2024-06-01 07:47:24"
20,4,"2024-06-01 07:47:24"
21,9,"2024-06-01 07:47:24"
21,1,"2024-06-01 07:47:24"
21,10,"2024-06-01 07:47:24"
21,5,"2024-06-01 07:47:24"
21,14,"2024-06-01 07:47:24"
22,3,"2024-06-01 07:47:24"
22,12,"2024-06-01 07:47:24"
22,8,"2024-06-01 07:47:24"
22,2,"2024-06-01 07:47:24"
22,11,"2024-06-01 07:47:24"
23,14,"2024-06-01 07:47:24"
23,15,"2024-06-01 07:47:24"
23,13,"2024-06-01 07:47:24"
23,4,"2024-06-01 07:47:24"
23,12,"2024-06-01 07:47:24"
24,14,"2024-06-01 07:47:24"
24,3,"2024-06-01 07:47:24"
24,11,"2024-06-01 07:47:24"
24,9,"2024-06-01 07:47:24"
24,6,"2024-06-01 07:47:24"
25,4,"2024-06-01 07:47:24"
25,6,"2024-06-01 07:47:24"
25,10,"2024-06-01 07:47:24"
25,11,"2024-06-01 07:47:24"
25,15,"2024-06-01 07:47:24"
26,3,"2024-06-01 07:47:25"
26,13,"2024-06-01 07:47:25"
26,6,"2024-06-01 07:47:25"
26,7,"2024-06-01 07:47:25"
26,5,"2024-06-01 07:47:25"
27,1,"2024-06-01 07:47:25"
27,8,"2024-06-01 07:47:25"
27,7,"2024-06-01 07:47:25"
27,6,"2024-06-01 07:47:25"
27,9,"2024-06-01 07:47:25"
28,11,"2024-06-01 07:47:25"
28,14,"2024-06-01 07:47:25"
28,1,"2024-06-01 07:47:25"
28,5,"2024-06-01 07:47:25"
28,6,"2024-06-01 07:47:25"
29,12,"2024-06-01 07:47:25"
29,6,"2024-06-01 07:47:25"
29,4,"2024-06-01 07:47:25"
29,2,"2024-06-01 07:47:25"
29,14,"2024-06-01 07:47:25"
30,6,"2024-06-01 07:47:25"
30,10,"2024-06-01 07:47:25"
30,2,"2024-06-01 07:47:25"
30,8,"2024-06-01 07:47:25"
30,5,"2024-06-01 07:47:25"
31,14,"2024-06-01 07:47:25"
31,7,"2024-06-01 07:47:25"
31,5,"2024-06-01 07:47:25"
31,4,"2024-06-01 07:47:25"
31,2,"2024-06-01 07:47:25"
32,4,"2024-06-01 07:47:25"
32,3,"2024-06-01 07:47:25"
32,15,"2024-06-01 07:47:25"
32,2,"2024-06-01 07:47:25"
32,1,"2024-06-01 07:47:25"
33,15,"2024-06-01 07:47:25"
33,13,"2024-06-01 07:47:25"
33,4,"2024-06-01 07:47:25"
33,2,"2024-06-01 07:47:25"
33,14,"2024-06-01 07:47:25"
34,13,"2024-06-01 07:47:25"
34,5,"2024-06-01 07:47:25"
34,10,"2024-06-01 07:47:25"
34,7,"2024-06-01 07:47:25"
34,1,"2024-06-01 07:47:25"
35,1,"2024-06-01 07:47:25"
35,8,"2024-06-01 07:47:25"
35,10,"2024-06-01 07:47:25"
35,13,"2024-06-01 07:47:25"
35,9,"2024-06-01 07:47:25"
36,6,"2024-06-01 07:47:25"
36,11,"2024-06-01 07:47:25"
36,4,"2024-06-01 07:47:25"
36,9,"2024-06-01 07:47:25"
36,1,"2024-06-01 07:47:25"
37,13,"2024-06-01 07:47:25"
37,11,"2024-06-01 07:47:25"
37,14,"2024-06-01 07:47:25"
37,8,"2024-06-01 07:47:25"
37,6,"2024-06-01 07:47:25"
38,5,"2024-06-01 07:47:25"
38,4,"2024-06-01 07:47:25"
38,15,"2024-06-01 07:47:25"
38,2,"2024-06-01 07:47:25"
38,7,"2024-06-01 07:47:25"
39,13,"2024-06-01 07:47:26"
39,4,"2024-06-01 07:47:26"
39,10,"2024-06-01 07:47:26"
39,14,"2024-06-01 07:47:26"
39,11,"2024-06-01 07:47:26"
40,13,"2024-06-01 07:47:26"
40,15,"2024-06-01 07:47:26"
40,6,"2024-06-01 07:47:26"
40,8,"2024-06-01 07:47:26"
40,14,"2024-06-01 07:47:26"
41,1,"2024-06-01 07:47:26"
41,8,"2024-06-01 07:47:26"
41,12,"2024-06-01 07:47:26"
41,14,"2024-06-01 07:47:26"
41,13,"2024-06-01 07:47:26"
42,8,"2024-06-01 07:47:26"
42,14,"2024-06-01 07:47:26"
42,3,"2024-06-01 07:47:26"
42,12,"2024-06-01 07:47:26"
42,13,"2024-06-01 07:47:26"
43,1,"2024-06-01 07:47:26"
43,14,"2024-06-01 07:47:26"
43,5,"2024-06-01 07:47:26"
43,8,"2024-06-01 07:47:26"
43,10,"2024-06-01 07:47:26"
44,9,"2024-06-01 07:47:26"
44,2,"2024-06-01 07:47:26"
44,1,"2024-06-01 07:47:26"
44,12,"2024-06-01 07:47:26"
44,11,"2024-06-01 07:47:26"
45,5,"2024-06-01 07:47:26"
45,6,"2024-06-01 07:47:26"
45,13,"2024-06-01 07:47:26"
45,7,"2024-06-01 07:47:26"
45,12,"2024-06-01 07:47:26"
46,10,"2024-06-01 07:47:26"
46,9,"2024-06-01 07:47:26"
46,5,"2024-06-01 07:47:26"
46,12,"2024-06-01 07:47:26"
46,7,"2024-06-01 07:47:26"
47,11,"2024-06-01 07:47:26"
47,10,"2024-06-01 07:47:26"
47,5,"2024-06-01 07:47:26"
47,7,"2024-06-01 07:47:26"
47,1,"2024-06-01 07:47:26"
48,1,"2024-06-01 07:47:26"
48,11,"2024-06-01 07:47:26"
48,2,"2024-06-01 07:47:26"
48,5,"2024-06-01 07:47:26"
48,7,"2024-06-01 07:47:26"
49,14,"2024-06-01 07:47:26"
49,5,"2024-06-01 07:47:26"
49,2,"2024-06-01 07:47:26"
49,8,"2024-06-01 07:47:26"
49,1,"2024-06-01 07:47:26"
50,13,"2024-06-01 07:47:26"
50,4,"2024-06-01 07:47:26"
50,8,"2024-06-01 07:47:26"
50,10,"2024-06-01 07:47:26"
50,2,"2024-06-01 07:47:26"
51,17,"2024-06-01 07:47:26"
51,16,"2024-06-01 07:47:26"
51,19,"2024-06-01 07:47:26"
51,18,"2024-06-01 07:47:26"
52,19,"2024-06-01 07:47:26"
52,17,"2024-06-01 07:47:26"
52,16,"2024-06-01 07:47:26"
52,18,"2024-06-01 07:47:27"
53,17,"2024-06-01 07:47:27"
53,19,"2024-06-01 07:47:27"
53,16,"2024-06-01 07:47:27"
53,18,"2024-06-01 07:47:27"
54,19,"2024-06-01 07:47:27"
54,16,"2024-06-01 07:47:27"
54,18,"2024-06-01 07:47:27"
54,17,"2024-06-01 07:47:27"
55,16,"2024-06-01 07:47:27"
55,18,"2024-06-01 07:47:27"
55,17,"2024-06-01 07:47:27"
55,19,"2024-06-01 07:47:27"
56,17,"2024-06-01 07:47:27"
56,19,"2024-06-01 07:47:27"
56,18,"2024-06-01 07:47:27"
56,16,"2024-06-01 07:47:27"
57,17,"2024-06-01 07:47:27"
57,19,"2024-06-01 07:47:27"
57,16,"2024-06-01 07:47:27"
57,18,"2024-06-01 07:47:27"
58,17,"2024-06-01 07:47:27"
58,16,"2024-06-01 07:47:27"
58,19,"2024-06-01 07:47:27"
58,18,"2024-06-01 07:47:27"
59,18,"2024-06-01 07:47:27"
59,16,"2024-06-01 07:47:27"
59,19,"2024-06-01 07:47:27"
59,17,"2024-06-01 07:47:27"
60,18,"2024-06-01 07:47:27"
60,19,"2024-06-01 07:47:27"
60,17,"2024-06-01 07:47:27"
60,16,"2024-06-01 07:47:27"
61,19,"2024-06-01 07:47:27"
61,17,"2024-06-01 07:47:27"
61,18,"2024-06-01 07:47:27"
61,16,"2024-06-01 07:47:27"
62,18,"2024-06-01 07:47:27"
62,17,"2024-06-01 07:47:27"
62,19,"2024-06-01 07:47:27"
62,16,"2024-06-01 07:47:27"
63,17,"2024-06-01 07:47:27"
63,16,"2024-06-01 07:47:27"
63,18,"2024-06-01 07:47:27"
63,19,"2024-06-01 07:47:27"
64,19,"2024-06-01 07:47:27"
64,17,"2024-06-01 07:47:27"
64,18,"2024-06-01 07:47:27"
64,16,"2024-06-01 07:47:27"
65,17,"2024-06-01 07:47:27"
65,16,"2024-06-01 07:47:27"
65,18,"2024-06-01 07:47:27"
65,19,"2024-06-01 07:47:27"
66,19,"2024-06-01 07:47:28"
66,18,"2024-06-01 07:47:28"
66,17,"2024-06-01 07:47:28"
66,16,"2024-06-01 07:47:28"
67,18,"2024-06-01 07:47:28"
67,17,"2024-06-01 07:47:28"
67,19,"2024-06-01 07:47:28"
67,16,"2024-06-01 07:47:28"
68,17,"2024-06-01 07:47:28"
68,16,"2024-06-01 07:47:28"
68,19,"2024-06-01 07:47:28"
68,18,"2024-06-01 07:47:28"
69,17,"2024-06-01 07:47:28"
69,18,"2024-06-01 07:47:28"
69,19,"2024-06-01 07:47:28"
69,16,"2024-06-01 07:47:28"
70,16,"2024-06-01 07:47:28"
70,19,"2024-06-01 07:47:28"
70,17,"2024-06-01 07:47:28"
70,18,"2024-06-01 07:47:28"
71,16,"2024-06-01 07:47:28"
71,17,"2024-06-01 07:47:28"
71,19,"2024-06-01 07:47:28"
71,18,"2024-06-01 07:47:28"
72,17,"2024-06-01 07:47:28"
72,16,"2024-06-01 07:47:28"
72,19,"2024-06-01 07:47:28"
72,18,"2024-06-01 07:47:28"
73,16,"2024-06-01 07:47:28"
73,19,"2024-06-01 07:47:28"
73,18,"2024-06-01 07:47:28"
73,17,"2024-06-01 07:47:28"
74,17,"2024-06-01 07:47:28"
74,18,"2024-06-01 07:47:28"
74,19,"2024-06-01 07:47:28"
74,16,"2024-06-01 07:47:28"
75,17,"2024-06-01 07:47:28"
75,18,"2024-06-01 07:47:28"
75,19,"2024-06-01 07:47:28"
75,16,"2024-06-01 07:47:28"
76,16,"2024-06-01 07:47:28"
76,19,"2024-06-01 07:47:28"
76,17,"2024-06-01 07:47:28"
76,18,"2024-06-01 07:47:28"
77,19,"2024-06-01 07:47:28"
77,18,"2024-06-01 07:47:28"
77,16,"2024-06-01 07:47:28"
77,17,"2024-06-01 07:47:28"
78,19,"2024-06-01 07:47:28"
78,18,"2024-06-01 07:47:28"
78,16,"2024-06-01 07:47:28"
78,17,"2024-06-01 07:47:28"
79,19,"2024-06-01 07:47:28"
79,16,"2024-06-01 07:47:28"
79,18,"2024-06-01 07:47:28"
79,17,"2024-06-01 07:47:28"
80,18,"2024-06-01 07:47:29"
80,17,"2024-06-01 07:47:29"
80,19,"2024-06-01 07:47:29"
80,16,"2024-06-01 07:47:29"
81,19,"2024-06-01 07:47:29"
81,17,"2024-06-01 07:47:29"
81,18,"2024-06-01 07:47:29"
81,16,"2024-06-01 07:47:29"
82,17,"2024-06-01 07:47:29"
82,19,"2024-06-01 07:47:29"
82,16,"2024-06-01 07:47:29"
82,18,"2024-06-01 07:47:29"
83,16,"2024-06-01 07:47:29"
83,18,"2024-06-01 07:47:29"
83,19,"2024-06-01 07:47:29"
83,17,"2024-06-01 07:47:29"
84,18,"2024-06-01 07:47:29"
84,17,"2024-06-01 07:47:29"
84,16,"2024-06-01 07:47:29"
84,19,"2024-06-01 07:47:29"
85,16,"2024-06-01 07:47:29"
85,17,"2024-06-01 07:47:29"
85,19,"2024-06-01 07:47:29"
85,18,"2024-06-01 07:47:29"
86,16,"2024-06-01 07:47:29"
86,17,"2024-06-01 07:47:29"
86,19,"2024-06-01 07:47:29"
86,18,"2024-06-01 07:47:29"
87,16,"2024-06-01 07:47:29"
87,17,"2024-06-01 07:47:29"
87,18,"2024-06-01 07:47:29"
87,19,"2024-06-01 07:47:29"
88,18,"2024-06-01 07:47:29"
88,16,"2024-06-01 07:47:29"
88,19,"2024-06-01 07:47:29"
88,17,"2024-06-01 07:47:29"
89,18,"2024-06-01 07:47:29"
89,19,"2024-06-01 07:47:29"
89,17,"2024-06-01 07:47:29"
89,16,"2024-06-01 07:47:29"
90,17,"2024-06-01 07:47:29"
90,16,"2024-06-01 07:47:29"
90,19,"2024-06-01 07:47:29"
90,18,"2024-06-01 07:47:29"
91,19,"2024-06-01 07:47:29"
91,17,"2024-06-01 07:47:29"
91,18,"2024-06-01 07:47:29"
91,16,"2024-06-01 07:47:29"
92,18,"2024-06-01 07:47:29"
92,17,"2024-06-01 07:47:29"
92,19,"2024-06-01 07:47:29"
92,16,"2024-06-01 07:47:29"
93,17,"2024-06-01 07:47:29"
93,18,"2024-06-01 07:47:29"
93,19,"2024-06-01 07:47:29"
93,16,"2024-06-01 07:47:29"
94,16,"2024-06-01 07:47:30"
94,19,"2024-06-01 07:47:30"
94,18,"2024-06-01 07:47:30"
94,17,"2024-06-01 07:47:30"
95,17,"2024-06-01 07:47:30"
95,18,"2024-06-01 07:47:30"
95,19,"2024-06-01 07:47:30"
95,16,"2024-06-01 07:47:30"
96,19,"2024-06-01 07:47:30"
96,16,"2024-06-01 07:47:30"
96,17,"2024-06-01 07:47:30"
96,18,"2024-06-01 07:47:30"
97,16,"2024-06-01 07:47:30"
97,18,"2024-06-01 07:47:30"
97,19,"2024-06-01 07:47:30"
97,17,"2024-06-01 07:47:30"
98,16,"2024-06-01 07:47:30"
98,18,"2024-06-01 07:47:30"
98,19,"2024-06-01 07:47:30"
98,17,"2024-06-01 07:47:30"
99,16,"2024-06-01 07:47:30"
99,17,"2024-06-01 07:47:30"
99,19,"2024-06-01 07:47:30"
99,18,"2024-06-01 07:47:30"
100,18,"2024-06-01 07:47:30"
100,16,"2024-06-01 07:47:30"
100,17,"2024-06-01 07:47:30"
100,19,"2024-06-01 07:47:30"
101,25,"2024-06-01 07:47:30"
101,24,"2024-06-01 07:47:30"
101,23,"2024-06-01 07:47:30"
101,22,"2024-06-01 07:47:30"
101,21,"2024-06-01 07:47:30"
102,26,"2024-06-01 07:47:30"
102,20,"2024-06-01 07:47:30"
102,28,"2024-06-01 07:47:30"
102,25,"2024-06-01 07:47:30"
102,21,"2024-06-01 07:47:30"
103,21,"2024-06-01 07:47:30"
103,26,"2024-06-01 07:47:30"
103,20,"2024-06-01 07:47:30"
103,22,"2024-06-01 07:47:30"
103,27,"2024-06-01 07:47:30"
104,23,"2024-06-01 07:47:30"
104,27,"2024-06-01 07:47:30"
104,24,"2024-06-01 07:47:30"
104,28,"2024-06-01 07:47:30"
104,22,"2024-06-01 07:47:30"
105,27,"2024-06-01 07:47:30"
105,22,"2024-06-01 07:47:30"
105,23,"2024-06-01 07:47:30"
105,28,"2024-06-01 07:47:30"
105,21,"2024-06-01 07:47:30"
106,22,"2024-06-01 07:47:30"
106,27,"2024-06-01 07:47:30"
106,25,"2024-06-01 07:47:30"
106,21,"2024-06-01 07:47:30"
106,23,"2024-06-01 07:47:30"
107,25,"2024-06-01 07:47:30"
107,24,"2024-06-01 07:47:31"
107,26,"2024-06-01 07:47:31"
107,28,"2024-06-01 07:47:31"
107,23,"2024-06-01 07:47:31"
108,23,"2024-06-01 07:47:31"
108,22,"2024-06-01 07:47:31"
108,25,"2024-06-01 07:47:31"
108,20,"2024-06-01 07:47:31"
108,27,"2024-06-01 07:47:31"
109,21,"2024-06-01 07:47:31"
109,25,"2024-06-01 07:47:31"
109,24,"2024-06-01 07:47:31"
109,22,"2024-06-01 07:47:31"
109,26,"2024-06-01 07:47:31"
110,20,"2024-06-01 07:47:31"
110,21,"2024-06-01 07:47:31"
110,23,"2024-06-01 07:47:31"
110,26,"2024-06-01 07:47:31"
110,22,"2024-06-01 07:47:31"
111,23,"2024-06-01 07:47:31"
111,28,"2024-06-01 07:47:31"
111,22,"2024-06-01 07:47:31"
111,21,"2024-06-01 07:47:31"
111,26,"2024-06-01 07:47:31"
112,23,"2024-06-01 07:47:31"
112,20,"2024-06-01 07:47:31"
112,21,"2024-06-01 07:47:31"
112,25,"2024-06-01 07:47:31"
112,22,"2024-06-01 07:47:31"
113,27,"2024-06-01 07:47:31"
113,20,"2024-06-01 07:47:31"
113,21,"2024-06-01 07:47:31"
113,23,"2024-06-01 07:47:31"
113,24,"2024-06-01 07:47:31"
114,27,"2024-06-01 07:47:31"
114,28,"2024-06-01 07:47:31"
114,26,"2024-06-01 07:47:31"
114,20,"2024-06-01 07:47:31"
114,21,"2024-06-01 07:47:31"
115,24,"2024-06-01 07:47:31"
115,21,"2024-06-01 07:47:31"
115,20,"2024-06-01 07:47:31"
115,28,"2024-06-01 07:47:31"
115,26,"2024-06-01 07:47:31"
116,24,"2024-06-01 07:47:31"
116,22,"2024-06-01 07:47:31"
116,26,"2024-06-01 07:47:31"
116,27,"2024-06-01 07:47:31"
116,23,"2024-06-01 07:47:31"
117,28,"2024-06-01 07:47:31"
117,20,"2024-06-01 07:47:31"
117,26,"2024-06-01 07:47:31"
117,27,"2024-06-01 07:47:31"
117,25,"2024-06-01 07:47:31"
118,21,"2024-06-01 07:47:31"
118,25,"2024-06-01 07:47:31"
118,20,"2024-06-01 07:47:31"
118,27,"2024-06-01 07:47:31"
118,26,"2024-06-01 07:47:31"
119,24,"2024-06-01 07:47:31"
119,25,"2024-06-01 07:47:31"
119,26,"2024-06-01 07:47:31"
119,21,"2024-06-01 07:47:31"
119,23,"2024-06-01 07:47:31"
120,24,"2024-06-01 07:47:32"
120,25,"2024-06-01 07:47:32"
120,28,"2024-06-01 07:47:32"
120,27,"2024-06-01 07:47:32"
120,22,"2024-06-01 07:47:32"
121,20,"2024-06-01 07:47:32"
121,24,"2024-06-01 07:47:32"
121,22,"2024-06-01 07:47:32"
121,25,"2024-06-01 07:47:32"
121,26,"2024-06-01 07:47:32"
122,20,"2024-06-01 07:47:32"
122,27,"2024-06-01 07:47:32"
122,25,"2024-06-01 07:47:32"
122,26,"2024-06-01 07:47:32"
122,24,"2024-06-01 07:47:32"
123,24,"2024-06-01 07:47:32"
123,26,"2024-06-01 07:47:32"
123,21,"2024-06-01 07:47:32"
123,28,"2024-06-01 07:47:32"
123,23,"2024-06-01 07:47:32"
124,20,"2024-06-01 07:47:32"
124,26,"2024-06-01 07:47:32"
124,22,"2024-06-01 07:47:32"
124,24,"2024-06-01 07:47:32"
124,23,"2024-06-01 07:47:32"
125,25,"2024-06-01 07:47:32"
125,21,"2024-06-01 07:47:32"
125,26,"2024-06-01 07:47:32"
125,23,"2024-06-01 07:47:32"
125,28,"2024-06-01 07:47:32"
126,20,"2024-06-01 07:47:32"
126,22,"2024-06-01 07:47:32"
126,27,"2024-06-01 07:47:32"
126,23,"2024-06-01 07:47:32"
126,24,"2024-06-01 07:47:32"
127,28,"2024-06-01 07:47:32"
127,26,"2024-06-01 07:47:32"
127,22,"2024-06-01 07:47:32"
127,21,"2024-06-01 07:47:32"
127,27,"2024-06-01 07:47:32"
128,24,"2024-06-01 07:47:32"
128,25,"2024-06-01 07:47:32"
128,27,"2024-06-01 07:47:32"
128,20,"2024-06-01 07:47:32"
128,22,"2024-06-01 07:47:32"
129,21,"2024-06-01 07:47:32"
129,24,"2024-06-01 07:47:32"
129,25,"2024-06-01 07:47:32"
129,20,"2024-06-01 07:47:32"
129,26,"2024-06-01 07:47:32"
130,21,"2024-06-01 07:47:32"
130,20,"2024-06-01 07:47:32"
130,27,"2024-06-01 07:47:32"
130,25,"2024-06-01 07:47:32"
130,23,"2024-06-01 07:47:32"
131,20,"2024-06-01 07:47:32"
131,26,"2024-06-01 07:47:32"
131,24,"2024-06-01 07:47:32"
131,23,"2024-06-01 07:47:32"
131,25,"2024-06-01 07:47:32"
132,25,"2024-06-01 07:47:32"
132,20,"2024-06-01 07:47:32"
132,28,"2024-06-01 07:47:32"
132,23,"2024-06-01 07:47:32"
132,24,"2024-06-01 07:47:32"
133,22,"2024-06-01 07:47:33"
133,28,"2024-06-01 07:47:33"
133,23,"2024-06-01 07:47:33"
133,26,"2024-06-01 07:47:33"
133,24,"2024-06-01 07:47:33"
134,25,"2024-06-01 07:47:33"
134,24,"2024-06-01 07:47:33"
134,28,"2024-06-01 07:47:33"
134,21,"2024-06-01 07:47:33"
134,26,"2024-06-01 07:47:33"
135,22,"2024-06-01 07:47:33"
135,20,"2024-06-01 07:47:33"
135,21,"2024-06-01 07:47:33"
135,24,"2024-06-01 07:47:33"
135,28,"2024-06-01 07:47:33"
136,21,"2024-06-01 07:47:33"
136,27,"2024-06-01 07:47:33"
136,23,"2024-06-01 07:47:33"
136,26,"2024-06-01 07:47:33"
136,24,"2024-06-01 07:47:33"
137,20,"2024-06-01 07:47:33"
137,22,"2024-06-01 07:47:33"
137,25,"2024-06-01 07:47:33"
137,23,"2024-06-01 07:47:33"
137,24,"2024-06-01 07:47:33"
138,20,"2024-06-01 07:47:33"
138,24,"2024-06-01 07:47:33"
138,22,"2024-06-01 07:47:33"
138,21,"2024-06-01 07:47:33"
138,25,"2024-06-01 07:47:33"
139,26,"2024-06-01 07:47:33"
139,22,"2024-06-01 07:47:33"
139,25,"2024-06-01 07:47:33"
139,28,"2024-06-01 07:47:33"
139,23,"2024-06-01 07:47:33"
140,26,"2024-06-01 07:47:33"
140,20,"2024-06-01 07:47:33"
140,23,"2024-06-01 07:47:33"
140,25,"2024-06-01 07:47:33"
140,22,"2024-06-01 07:47:33"
141,25,"2024-06-01 07:47:33"
141,23,"2024-06-01 07:47:33"
141,20,"2024-06-01 07:47:33"
141,22,"2024-06-01 07:47:33"
141,24,"2024-06-01 07:47:33"
142,27,"2024-06-01 07:47:33"
142,22,"2024-06-01 07:47:33"
142,26,"2024-06-01 07:47:33"
142,21,"2024-06-01 07:47:33"
142,23,"2024-06-01 07:47:33"
143,21,"2024-06-01 07:47:33"
143,28,"2024-06-01 07:47:33"
143,20,"2024-06-01 07:47:33"
143,22,"2024-06-01 07:47:33"
143,26,"2024-06-01 07:47:33"
144,23,"2024-06-01 07:47:34"
144,26,"2024-06-01 07:47:34"
144,28,"2024-06-01 07:47:34"
144,21,"2024-06-01 07:47:34"
144,24,"2024-06-01 07:47:34"
145,24,"2024-06-01 07:47:34"
145,21,"2024-06-01 07:47:34"
145,26,"2024-06-01 07:47:34"
145,28,"2024-06-01 07:47:34"
145,23,"2024-06-01 07:47:34"
146,28,"2024-06-01 07:47:34"
146,24,"2024-06-01 07:47:34"
146,20,"2024-06-01 07:47:34"
146,25,"2024-06-01 07:47:34"
146,23,"2024-06-01 07:47:34"
147,24,"2024-06-01 07:47:34"
147,22,"2024-06-01 07:47:34"
147,25,"2024-06-01 07:47:34"
147,27,"2024-06-01 07:47:34"
147,21,"2024-06-01 07:47:34"
148,25,"2024-06-01 07:47:34"
148,26,"2024-06-01 07:47:34"
148,28,"2024-06-01 07:47:34"
148,21,"2024-06-01 07:47:34"
148,23,"2024-06-01 07:47:34"
149,26,"2024-06-01 07:47:34"
149,21,"2024-06-01 07:47:34"
149,22,"2024-06-01 07:47:34"
149,20,"2024-06-01 07:47:34"
149,23,"2024-06-01 07:47:34"
150,28,"2024-06-01 07:47:34"
150,22,"2024-06-01 07:47:34"
150,27,"2024-06-01 07:47:34"
150,21,"2024-06-01 07:47:34"
150,24,"2024-06-01 07:47:34"
151,29,"2024-06-01 07:47:34"
151,35,"2024-06-01 07:47:34"
151,31,"2024-06-01 07:47:34"
151,36,"2024-06-01 07:47:34"
151,40,"2024-06-01 07:47:34"
152,31,"2024-06-01 07:47:34"
152,40,"2024-06-01 07:47:34"
152,38,"2024-06-01 07:47:34"
152,32,"2024-06-01 07:47:34"
152,36,"2024-06-01 07:47:34"
153,34,"2024-06-01 07:47:34"
153,37,"2024-06-01 07:47:34"
153,40,"2024-06-01 07:47:34"
153,31,"2024-06-01 07:47:34"
153,39,"2024-06-01 07:47:34"
154,37,"2024-06-01 07:47:34"
154,40,"2024-06-01 07:47:34"
154,39,"2024-06-01 07:47:34"
154,38,"2024-06-01 07:47:34"
154,32,"2024-06-01 07:47:34"
155,29,"2024-06-01 07:47:34"
155,34,"2024-06-01 07:47:34"
155,31,"2024-06-01 07:47:34"
155,32,"2024-06-01 07:47:34"
155,37,"2024-06-01 07:47:34"
156,35,"2024-06-01 07:47:34"
156,34,"2024-06-01 07:47:34"
156,39,"2024-06-01 07:47:34"
156,37,"2024-06-01 07:47:34"
156,36,"2024-06-01 07:47:34"
157,36,"2024-06-01 07:47:35"
157,39,"2024-06-01 07:47:35"
157,30,"2024-06-01 07:47:35"
157,35,"2024-06-01 07:47:35"
157,29,"2024-06-01 07:47:35"
158,35,"2024-06-01 07:47:35"
158,30,"2024-06-01 07:47:35"
158,34,"2024-06-01 07:47:35"
158,33,"2024-06-01 07:47:35"
158,39,"2024-06-01 07:47:35"
159,35,"2024-06-01 07:47:35"
159,38,"2024-06-01 07:47:35"
159,39,"2024-06-01 07:47:35"
159,37,"2024-06-01 07:47:35"
159,29,"2024-06-01 07:47:35"
160,29,"2024-06-01 07:47:35"
160,39,"2024-06-01 07:47:35"
160,36,"2024-06-01 07:47:35"
160,35,"2024-06-01 07:47:35"
160,37,"2024-06-01 07:47:35"
161,33,"2024-06-01 07:47:35"
161,35,"2024-06-01 07:47:35"
161,40,"2024-06-01 07:47:35"
161,30,"2024-06-01 07:47:35"
161,39,"2024-06-01 07:47:35"
162,40,"2024-06-01 07:47:35"
162,31,"2024-06-01 07:47:35"
162,36,"2024-06-01 07:47:35"
162,39,"2024-06-01 07:47:35"
162,34,"2024-06-01 07:47:35"
163,29,"2024-06-01 07:47:35"
163,38,"2024-06-01 07:47:35"
163,34,"2024-06-01 07:47:35"
163,33,"2024-06-01 07:47:35"
163,32,"2024-06-01 07:47:35"
164,34,"2024-06-01 07:47:35"
164,37,"2024-06-01 07:47:35"
164,38,"2024-06-01 07:47:35"
164,33,"2024-06-01 07:47:35"
164,35,"2024-06-01 07:47:35"
165,31,"2024-06-01 07:47:35"
165,34,"2024-06-01 07:47:35"
165,40,"2024-06-01 07:47:35"
165,35,"2024-06-01 07:47:35"
165,33,"2024-06-01 07:47:35"
166,37,"2024-06-01 07:47:35"
166,39,"2024-06-01 07:47:35"
166,32,"2024-06-01 07:47:35"
166,29,"2024-06-01 07:47:35"
166,34,"2024-06-01 07:47:35"
167,32,"2024-06-01 07:47:35"
167,35,"2024-06-01 07:47:35"
167,38,"2024-06-01 07:47:35"
167,39,"2024-06-01 07:47:35"
167,29,"2024-06-01 07:47:35"
168,36,"2024-06-01 07:47:35"
168,30,"2024-06-01 07:47:35"
168,31,"2024-06-01 07:47:35"
168,39,"2024-06-01 07:47:35"
168,32,"2024-06-01 07:47:35"
169,29,"2024-06-01 07:47:35"
169,33,"2024-06-01 07:47:35"
169,30,"2024-06-01 07:47:35"
169,37,"2024-06-01 07:47:35"
169,39,"2024-06-01 07:47:35"
170,35,"2024-06-01 07:47:36"
170,33,"2024-06-01 07:47:36"
170,32,"2024-06-01 07:47:36"
170,39,"2024-06-01 07:47:36"
170,34,"2024-06-01 07:47:36"
171,37,"2024-06-01 07:47:36"
171,32,"2024-06-01 07:47:36"
171,39,"2024-06-01 07:47:36"
171,33,"2024-06-01 07:47:36"
171,29,"2024-06-01 07:47:36"
172,36,"2024-06-01 07:47:36"
172,40,"2024-06-01 07:47:36"
172,32,"2024-06-01 07:47:36"
172,30,"2024-06-01 07:47:36"
172,38,"2024-06-01 07:47:36"
173,37,"2024-06-01 07:47:36"
173,36,"2024-06-01 07:47:36"
173,30,"2024-06-01 07:47:36"
173,32,"2024-06-01 07:47:36"
173,40,"2024-06-01 07:47:36"
174,36,"2024-06-01 07:47:36"
174,35,"2024-06-01 07:47:36"
174,34,"2024-06-01 07:47:36"
174,29,"2024-06-01 07:47:36"
174,30,"2024-06-01 07:47:36"
175,36,"2024-06-01 07:47:36"
175,33,"2024-06-01 07:47:36"
175,34,"2024-06-01 07:47:36"
175,39,"2024-06-01 07:47:36"
175,30,"2024-06-01 07:47:36"
176,40,"2024-06-01 07:47:36"
176,38,"2024-06-01 07:47:36"
176,30,"2024-06-01 07:47:36"
176,36,"2024-06-01 07:47:36"
176,29,"2024-06-01 07:47:36"
177,40,"2024-06-01 07:47:36"
177,30,"2024-06-01 07:47:36"
177,37,"2024-06-01 07:47:36"
177,36,"2024-06-01 07:47:36"
177,38,"2024-06-01 07:47:36"
178,33,"2024-06-01 07:47:36"
178,40,"2024-06-01 07:47:36"
178,36,"2024-06-01 07:47:36"
178,34,"2024-06-01 07:47:36"
178,31,"2024-06-01 07:47:36"
179,40,"2024-06-01 07:47:36"
179,39,"2024-06-01 07:47:36"
179,30,"2024-06-01 07:47:36"
179,33,"2024-06-01 07:47:36"
179,35,"2024-06-01 07:47:36"
180,37,"2024-06-01 07:47:36"
180,39,"2024-06-01 07:47:36"
180,33,"2024-06-01 07:47:36"
180,35,"2024-06-01 07:47:36"
180,31,"2024-06-01 07:47:36"
181,36,"2024-06-01 07:47:36"
181,38,"2024-06-01 07:47:36"
181,30,"2024-06-01 07:47:36"
181,40,"2024-06-01 07:47:36"
181,33,"2024-06-01 07:47:36"
182,39,"2024-06-01 07:47:36"
182,31,"2024-06-01 07:47:36"
182,32,"2024-06-01 07:47:36"
182,36,"2024-06-01 07:47:36"
182,33,"2024-06-01 07:47:36"
183,33,"2024-06-01 07:47:36"
183,30,"2024-06-01 07:47:36"
183,32,"2024-06-01 07:47:36"
183,29,"2024-06-01 07:47:36"
183,36,"2024-06-01 07:47:36"
184,30,"2024-06-01 07:47:37"
184,39,"2024-06-01 07:47:37"
184,37,"2024-06-01 07:47:37"
184,38,"2024-06-01 07:47:37"
184,36,"2024-06-01 07:47:37"
185,33,"2024-06-01 07:47:37"
185,38,"2024-06-01 07:47:37"
185,39,"2024-06-01 07:47:37"
185,36,"2024-06-01 07:47:37"
185,32,"2024-06-01 07:47:37"
186,37,"2024-06-01 07:47:37"
186,30,"2024-06-01 07:47:37"
186,40,"2024-06-01 07:47:37"
186,29,"2024-06-01 07:47:37"
186,36,"2024-06-01 07:47:37"
187,31,"2024-06-01 07:47:37"
187,34,"2024-06-01 07:47:37"
187,40,"2024-06-01 07:47:37"
187,36,"2024-06-01 07:47:37"
187,29,"2024-06-01 07:47:37"
188,38,"2024-06-01 07:47:37"
188,29,"2024-06-01 07:47:37"
188,40,"2024-06-01 07:47:37"
188,31,"2024-06-01 07:47:37"
188,33,"2024-06-01 07:47:37"
189,39,"2024-06-01 07:47:37"
189,37,"2024-06-01 07:47:37"
189,29,"2024-06-01 07:47:37"
189,38,"2024-06-01 07:47:37"
189,33,"2024-06-01 07:47:37"
190,37,"2024-06-01 07:47:37"
190,35,"2024-06-01 07:47:37"
190,39,"2024-06-01 07:47:37"
190,34,"2024-06-01 07:47:37"
190,33,"2024-06-01 07:47:37"
191,35,"2024-06-01 07:47:37"
191,37,"2024-06-01 07:47:37"
191,32,"2024-06-01 07:47:37"
191,29,"2024-06-01 07:47:37"
191,39,"2024-06-01 07:47:37"
192,37,"2024-06-01 07:47:37"
192,38,"2024-06-01 07:47:37"
192,30,"2024-06-01 07:47:37"
192,34,"2024-06-01 07:47:37"
192,36,"2024-06-01 07:47:37"
193,35,"2024-06-01 07:47:37"
193,40,"2024-06-01 07:47:37"
193,37,"2024-06-01 07:47:37"
193,31,"2024-06-01 07:47:37"
193,30,"2024-06-01 07:47:37"
194,29,"2024-06-01 07:47:37"
194,36,"2024-06-01 07:47:37"
194,31,"2024-06-01 07:47:37"
194,40,"2024-06-01 07:47:37"
194,32,"2024-06-01 07:47:37"
195,39,"2024-06-01 07:47:37"
195,38,"2024-06-01 07:47:37"
195,33,"2024-06-01 07:47:37"
195,31,"2024-06-01 07:47:37"
195,35,"2024-06-01 07:47:37"
196,40,"2024-06-01 07:47:37"
196,29,"2024-06-01 07:47:37"
196,38,"2024-06-01 07:47:37"
196,34,"2024-06-01 07:47:38"
196,35,"2024-06-01 07:47:38"
197,40,"2024-06-01 07:47:38"
197,37,"2024-06-01 07:47:38"
197,36,"2024-06-01 07:47:38"
197,34,"2024-06-01 07:47:38"
197,29,"2024-06-01 07:47:38"
198,36,"2024-06-01 07:47:38"
198,33,"2024-06-01 07:47:38"
198,38,"2024-06-01 07:47:38"
198,29,"2024-06-01 07:47:38"
198,39,"2024-06-01 07:47:38"
199,33,"2024-06-01 07:47:38"
199,34,"2024-06-01 07:47:38"
199,32,"2024-06-01 07:47:38"
199,35,"2024-06-01 07:47:38"
199,36,"2024-06-01 07:47:38"
200,30,"2024-06-01 07:47:38"
200,34,"2024-06-01 07:47:38"
200,33,"2024-06-01 07:47:38"
200,37,"2024-06-01 07:47:38"
200,40,"2024-06-01 07:47:38"
201,50,"2024-06-01 07:47:38"
201,42,"2024-06-01 07:47:38"
201,47,"2024-06-01 07:47:38"
201,45,"2024-06-01 07:47:38"
201,46,"2024-06-01 07:47:38"
202,50,"2024-06-01 07:47:38"
202,44,"2024-06-01 07:47:38"
202,41,"2024-06-01 07:47:38"
202,42,"2024-06-01 07:47:38"
202,46,"2024-06-01 07:47:38"
203,49,"2024-06-01 07:47:38"
203,47,"2024-06-01 07:47:38"
203,50,"2024-06-01 07:47:38"
203,41,"2024-06-01 07:47:38"
203,43,"2024-06-01 07:47:38"
204,49,"2024-06-01 07:47:38"
204,46,"2024-06-01 07:47:38"
204,50,"2024-06-01 07:47:38"
204,42,"2024-06-01 07:47:38"
204,48,"2024-06-01 07:47:38"
205,43,"2024-06-01 07:47:38"
205,48,"2024-06-01 07:47:38"
205,44,"2024-06-01 07:47:38"
205,47,"2024-06-01 07:47:38"
205,50,"2024-06-01 07:47:38"
206,46,"2024-06-01 07:47:38"
206,45,"2024-06-01 07:47:38"
206,43,"2024-06-01 07:47:38"
206,48,"2024-06-01 07:47:38"
206,49,"2024-06-01 07:47:38"
207,45,"2024-06-01 07:47:38"
207,46,"2024-06-01 07:47:38"
207,49,"2024-06-01 07:47:38"
207,43,"2024-06-01 07:47:38"
207,48,"2024-06-01 07:47:38"
208,48,"2024-06-01 07:47:38"
208,46,"2024-06-01 07:47:38"
208,50,"2024-06-01 07:47:38"
208,45,"2024-06-01 07:47:38"
208,42,"2024-06-01 07:47:38"
209,46,"2024-06-01 07:47:38"
209,47,"2024-06-01 07:47:38"
209,42,"2024-06-01 07:47:38"
209,48,"2024-06-01 07:47:38"
209,41,"2024-06-01 07:47:38"
210,43,"2024-06-01 07:47:39"
210,42,"2024-06-01 07:47:39"
210,46,"2024-06-01 07:47:39"
210,45,"2024-06-01 07:47:39"
210,41,"2024-06-01 07:47:39"
211,47,"2024-06-01 07:47:39"
211,41,"2024-06-01 07:47:39"
211,49,"2024-06-01 07:47:39"
211,45,"2024-06-01 07:47:39"
211,42,"2024-06-01 07:47:39"
212,50,"2024-06-01 07:47:39"
212,46,"2024-06-01 07:47:39"
212,48,"2024-06-01 07:47:39"
212,44,"2024-06-01 07:47:39"
212,47,"2024-06-01 07:47:39"
213,43,"2024-06-01 07:47:39"
213,47,"2024-06-01 07:47:39"
213,45,"2024-06-01 07:47:39"
213,50,"2024-06-01 07:47:39"
213,49,"2024-06-01 07:47:39"
214,41,"2024-06-01 07:47:39"
214,46,"2024-06-01 07:47:39"
214,45,"2024-06-01 07:47:39"
214,44,"2024-06-01 07:47:39"
214,48,"2024-06-01 07:47:39"
215,43,"2024-06-01 07:47:39"
215,44,"2024-06-01 07:47:39"
215,48,"2024-06-01 07:47:39"
215,42,"2024-06-01 07:47:39"
215,49,"2024-06-01 07:47:39"
216,49,"2024-06-01 07:47:39"
216,42,"2024-06-01 07:47:39"
216,43,"2024-06-01 07:47:39"
216,45,"2024-06-01 07:47:39"
216,50,"2024-06-01 07:47:39"
217,48,"2024-06-01 07:47:39"
217,42,"2024-06-01 07:47:39"
217,41,"2024-06-01 07:47:39"
217,44,"2024-06-01 07:47:39"
217,46,"2024-06-01 07:47:39"
218,47,"2024-06-01 07:47:39"
218,42,"2024-06-01 07:47:39"
218,48,"2024-06-01 07:47:39"
218,45,"2024-06-01 07:47:39"
218,43,"2024-06-01 07:47:39"
219,48,"2024-06-01 07:47:39"
219,44,"2024-06-01 07:47:39"
219,41,"2024-06-01 07:47:39"
219,42,"2024-06-01 07:47:39"
219,46,"2024-06-01 07:47:39"
220,47,"2024-06-01 07:47:39"
220,48,"2024-06-01 07:47:39"
220,44,"2024-06-01 07:47:39"
220,43,"2024-06-01 07:47:39"
220,50,"2024-06-01 07:47:39"
221,44,"2024-06-01 07:47:39"
221,48,"2024-06-01 07:47:39"
221,46,"2024-06-01 07:47:39"
221,41,"2024-06-01 07:47:39"
221,42,"2024-06-01 07:47:39"
222,45,"2024-06-01 07:47:39"
222,42,"2024-06-01 07:47:40"
222,44,"2024-06-01 07:47:40"
222,48,"2024-06-01 07:47:40"
222,43,"2024-06-01 07:47:40"
223,42,"2024-06-01 07:47:40"
223,41,"2024-06-01 07:47:40"
223,45,"2024-06-01 07:47:40"
223,48,"2024-06-01 07:47:40"
223,46,"2024-06-01 07:47:40"
224,43,"2024-06-01 07:47:40"
224,44,"2024-06-01 07:47:40"
224,41,"2024-06-01 07:47:40"
224,45,"2024-06-01 07:47:40"
224,47,"2024-06-01 07:47:40"
225,43,"2024-06-01 07:47:40"
225,44,"2024-06-01 07:47:40"
225,49,"2024-06-01 07:47:40"
225,50,"2024-06-01 07:47:40"
225,45,"2024-06-01 07:47:40"
226,44,"2024-06-01 07:47:40"
226,46,"2024-06-01 07:47:40"
226,50,"2024-06-01 07:47:40"
226,49,"2024-06-01 07:47:40"
226,47,"2024-06-01 07:47:40"
227,48,"2024-06-01 07:47:40"
227,44,"2024-06-01 07:47:40"
227,50,"2024-06-01 07:47:40"
227,42,"2024-06-01 07:47:40"
227,41,"2024-06-01 07:47:40"
228,44,"2024-06-01 07:47:40"
228,50,"2024-06-01 07:47:40"
228,42,"2024-06-01 07:47:40"
228,47,"2024-06-01 07:47:40"
228,45,"2024-06-01 07:47:40"
229,44,"2024-06-01 07:47:40"
229,42,"2024-06-01 07:47:40"
229,49,"2024-06-01 07:47:40"
229,45,"2024-06-01 07:47:40"
229,50,"2024-06-01 07:47:40"
230,48,"2024-06-01 07:47:40"
230,50,"2024-06-01 07:47:40"
230,44,"2024-06-01 07:47:40"
230,45,"2024-06-01 07:47:40"
230,49,"2024-06-01 07:47:40"
231,50,"2024-06-01 07:47:40"
231,42,"2024-06-01 07:47:40"
231,49,"2024-06-01 07:47:40"
231,41,"2024-06-01 07:47:40"
231,48,"2024-06-01 07:47:40"
232,43,"2024-06-01 07:47:40"
232,47,"2024-06-01 07:47:40"
232,48,"2024-06-01 07:47:40"
232,50,"2024-06-01 07:47:40"
232,42,"2024-06-01 07:47:40"
233,48,"2024-06-01 07:47:40"
233,50,"2024-06-01 07:47:40"
233,47,"2024-06-01 07:47:40"
233,46,"2024-06-01 07:47:40"
233,43,"2024-06-01 07:47:40"
234,48,"2024-06-01 07:47:40"
234,42,"2024-06-01 07:47:40"
234,43,"2024-06-01 07:47:40"
234,41,"2024-06-01 07:47:40"
234,45,"2024-06-01 07:47:40"
235,43,"2024-06-01 07:47:40"
235,42,"2024-06-01 07:47:40"
235,41,"2024-06-01 07:47:40"
235,45,"2024-06-01 07:47:40"
235,47,"2024-06-01 07:47:40"
236,41,"2024-06-01 07:47:41"
236,50,"2024-06-01 07:47:41"
236,44,"2024-06-01 07:47:41"
236,45,"2024-06-01 07:47:41"
236,48,"2024-06-01 07:47:41"
237,50,"2024-06-01 07:47:41"
237,41,"2024-06-01 07:47:41"
237,49,"2024-06-01 07:47:41"
237,42,"2024-06-01 07:47:41"
237,45,"2024-06-01 07:47:41"
238,46,"2024-06-01 07:47:41"
238,42,"2024-06-01 07:47:41"
238,49,"2024-06-01 07:47:41"
238,45,"2024-06-01 07:47:41"
238,41,"2024-06-01 07:47:41"
239,46,"2024-06-01 07:47:41"
239,41,"2024-06-01 07:47:41"
239,48,"2024-06-01 07:47:41"
239,50,"2024-06-01 07:47:41"
239,47,"2024-06-01 07:47:41"
240,42,"2024-06-01 07:47:41"
240,49,"2024-06-01 07:47:41"
240,41,"2024-06-01 07:47:41"
240,46,"2024-06-01 07:47:41"
240,43,"2024-06-01 07:47:41"
241,43,"2024-06-01 07:47:41"
241,48,"2024-06-01 07:47:41"
241,41,"2024-06-01 07:47:41"
241,46,"2024-06-01 07:47:41"
241,50,"2024-06-01 07:47:41"
242,43,"2024-06-01 07:47:41"
242,47,"2024-06-01 07:47:41"
242,41,"2024-06-01 07:47:41"
242,49,"2024-06-01 07:47:41"
242,50,"2024-06-01 07:47:41"
243,48,"2024-06-01 07:47:41"
243,45,"2024-06-01 07:47:41"
243,43,"2024-06-01 07:47:41"
243,42,"2024-06-01 07:47:41"
243,46,"2024-06-01 07:47:41"
244,47,"2024-06-01 07:47:41"
244,44,"2024-06-01 07:47:41"
244,41,"2024-06-01 07:47:41"
244,42,"2024-06-01 07:47:41"
244,45,"2024-06-01 07:47:41"
245,42,"2024-06-01 07:47:41"
245,44,"2024-06-01 07:47:41"
245,45,"2024-06-01 07:47:41"
245,46,"2024-06-01 07:47:41"
245,43,"2024-06-01 07:47:41"
246,41,"2024-06-01 07:47:41"
246,43,"2024-06-01 07:47:41"
246,50,"2024-06-01 07:47:41"
246,42,"2024-06-01 07:47:41"
246,45,"2024-06-01 07:47:41"
247,46,"2024-06-01 07:47:41"
247,43,"2024-06-01 07:47:41"
247,50,"2024-06-01 07:47:41"
247,42,"2024-06-01 07:47:41"
247,48,"2024-06-01 07:47:41"
248,49,"2024-06-01 07:47:42"
248,50,"2024-06-01 07:47:42"
248,45,"2024-06-01 07:47:42"
248,44,"2024-06-01 07:47:42"
248,46,"2024-06-01 07:47:42"
249,42,"2024-06-01 07:47:42"
249,43,"2024-06-01 07:47:42"
249,45,"2024-06-01 07:47:42"
249,44,"2024-06-01 07:47:42"
249,41,"2024-06-01 07:47:42"
250,47,"2024-06-01 07:47:42"
250,46,"2024-06-01 07:47:42"
250,49,"2024-06-01 07:47:42"
250,42,"2024-06-01 07:47:42"
250,48,"2024-06-01 07:47:42"
251,51,"2024-06-01 07:47:42"
251,60,"2024-06-01 07:47:42"
251,58,"2024-06-01 07:47:42"
251,59,"2024-06-01 07:47:42"
251,53,"2024-06-01 07:47:42"
252,51,"2024-06-01 07:47:42"
252,59,"2024-06-01 07:47:42"
252,60,"2024-06-01 07:47:42"
252,55,"2024-06-01 07:47:42"
252,54,"2024-06-01 07:47:42"
253,57,"2024-06-01 07:47:42"
253,59,"2024-06-01 07:47:42"
253,58,"2024-06-01 07:47:42"
253,56,"2024-06-01 07:47:42"
253,51,"2024-06-01 07:47:42"
254,59,"2024-06-01 07:47:42"
254,51,"2024-06-01 07:47:42"
254,54,"2024-06-01 07:47:42"
254,58,"2024-06-01 07:47:42"
254,57,"2024-06-01 07:47:42"
255,59,"2024-06-01 07:47:42"
255,58,"2024-06-01 07:47:42"
255,57,"2024-06-01 07:47:42"
255,55,"2024-06-01 07:47:42"
255,52,"2024-06-01 07:47:42"
256,60,"2024-06-01 07:47:42"
256,57,"2024-06-01 07:47:42"
256,55,"2024-06-01 07:47:42"
256,56,"2024-06-01 07:47:42"
256,54,"2024-06-01 07:47:42"
257,59,"2024-06-01 07:47:42"
257,54,"2024-06-01 07:47:42"
257,53,"2024-06-01 07:47:42"
257,57,"2024-06-01 07:47:42"
257,58,"2024-06-01 07:47:42"
258,57,"2024-06-01 07:47:42"
258,58,"2024-06-01 07:47:42"
258,51,"2024-06-01 07:47:42"
258,55,"2024-06-01 07:47:42"
258,56,"2024-06-01 07:47:42"
259,59,"2024-06-01 07:47:42"
259,53,"2024-06-01 07:47:42"
259,57,"2024-06-01 07:47:42"
259,52,"2024-06-01 07:47:42"
259,58,"2024-06-01 07:47:42"
260,53,"2024-06-01 07:47:42"
260,58,"2024-06-01 07:47:42"
260,59,"2024-06-01 07:47:42"
260,57,"2024-06-01 07:47:42"
260,55,"2024-06-01 07:47:42"
261,60,"2024-06-01 07:47:42"
261,55,"2024-06-01 07:47:42"
261,59,"2024-06-01 07:47:42"
261,57,"2024-06-01 07:47:42"
261,52,"2024-06-01 07:47:42"
262,53,"2024-06-01 07:47:43"
262,52,"2024-06-01 07:47:43"
262,56,"2024-06-01 07:47:43"
262,55,"2024-06-01 07:47:43"
262,54,"2024-06-01 07:47:43"
263,58,"2024-06-01 07:47:43"
263,59,"2024-06-01 07:47:43"
263,60,"2024-06-01 07:47:43"
263,56,"2024-06-01 07:47:43"
263,54,"2024-06-01 07:47:43"
264,55,"2024-06-01 07:47:43"
264,60,"2024-06-01 07:47:43"
264,56,"2024-06-01 07:47:43"
264,59,"2024-06-01 07:47:43"
264,53,"2024-06-01 07:47:43"
265,60,"2024-06-01 07:47:43"
265,56,"2024-06-01 07:47:43"
265,51,"2024-06-01 07:47:43"
265,55,"2024-06-01 07:47:43"
265,54,"2024-06-01 07:47:43"
266,54,"2024-06-01 07:47:43"
266,52,"2024-06-01 07:47:43"
266,60,"2024-06-01 07:47:43"
266,55,"2024-06-01 07:47:43"
266,58,"2024-06-01 07:47:43"
267,60,"2024-06-01 07:47:43"
267,52,"2024-06-01 07:47:43"
267,55,"2024-06-01 07:47:43"
267,51,"2024-06-01 07:47:43"
267,58,"2024-06-01 07:47:43"
268,59,"2024-06-01 07:47:43"
268,55,"2024-06-01 07:47:43"
268,58,"2024-06-01 07:47:43"
268,54,"2024-06-01 07:47:43"
268,60,"2024-06-01 07:47:43"
269,54,"2024-06-01 07:47:43"
269,56,"2024-06-01 07:47:43"
269,53,"2024-06-01 07:47:43"
269,58,"2024-06-01 07:47:43"
269,52,"2024-06-01 07:47:43"
270,60,"2024-06-01 07:47:43"
270,59,"2024-06-01 07:47:43"
270,58,"2024-06-01 07:47:43"
270,51,"2024-06-01 07:47:43"
270,56,"2024-06-01 07:47:43"
271,52,"2024-06-01 07:47:43"
271,53,"2024-06-01 07:47:43"
271,57,"2024-06-01 07:47:43"
271,51,"2024-06-01 07:47:43"
271,55,"2024-06-01 07:47:43"
272,55,"2024-06-01 07:47:43"
272,58,"2024-06-01 07:47:43"
272,56,"2024-06-01 07:47:43"
272,54,"2024-06-01 07:47:43"
272,59,"2024-06-01 07:47:43"
273,53,"2024-06-01 07:47:43"
273,55,"2024-06-01 07:47:43"
273,56,"2024-06-01 07:47:43"
273,59,"2024-06-01 07:47:43"
273,57,"2024-06-01 07:47:43"
274,53,"2024-06-01 07:47:43"
274,54,"2024-06-01 07:47:43"
274,57,"2024-06-01 07:47:43"
274,58,"2024-06-01 07:47:43"
274,56,"2024-06-01 07:47:43"
275,55,"2024-06-01 07:47:44"
275,59,"2024-06-01 07:47:44"
275,52,"2024-06-01 07:47:44"
275,58,"2024-06-01 07:47:44"
275,53,"2024-06-01 07:47:44"
276,57,"2024-06-01 07:47:44"
276,53,"2024-06-01 07:47:44"
276,52,"2024-06-01 07:47:44"
276,55,"2024-06-01 07:47:44"
276,54,"2024-06-01 07:47:44"
277,60,"2024-06-01 07:47:44"
277,59,"2024-06-01 07:47:44"
277,52,"2024-06-01 07:47:44"
277,51,"2024-06-01 07:47:44"
277,56,"2024-06-01 07:47:44"
278,60,"2024-06-01 07:47:44"
278,57,"2024-06-01 07:47:44"
278,53,"2024-06-01 07:47:44"
278,56,"2024-06-01 07:47:44"
278,52,"2024-06-01 07:47:44"
279,52,"2024-06-01 07:47:44"
279,55,"2024-06-01 07:47:44"
279,58,"2024-06-01 07:47:44"
279,51,"2024-06-01 07:47:44"
279,60,"2024-06-01 07:47:44"
280,58,"2024-06-01 07:47:44"
280,52,"2024-06-01 07:47:44"
280,60,"2024-06-01 07:47:44"
280,51,"2024-06-01 07:47:44"
280,54,"2024-06-01 07:47:44"
281,56,"2024-06-01 07:47:44"
281,60,"2024-06-01 07:47:44"
281,55,"2024-06-01 07:47:44"
281,51,"2024-06-01 07:47:44"
281,52,"2024-06-01 07:47:44"
282,58,"2024-06-01 07:47:44"
282,51,"2024-06-01 07:47:44"
282,56,"2024-06-01 07:47:44"
282,57,"2024-06-01 07:47:44"
282,60,"2024-06-01 07:47:44"
283,60,"2024-06-01 07:47:44"
283,54,"2024-06-01 07:47:44"
283,55,"2024-06-01 07:47:44"
283,53,"2024-06-01 07:47:44"
283,57,"2024-06-01 07:47:44"
284,56,"2024-06-01 07:47:44"
284,60,"2024-06-01 07:47:44"
284,52,"2024-06-01 07:47:44"
284,53,"2024-06-01 07:47:44"
284,57,"2024-06-01 07:47:44"
285,60,"2024-06-01 07:47:44"
285,52,"2024-06-01 07:47:44"
285,55,"2024-06-01 07:47:44"
285,54,"2024-06-01 07:47:44"
285,53,"2024-06-01 07:47:44"
286,52,"2024-06-01 07:47:44"
286,58,"2024-06-01 07:47:44"
286,55,"2024-06-01 07:47:44"
286,53,"2024-06-01 07:47:44"
286,59,"2024-06-01 07:47:44"
287,59,"2024-06-01 07:47:44"
287,54,"2024-06-01 07:47:44"
287,53,"2024-06-01 07:47:44"
287,57,"2024-06-01 07:47:45"
287,58,"2024-06-01 07:47:45"
288,57,"2024-06-01 07:47:45"
288,58,"2024-06-01 07:47:45"
288,54,"2024-06-01 07:47:45"
288,59,"2024-06-01 07:47:45"
288,53,"2024-06-01 07:47:45"
289,57,"2024-06-01 07:47:45"
289,60,"2024-06-01 07:47:45"
289,51,"2024-06-01 07:47:45"
289,58,"2024-06-01 07:47:45"
289,55,"2024-06-01 07:47:45"
290,58,"2024-06-01 07:47:45"
290,53,"2024-06-01 07:47:45"
290,59,"2024-06-01 07:47:45"
290,56,"2024-06-01 07:47:45"
290,55,"2024-06-01 07:47:45"
291,54,"2024-06-01 07:47:45"
291,52,"2024-06-01 07:47:45"
291,56,"2024-06-01 07:47:45"
291,55,"2024-06-01 07:47:45"
291,59,"2024-06-01 07:47:45"
292,56,"2024-06-01 07:47:45"
292,55,"2024-06-01 07:47:45"
292,52,"2024-06-01 07:47:45"
292,51,"2024-06-01 07:47:45"
292,54,"2024-06-01 07:47:45"
293,51,"2024-06-01 07:47:45"
293,52,"2024-06-01 07:47:45"
293,59,"2024-06-01 07:47:45"
293,57,"2024-06-01 07:47:45"
293,58,"2024-06-01 07:47:45"
294,55,"2024-06-01 07:47:45"
294,51,"2024-06-01 07:47:45"
294,59,"2024-06-01 07:47:45"
294,58,"2024-06-01 07:47:45"
294,52,"2024-06-01 07:47:45"
295,54,"2024-06-01 07:47:45"
295,56,"2024-06-01 07:47:45"
295,51,"2024-06-01 07:47:45"
295,55,"2024-06-01 07:47:45"
295,59,"2024-06-01 07:47:45"
296,57,"2024-06-01 07:47:45"
296,51,"2024-06-01 07:47:45"
296,56,"2024-06-01 07:47:45"
296,59,"2024-06-01 07:47:45"
296,58,"2024-06-01 07:47:45"
297,57,"2024-06-01 07:47:45"
297,54,"2024-06-01 07:47:45"
297,51,"2024-06-01 07:47:45"
297,52,"2024-06-01 07:47:45"
297,55,"2024-06-01 07:47:45"
298,59,"2024-06-01 07:47:45"
298,51,"2024-06-01 07:47:45"
298,55,"2024-06-01 07:47:45"
298,56,"2024-06-01 07:47:45"
298,53,"2024-06-01 07:47:45"
299,59,"2024-06-01 07:47:45"
299,53,"2024-06-01 07:47:45"
299,52,"2024-06-01 07:47:45"
299,54,"2024-06-01 07:47:45"
299,58,"2024-06-01 07:47:45"
300,59,"2024-06-01 07:47:45"
300,55,"2024-06-01 07:47:46"
300,53,"2024-06-01 07:47:46"
300,56,"2024-06-01 07:47:46"
300,51,"2024-06-01 07:47:46"
301,69,"2024-06-01 07:47:46"
301,71,"2024-06-01 07:47:46"
301,70,"2024-06-01 07:47:46"
301,64,"2024-06-01 07:47:46"
301,61,"2024-06-01 07:47:46"
302,71,"2024-06-01 07:47:46"
302,61,"2024-06-01 07:47:46"
302,64,"2024-06-01 07:47:46"
302,65,"2024-06-01 07:47:46"
302,69,"2024-06-01 07:47:46"
303,69,"2024-06-01 07:47:46"
303,66,"2024-06-01 07:47:46"
303,71,"2024-06-01 07:47:46"
303,61,"2024-06-01 07:47:46"
303,65,"2024-06-01 07:47:46"
304,69,"2024-06-01 07:47:46"
304,61,"2024-06-01 07:47:46"
304,66,"2024-06-01 07:47:46"
304,68,"2024-06-01 07:47:46"
304,64,"2024-06-01 07:47:46"
305,70,"2024-06-01 07:47:46"
305,66,"2024-06-01 07:47:46"
305,65,"2024-06-01 07:47:46"
305,67,"2024-06-01 07:47:46"
305,64,"2024-06-01 07:47:46"
306,71,"2024-06-01 07:47:46"
306,65,"2024-06-01 07:47:46"
306,64,"2024-06-01 07:47:46"
306,63,"2024-06-01 07:47:46"
306,66,"2024-06-01 07:47:46"
307,64,"2024-06-01 07:47:46"
307,63,"2024-06-01 07:47:46"
307,67,"2024-06-01 07:47:46"
307,66,"2024-06-01 07:47:46"
307,61,"2024-06-01 07:47:46"
308,69,"2024-06-01 07:47:46"
308,70,"2024-06-01 07:47:46"
308,68,"2024-06-01 07:47:46"
308,63,"2024-06-01 07:47:46"
308,71,"2024-06-01 07:47:46"
309,70,"2024-06-01 07:47:46"
309,62,"2024-06-01 07:47:46"
309,64,"2024-06-01 07:47:46"
309,61,"2024-06-01 07:47:46"
309,63,"2024-06-01 07:47:46"
310,68,"2024-06-01 07:47:46"
310,69,"2024-06-01 07:47:46"
310,63,"2024-06-01 07:47:46"
310,61,"2024-06-01 07:47:46"
310,70,"2024-06-01 07:47:46"
311,63,"2024-06-01 07:47:46"
311,68,"2024-06-01 07:47:46"
311,70,"2024-06-01 07:47:46"
311,62,"2024-06-01 07:47:46"
311,65,"2024-06-01 07:47:46"
312,67,"2024-06-01 07:47:46"
312,61,"2024-06-01 07:47:46"
312,71,"2024-06-01 07:47:46"
312,66,"2024-06-01 07:47:46"
312,70,"2024-06-01 07:47:46"
313,70,"2024-06-01 07:47:47"
313,67,"2024-06-01 07:47:47"
313,69,"2024-06-01 07:47:47"
313,66,"2024-06-01 07:47:47"
313,65,"2024-06-01 07:47:47"
314,65,"2024-06-01 07:47:47"
314,64,"2024-06-01 07:47:47"
314,68,"2024-06-01 07:47:47"
314,62,"2024-06-01 07:47:47"
314,71,"2024-06-01 07:47:47"
315,69,"2024-06-01 07:47:47"
315,62,"2024-06-01 07:47:47"
315,66,"2024-06-01 07:47:47"
315,68,"2024-06-01 07:47:47"
315,70,"2024-06-01 07:47:47"
316,67,"2024-06-01 07:47:47"
316,62,"2024-06-01 07:47:47"
316,65,"2024-06-01 07:47:47"
316,69,"2024-06-01 07:47:47"
316,68,"2024-06-01 07:47:47"
317,68,"2024-06-01 07:47:47"
317,62,"2024-06-01 07:47:47"
317,71,"2024-06-01 07:47:47"
317,70,"2024-06-01 07:47:47"
317,66,"2024-06-01 07:47:47"
318,71,"2024-06-01 07:47:47"
318,61,"2024-06-01 07:47:47"
318,69,"2024-06-01 07:47:47"
318,68,"2024-06-01 07:47:47"
318,70,"2024-06-01 07:47:47"
319,63,"2024-06-01 07:47:47"
319,64,"2024-06-01 07:47:47"
319,65,"2024-06-01 07:47:47"
319,70,"2024-06-01 07:47:47"
319,67,"2024-06-01 07:47:47"
320,70,"2024-06-01 07:47:47"
320,66,"2024-06-01 07:47:47"
320,62,"2024-06-01 07:47:47"
320,61,"2024-06-01 07:47:47"
320,67,"2024-06-01 07:47:47"
321,62,"2024-06-01 07:47:47"
321,68,"2024-06-01 07:47:47"
321,66,"2024-06-01 07:47:47"
321,61,"2024-06-01 07:47:47"
321,70,"2024-06-01 07:47:47"
322,71,"2024-06-01 07:47:47"
322,61,"2024-06-01 07:47:47"
322,63,"2024-06-01 07:47:47"
322,67,"2024-06-01 07:47:47"
322,70,"2024-06-01 07:47:47"
323,61,"2024-06-01 07:47:47"
323,66,"2024-06-01 07:47:47"
323,67,"2024-06-01 07:47:47"
323,70,"2024-06-01 07:47:47"
323,62,"2024-06-01 07:47:47"
324,71,"2024-06-01 07:47:47"
324,65,"2024-06-01 07:47:47"
324,63,"2024-06-01 07:47:47"
324,68,"2024-06-01 07:47:47"
324,66,"2024-06-01 07:47:47"
325,70,"2024-06-01 07:47:47"
325,68,"2024-06-01 07:47:47"
325,63,"2024-06-01 07:47:47"
325,69,"2024-06-01 07:47:47"
325,66,"2024-06-01 07:47:47"
326,67,"2024-06-01 07:47:48"
326,63,"2024-06-01 07:47:48"
326,62,"2024-06-01 07:47:48"
326,65,"2024-06-01 07:47:48"
326,61,"2024-06-01 07:47:48"
327,61,"2024-06-01 07:47:48"
327,62,"2024-06-01 07:47:48"
327,65,"2024-06-01 07:47:48"
327,71,"2024-06-01 07:47:48"
327,67,"2024-06-01 07:47:48"
328,64,"2024-06-01 07:47:48"
328,62,"2024-06-01 07:47:48"
328,70,"2024-06-01 07:47:48"
328,67,"2024-06-01 07:47:48"
328,68,"2024-06-01 07:47:48"
329,71,"2024-06-01 07:47:48"
329,70,"2024-06-01 07:47:48"
329,64,"2024-06-01 07:47:48"
329,66,"2024-06-01 07:47:48"
329,62,"2024-06-01 07:47:48"
330,66,"2024-06-01 07:47:48"
330,65,"2024-06-01 07:47:48"
330,64,"2024-06-01 07:47:48"
330,62,"2024-06-01 07:47:48"
330,68,"2024-06-01 07:47:48"
331,64,"2024-06-01 07:47:48"
331,67,"2024-06-01 07:47:48"
331,63,"2024-06-01 07:47:48"
331,61,"2024-06-01 07:47:48"
331,70,"2024-06-01 07:47:48"
332,64,"2024-06-01 07:47:48"
332,65,"2024-06-01 07:47:48"
332,61,"2024-06-01 07:47:48"
332,68,"2024-06-01 07:47:48"
332,69,"2024-06-01 07:47:48"
333,71,"2024-06-01 07:47:48"
333,62,"2024-06-01 07:47:48"
333,69,"2024-06-01 07:47:48"
333,68,"2024-06-01 07:47:48"
333,63,"2024-06-01 07:47:48"
334,70,"2024-06-01 07:47:48"
334,65,"2024-06-01 07:47:48"
334,62,"2024-06-01 07:47:48"
334,69,"2024-06-01 07:47:48"
334,63,"2024-06-01 07:47:48"
335,63,"2024-06-01 07:47:48"
335,70,"2024-06-01 07:47:48"
335,71,"2024-06-01 07:47:48"
335,69,"2024-06-01 07:47:48"
335,65,"2024-06-01 07:47:48"
336,67,"2024-06-01 07:47:48"
336,61,"2024-06-01 07:47:48"
336,71,"2024-06-01 07:47:48"
336,64,"2024-06-01 07:47:48"
336,69,"2024-06-01 07:47:48"
337,68,"2024-06-01 07:47:48"
337,64,"2024-06-01 07:47:48"
337,65,"2024-06-01 07:47:48"
337,70,"2024-06-01 07:47:48"
337,69,"2024-06-01 07:47:48"
338,66,"2024-06-01 07:47:48"
338,70,"2024-06-01 07:47:48"
338,63,"2024-06-01 07:47:48"
338,65,"2024-06-01 07:47:48"
338,62,"2024-06-01 07:47:48"
339,68,"2024-06-01 07:47:48"
339,67,"2024-06-01 07:47:48"
339,64,"2024-06-01 07:47:48"
339,62,"2024-06-01 07:47:48"
339,61,"2024-06-01 07:47:48"
340,62,"2024-06-01 07:47:49"
340,65,"2024-06-01 07:47:49"
340,66,"2024-06-01 07:47:49"
340,68,"2024-06-01 07:47:49"
340,71,"2024-06-01 07:47:49"
341,69,"2024-06-01 07:47:49"
341,70,"2024-06-01 07:47:49"
341,62,"2024-06-01 07:47:49"
341,64,"2024-06-01 07:47:49"
341,71,"2024-06-01 07:47:49"
342,66,"2024-06-01 07:47:49"
342,71,"2024-06-01 07:47:49"
342,68,"2024-06-01 07:47:49"
342,61,"2024-06-01 07:47:49"
342,70,"2024-06-01 07:47:49"
343,64,"2024-06-01 07:47:49"
343,68,"2024-06-01 07:47:49"
343,66,"2024-06-01 07:47:49"
343,62,"2024-06-01 07:47:49"
343,67,"2024-06-01 07:47:49"
344,63,"2024-06-01 07:47:49"
344,69,"2024-06-01 07:47:49"
344,68,"2024-06-01 07:47:49"
344,62,"2024-06-01 07:47:49"
344,70,"2024-06-01 07:47:49"
345,71,"2024-06-01 07:47:49"
345,63,"2024-06-01 07:47:49"
345,69,"2024-06-01 07:47:49"
345,62,"2024-06-01 07:47:49"
345,68,"2024-06-01 07:47:49"
346,63,"2024-06-01 07:47:49"
346,66,"2024-06-01 07:47:49"
346,61,"2024-06-01 07:47:49"
346,71,"2024-06-01 07:47:49"
346,70,"2024-06-01 07:47:49"
347,62,"2024-06-01 07:47:49"
347,64,"2024-06-01 07:47:49"
347,65,"2024-06-01 07:47:49"
347,63,"2024-06-01 07:47:49"
347,70,"2024-06-01 07:47:49"
348,62,"2024-06-01 07:47:49"
348,71,"2024-06-01 07:47:49"
348,67,"2024-06-01 07:47:49"
348,64,"2024-06-01 07:47:49"
348,68,"2024-06-01 07:47:49"
349,70,"2024-06-01 07:47:49"
349,69,"2024-06-01 07:47:49"
349,67,"2024-06-01 07:47:49"
349,62,"2024-06-01 07:47:49"
349,68,"2024-06-01 07:47:49"
350,64,"2024-06-01 07:47:49"
350,68,"2024-06-01 07:47:49"
350,63,"2024-06-01 07:47:49"
350,70,"2024-06-01 07:47:49"
350,69,"2024-06-01 07:47:49"
351,82,"2024-06-01 07:47:49"
351,75,"2024-06-01 07:47:49"
351,76,"2024-06-01 07:47:49"
351,81,"2024-06-01 07:47:49"
351,78,"2024-06-01 07:47:49"
352,75,"2024-06-01 07:47:49"
352,82,"2024-06-01 07:47:49"
352,76,"2024-06-01 07:47:49"
352,77,"2024-06-01 07:47:49"
352,73,"2024-06-01 07:47:49"
353,76,"2024-06-01 07:47:50"
353,77,"2024-06-01 07:47:50"
353,72,"2024-06-01 07:47:50"
353,73,"2024-06-01 07:47:50"
353,74,"2024-06-01 07:47:50"
354,78,"2024-06-01 07:47:50"
354,73,"2024-06-01 07:47:50"
354,74,"2024-06-01 07:47:50"
354,77,"2024-06-01 07:47:50"
354,72,"2024-06-01 07:47:50"
355,75,"2024-06-01 07:47:50"
355,79,"2024-06-01 07:47:50"
355,76,"2024-06-01 07:47:50"
355,77,"2024-06-01 07:47:50"
355,80,"2024-06-01 07:47:50"
356,76,"2024-06-01 07:47:50"
356,79,"2024-06-01 07:47:50"
356,72,"2024-06-01 07:47:50"
356,73,"2024-06-01 07:47:50"
356,80,"2024-06-01 07:47:50"
357,76,"2024-06-01 07:47:50"
357,77,"2024-06-01 07:47:50"
357,78,"2024-06-01 07:47:50"
357,72,"2024-06-01 07:47:50"
357,80,"2024-06-01 07:47:50"
358,77,"2024-06-01 07:47:50"
358,73,"2024-06-01 07:47:50"
358,75,"2024-06-01 07:47:50"
358,74,"2024-06-01 07:47:50"
358,81,"2024-06-01 07:47:50"
359,75,"2024-06-01 07:47:50"
359,81,"2024-06-01 07:47:50"
359,78,"2024-06-01 07:47:50"
359,72,"2024-06-01 07:47:50"
359,74,"2024-06-01 07:47:50"
360,79,"2024-06-01 07:47:50"
360,76,"2024-06-01 07:47:50"
360,82,"2024-06-01 07:47:50"
360,72,"2024-06-01 07:47:50"
360,74,"2024-06-01 07:47:50"
361,76,"2024-06-01 07:47:50"
361,82,"2024-06-01 07:47:50"
361,72,"2024-06-01 07:47:50"
361,74,"2024-06-01 07:47:50"
361,77,"2024-06-01 07:47:50"
362,77,"2024-06-01 07:47:50"
362,81,"2024-06-01 07:47:50"
362,76,"2024-06-01 07:47:50"
362,78,"2024-06-01 07:47:50"
362,82,"2024-06-01 07:47:50"
363,79,"2024-06-01 07:47:50"
363,76,"2024-06-01 07:47:50"
363,80,"2024-06-01 07:47:50"
363,75,"2024-06-01 07:47:50"
363,72,"2024-06-01 07:47:50"
364,82,"2024-06-01 07:47:50"
364,81,"2024-06-01 07:47:50"
364,75,"2024-06-01 07:47:50"
364,72,"2024-06-01 07:47:50"
364,74,"2024-06-01 07:47:50"
365,79,"2024-06-01 07:47:50"
365,81,"2024-06-01 07:47:50"
365,74,"2024-06-01 07:47:50"
365,76,"2024-06-01 07:47:50"
365,78,"2024-06-01 07:47:50"
366,72,"2024-06-01 07:47:51"
366,73,"2024-06-01 07:47:51"
366,75,"2024-06-01 07:47:51"
366,74,"2024-06-01 07:47:51"
366,78,"2024-06-01 07:47:51"
367,82,"2024-06-01 07:47:51"
367,80,"2024-06-01 07:47:51"
367,79,"2024-06-01 07:47:51"
367,74,"2024-06-01 07:47:51"
367,75,"2024-06-01 07:47:51"
368,75,"2024-06-01 07:47:51"
368,72,"2024-06-01 07:47:51"
368,80,"2024-06-01 07:47:51"
368,79,"2024-06-01 07:47:51"
368,82,"2024-06-01 07:47:51"
369,79,"2024-06-01 07:47:51"
369,72,"2024-06-01 07:47:51"
369,77,"2024-06-01 07:47:51"
369,81,"2024-06-01 07:47:51"
369,76,"2024-06-01 07:47:51"
370,81,"2024-06-01 07:47:51"
370,74,"2024-06-01 07:47:51"
370,78,"2024-06-01 07:47:51"
370,80,"2024-06-01 07:47:51"
370,76,"2024-06-01 07:47:51"
371,78,"2024-06-01 07:47:51"
371,76,"2024-06-01 07:47:51"
371,81,"2024-06-01 07:47:51"
371,79,"2024-06-01 07:47:51"
371,74,"2024-06-01 07:47:51"
372,75,"2024-06-01 07:47:51"
372,78,"2024-06-01 07:47:51"
372,82,"2024-06-01 07:47:51"
372,80,"2024-06-01 07:47:51"
372,74,"2024-06-01 07:47:51"
373,75,"2024-06-01 07:47:51"
373,76,"2024-06-01 07:47:51"
373,74,"2024-06-01 07:47:51"
373,82,"2024-06-01 07:47:51"
373,73,"2024-06-01 07:47:51"
374,75,"2024-06-01 07:47:51"
374,82,"2024-06-01 07:47:51"
374,80,"2024-06-01 07:47:51"
374,76,"2024-06-01 07:47:51"
374,78,"2024-06-01 07:47:51"
375,77,"2024-06-01 07:47:51"
375,78,"2024-06-01 07:47:51"
375,81,"2024-06-01 07:47:51"
375,72,"2024-06-01 07:47:51"
375,82,"2024-06-01 07:47:51"
376,80,"2024-06-01 07:47:51"
376,76,"2024-06-01 07:47:51"
376,77,"2024-06-01 07:47:51"
376,74,"2024-06-01 07:47:51"
376,73,"2024-06-01 07:47:51"
377,77,"2024-06-01 07:47:51"
377,75,"2024-06-01 07:47:51"
377,72,"2024-06-01 07:47:51"
377,81,"2024-06-01 07:47:51"
377,82,"2024-06-01 07:47:51"
378,78,"2024-06-01 07:47:51"
378,73,"2024-06-01 07:47:51"
378,76,"2024-06-01 07:47:51"
378,82,"2024-06-01 07:47:51"
378,72,"2024-06-01 07:47:51"
379,73,"2024-06-01 07:47:51"
379,75,"2024-06-01 07:47:51"
379,80,"2024-06-01 07:47:51"
379,82,"2024-06-01 07:47:51"
379,76,"2024-06-01 07:47:52"
380,81,"2024-06-01 07:47:52"
380,76,"2024-06-01 07:47:52"
380,74,"2024-06-01 07:47:52"
380,80,"2024-06-01 07:47:52"
380,72,"2024-06-01 07:47:52"
381,75,"2024-06-01 07:47:52"
381,74,"2024-06-01 07:47:52"
381,78,"2024-06-01 07:47:52"
381,81,"2024-06-01 07:47:52"
381,82,"2024-06-01 07:47:52"
382,80,"2024-06-01 07:47:52"
382,77,"2024-06-01 07:47:52"
382,72,"2024-06-01 07:47:52"
382,79,"2024-06-01 07:47:52"
382,75,"2024-06-01 07:47:52"
383,75,"2024-06-01 07:47:52"
383,72,"2024-06-01 07:47:52"
383,79,"2024-06-01 07:47:52"
383,73,"2024-06-01 07:47:52"
383,81,"2024-06-01 07:47:52"
384,79,"2024-06-01 07:47:52"
384,78,"2024-06-01 07:47:52"
384,75,"2024-06-01 07:47:52"
384,81,"2024-06-01 07:47:52"
384,76,"2024-06-01 07:47:52"
385,73,"2024-06-01 07:47:52"
385,74,"2024-06-01 07:47:52"
385,78,"2024-06-01 07:47:52"
385,76,"2024-06-01 07:47:52"
385,79,"2024-06-01 07:47:52"
386,76,"2024-06-01 07:47:52"
386,77,"2024-06-01 07:47:52"
386,74,"2024-06-01 07:47:52"
386,75,"2024-06-01 07:47:52"
386,72,"2024-06-01 07:47:52"
387,75,"2024-06-01 07:47:52"
387,81,"2024-06-01 07:47:52"
387,74,"2024-06-01 07:47:52"
387,80,"2024-06-01 07:47:52"
387,72,"2024-06-01 07:47:52"
388,81,"2024-06-01 07:47:52"
388,78,"2024-06-01 07:47:52"
388,72,"2024-06-01 07:47:52"
388,80,"2024-06-01 07:47:52"
388,75,"2024-06-01 07:47:52"
389,78,"2024-06-01 07:47:52"
389,72,"2024-06-01 07:47:52"
389,74,"2024-06-01 07:47:52"
389,75,"2024-06-01 07:47:52"
389,73,"2024-06-01 07:47:52"
390,75,"2024-06-01 07:47:52"
390,81,"2024-06-01 07:47:52"
390,80,"2024-06-01 07:47:52"
390,82,"2024-06-01 07:47:52"
390,78,"2024-06-01 07:47:52"
391,81,"2024-06-01 07:47:53"
391,82,"2024-06-01 07:47:53"
391,78,"2024-06-01 07:47:53"
391,76,"2024-06-01 07:47:53"
391,75,"2024-06-01 07:47:53"
392,77,"2024-06-01 07:47:53"
392,82,"2024-06-01 07:47:53"
392,79,"2024-06-01 07:47:53"
392,75,"2024-06-01 07:47:53"
392,76,"2024-06-01 07:47:53"
393,78,"2024-06-01 07:47:53"
393,72,"2024-06-01 07:47:53"
393,80,"2024-06-01 07:47:53"
393,77,"2024-06-01 07:47:53"
393,76,"2024-06-01 07:47:53"
394,73,"2024-06-01 07:47:53"
394,76,"2024-06-01 07:47:53"
394,74,"2024-06-01 07:47:53"
394,80,"2024-06-01 07:47:53"
394,72,"2024-06-01 07:47:53"
395,78,"2024-06-01 07:47:53"
395,73,"2024-06-01 07:47:53"
395,79,"2024-06-01 07:47:53"
395,76,"2024-06-01 07:47:53"
395,81,"2024-06-01 07:47:53"
396,81,"2024-06-01 07:47:53"
396,77,"2024-06-01 07:47:53"
396,73,"2024-06-01 07:47:53"
396,79,"2024-06-01 07:47:53"
396,72,"2024-06-01 07:47:53"
397,75,"2024-06-01 07:47:53"
397,78,"2024-06-01 07:47:53"
397,81,"2024-06-01 07:47:53"
397,74,"2024-06-01 07:47:53"
397,82,"2024-06-01 07:47:53"
398,79,"2024-06-01 07:47:53"
398,74,"2024-06-01 07:47:53"
398,82,"2024-06-01 07:47:53"
398,76,"2024-06-01 07:47:53"
398,80,"2024-06-01 07:47:53"
399,79,"2024-06-01 07:47:53"
399,82,"2024-06-01 07:47:53"
399,81,"2024-06-01 07:47:53"
399,73,"2024-06-01 07:47:53"
399,77,"2024-06-01 07:47:53"
400,73,"2024-06-01 07:47:53"
400,72,"2024-06-01 07:47:53"
400,82,"2024-06-01 07:47:53"
400,75,"2024-06-01 07:47:53"
400,77,"2024-06-01 07:47:53"
401,83,"2024-06-01 07:47:53"
401,91,"2024-06-01 07:47:53"
401,86,"2024-06-01 07:47:53"
401,84,"2024-06-01 07:47:53"
401,88,"2024-06-01 07:47:53"
402,85,"2024-06-01 07:47:53"
402,88,"2024-06-01 07:47:53"
402,89,"2024-06-01 07:47:53"
402,90,"2024-06-01 07:47:53"
402,84,"2024-06-01 07:47:53"
403,90,"2024-06-01 07:47:53"
403,83,"2024-06-01 07:47:53"
403,92,"2024-06-01 07:47:53"
403,85,"2024-06-01 07:47:53"
403,84,"2024-06-01 07:47:53"
404,90,"2024-06-01 07:47:54"
404,84,"2024-06-01 07:47:54"
404,91,"2024-06-01 07:47:54"
404,86,"2024-06-01 07:47:54"
404,85,"2024-06-01 07:47:54"
405,85,"2024-06-01 07:47:54"
405,87,"2024-06-01 07:47:54"
405,89,"2024-06-01 07:47:54"
405,91,"2024-06-01 07:47:54"
405,88,"2024-06-01 07:47:54"
406,83,"2024-06-01 07:47:54"
406,84,"2024-06-01 07:47:54"
406,86,"2024-06-01 07:47:54"
406,88,"2024-06-01 07:47:54"
406,87,"2024-06-01 07:47:54"
407,84,"2024-06-01 07:47:54"
407,83,"2024-06-01 07:47:54"
407,85,"2024-06-01 07:47:54"
407,92,"2024-06-01 07:47:54"
407,88,"2024-06-01 07:47:54"
408,88,"2024-06-01 07:47:54"
408,87,"2024-06-01 07:47:54"
408,89,"2024-06-01 07:47:54"
408,85,"2024-06-01 07:47:54"
408,90,"2024-06-01 07:47:54"
409,91,"2024-06-01 07:47:54"
409,83,"2024-06-01 07:47:54"
409,89,"2024-06-01 07:47:54"
409,85,"2024-06-01 07:47:54"
409,87,"2024-06-01 07:47:54"
410,84,"2024-06-01 07:47:54"
410,88,"2024-06-01 07:47:54"
410,91,"2024-06-01 07:47:54"
410,87,"2024-06-01 07:47:54"
410,86,"2024-06-01 07:47:54"
411,90,"2024-06-01 07:47:54"
411,85,"2024-06-01 07:47:54"
411,92,"2024-06-01 07:47:54"
411,91,"2024-06-01 07:47:54"
411,88,"2024-06-01 07:47:54"
412,92,"2024-06-01 07:47:54"
412,86,"2024-06-01 07:47:54"
412,89,"2024-06-01 07:47:54"
412,84,"2024-06-01 07:47:54"
412,85,"2024-06-01 07:47:54"
413,83,"2024-06-01 07:47:54"
413,84,"2024-06-01 07:47:54"
413,91,"2024-06-01 07:47:54"
413,85,"2024-06-01 07:47:54"
413,90,"2024-06-01 07:47:54"
414,84,"2024-06-01 07:47:54"
414,92,"2024-06-01 07:47:54"
414,89,"2024-06-01 07:47:54"
414,91,"2024-06-01 07:47:54"
414,83,"2024-06-01 07:47:54"
415,89,"2024-06-01 07:47:54"
415,91,"2024-06-01 07:47:54"
415,88,"2024-06-01 07:47:54"
415,83,"2024-06-01 07:47:54"
415,84,"2024-06-01 07:47:54"
416,87,"2024-06-01 07:47:54"
416,89,"2024-06-01 07:47:54"
416,84,"2024-06-01 07:47:54"
416,85,"2024-06-01 07:47:54"
416,83,"2024-06-01 07:47:54"
417,83,"2024-06-01 07:47:54"
417,90,"2024-06-01 07:47:54"
417,89,"2024-06-01 07:47:54"
417,85,"2024-06-01 07:47:54"
417,84,"2024-06-01 07:47:55"
418,83,"2024-06-01 07:47:55"
418,87,"2024-06-01 07:47:55"
418,90,"2024-06-01 07:47:55"
418,86,"2024-06-01 07:47:55"
418,88,"2024-06-01 07:47:55"
419,88,"2024-06-01 07:47:55"
419,84,"2024-06-01 07:47:55"
419,92,"2024-06-01 07:47:55"
419,85,"2024-06-01 07:47:55"
419,90,"2024-06-01 07:47:55"
420,92,"2024-06-01 07:47:55"
420,88,"2024-06-01 07:47:55"
420,87,"2024-06-01 07:47:55"
420,86,"2024-06-01 07:47:55"
420,91,"2024-06-01 07:47:55"
421,85,"2024-06-01 07:47:55"
421,89,"2024-06-01 07:47:55"
421,88,"2024-06-01 07:47:55"
421,87,"2024-06-01 07:47:55"
421,91,"2024-06-01 07:47:55"
422,88,"2024-06-01 07:47:55"
422,90,"2024-06-01 07:47:55"
422,89,"2024-06-01 07:47:55"
422,92,"2024-06-01 07:47:55"
422,91,"2024-06-01 07:47:55"
423,83,"2024-06-01 07:47:55"
423,91,"2024-06-01 07:47:55"
423,87,"2024-06-01 07:47:55"
423,86,"2024-06-01 07:47:55"
423,88,"2024-06-01 07:47:55"
424,92,"2024-06-01 07:47:55"
424,87,"2024-06-01 07:47:55"
424,86,"2024-06-01 07:47:55"
424,91,"2024-06-01 07:47:55"
424,84,"2024-06-01 07:47:55"
425,89,"2024-06-01 07:47:55"
425,88,"2024-06-01 07:47:55"
425,92,"2024-06-01 07:47:55"
425,91,"2024-06-01 07:47:55"
425,84,"2024-06-01 07:47:55"
426,88,"2024-06-01 07:47:55"
426,84,"2024-06-01 07:47:55"
426,85,"2024-06-01 07:47:55"
426,92,"2024-06-01 07:47:55"
426,91,"2024-06-01 07:47:55"
427,91,"2024-06-01 07:47:55"
427,90,"2024-06-01 07:47:55"
427,89,"2024-06-01 07:47:55"
427,85,"2024-06-01 07:47:55"
427,92,"2024-06-01 07:47:55"
428,92,"2024-06-01 07:47:55"
428,87,"2024-06-01 07:47:55"
428,85,"2024-06-01 07:47:55"
428,84,"2024-06-01 07:47:55"
428,91,"2024-06-01 07:47:55"
429,83,"2024-06-01 07:47:55"
429,84,"2024-06-01 07:47:55"
429,89,"2024-06-01 07:47:55"
429,85,"2024-06-01 07:47:55"
429,91,"2024-06-01 07:47:55"
430,90,"2024-06-01 07:47:55"
430,92,"2024-06-01 07:47:56"
430,89,"2024-06-01 07:47:56"
430,85,"2024-06-01 07:47:56"
430,84,"2024-06-01 07:47:56"
431,88,"2024-06-01 07:47:56"
431,83,"2024-06-01 07:47:56"
431,87,"2024-06-01 07:47:56"
431,91,"2024-06-01 07:47:56"
431,92,"2024-06-01 07:47:56"
432,92,"2024-06-01 07:47:56"
432,88,"2024-06-01 07:47:56"
432,86,"2024-06-01 07:47:56"
432,84,"2024-06-01 07:47:56"
432,89,"2024-06-01 07:47:56"
433,89,"2024-06-01 07:47:56"
433,88,"2024-06-01 07:47:56"
433,92,"2024-06-01 07:47:56"
433,83,"2024-06-01 07:47:56"
433,87,"2024-06-01 07:47:56"
434,91,"2024-06-01 07:47:56"
434,89,"2024-06-01 07:47:56"
434,83,"2024-06-01 07:47:56"
434,86,"2024-06-01 07:47:56"
434,88,"2024-06-01 07:47:56"
435,91,"2024-06-01 07:47:56"
435,87,"2024-06-01 07:47:56"
435,90,"2024-06-01 07:47:56"
435,84,"2024-06-01 07:47:56"
435,86,"2024-06-01 07:47:56"
436,83,"2024-06-01 07:47:56"
436,91,"2024-06-01 07:47:56"
436,90,"2024-06-01 07:47:56"
436,88,"2024-06-01 07:47:56"
436,87,"2024-06-01 07:47:56"
437,92,"2024-06-01 07:47:56"
437,86,"2024-06-01 07:47:56"
437,85,"2024-06-01 07:47:56"
437,90,"2024-06-01 07:47:56"
437,91,"2024-06-01 07:47:56"
438,85,"2024-06-01 07:47:56"
438,91,"2024-06-01 07:47:56"
438,83,"2024-06-01 07:47:56"
438,90,"2024-06-01 07:47:56"
438,84,"2024-06-01 07:47:56"
439,84,"2024-06-01 07:47:56"
439,87,"2024-06-01 07:47:56"
439,90,"2024-06-01 07:47:56"
439,91,"2024-06-01 07:47:56"
439,85,"2024-06-01 07:47:56"
440,85,"2024-06-01 07:47:56"
440,90,"2024-06-01 07:47:56"
440,86,"2024-06-01 07:47:56"
440,88,"2024-06-01 07:47:56"
440,87,"2024-06-01 07:47:56"
441,83,"2024-06-01 07:47:56"
441,89,"2024-06-01 07:47:56"
441,90,"2024-06-01 07:47:56"
441,86,"2024-06-01 07:47:56"
441,91,"2024-06-01 07:47:56"
442,86,"2024-06-01 07:47:56"
442,90,"2024-06-01 07:47:56"
442,88,"2024-06-01 07:47:56"
442,92,"2024-06-01 07:47:56"
442,89,"2024-06-01 07:47:56"
443,87,"2024-06-01 07:47:57"
443,92,"2024-06-01 07:47:57"
443,88,"2024-06-01 07:47:57"
443,90,"2024-06-01 07:47:57"
443,85,"2024-06-01 07:47:57"
444,90,"2024-06-01 07:47:57"
444,92,"2024-06-01 07:47:57"
444,88,"2024-06-01 07:47:57"
444,87,"2024-06-01 07:47:57"
444,89,"2024-06-01 07:47:57"
445,88,"2024-06-01 07:47:57"
445,83,"2024-06-01 07:47:57"
445,92,"2024-06-01 07:47:57"
445,90,"2024-06-01 07:47:57"
445,89,"2024-06-01 07:47:57"
446,87,"2024-06-01 07:47:57"
446,86,"2024-06-01 07:47:57"
446,91,"2024-06-01 07:47:57"
446,88,"2024-06-01 07:47:57"
446,85,"2024-06-01 07:47:57"
447,88,"2024-06-01 07:47:57"
447,87,"2024-06-01 07:47:57"
447,83,"2024-06-01 07:47:57"
447,85,"2024-06-01 07:47:57"
447,92,"2024-06-01 07:47:57"
448,88,"2024-06-01 07:47:57"
448,87,"2024-06-01 07:47:57"
448,92,"2024-06-01 07:47:57"
448,91,"2024-06-01 07:47:57"
448,83,"2024-06-01 07:47:57"
449,90,"2024-06-01 07:47:57"
449,84,"2024-06-01 07:47:57"
449,88,"2024-06-01 07:47:57"
449,83,"2024-06-01 07:47:57"
449,85,"2024-06-01 07:47:57"
450,91,"2024-06-01 07:47:57"
450,89,"2024-06-01 07:47:57"
450,85,"2024-06-01 07:47:57"
450,84,"2024-06-01 07:47:57"
450,90,"2024-06-01 07:47:57"
451,96,"2024-06-01 07:47:57"
451,95,"2024-06-01 07:47:57"
451,93,"2024-06-01 07:47:57"
451,94,"2024-06-01 07:47:57"
452,93,"2024-06-01 07:47:57"
452,95,"2024-06-01 07:47:57"
452,94,"2024-06-01 07:47:57"
452,96,"2024-06-01 07:47:57"
453,95,"2024-06-01 07:47:57"
453,96,"2024-06-01 07:47:57"
453,93,"2024-06-01 07:47:57"
453,94,"2024-06-01 07:47:57"
454,93,"2024-06-01 07:47:57"
454,95,"2024-06-01 07:47:57"
454,96,"2024-06-01 07:47:57"
454,94,"2024-06-01 07:47:57"
455,95,"2024-06-01 07:47:57"
455,93,"2024-06-01 07:47:57"
455,94,"2024-06-01 07:47:57"
455,96,"2024-06-01 07:47:57"
456,94,"2024-06-01 07:47:57"
456,93,"2024-06-01 07:47:57"
456,95,"2024-06-01 07:47:57"
456,96,"2024-06-01 07:47:57"
457,93,"2024-06-01 07:47:58"
457,95,"2024-06-01 07:47:58"
457,94,"2024-06-01 07:47:58"
457,96,"2024-06-01 07:47:58"
458,96,"2024-06-01 07:47:58"
458,94,"2024-06-01 07:47:58"
458,93,"2024-06-01 07:47:58"
458,95,"2024-06-01 07:47:58"
459,94,"2024-06-01 07:47:58"
459,96,"2024-06-01 07:47:58"
459,95,"2024-06-01 07:47:58"
459,93,"2024-06-01 07:47:58"
460,94,"2024-06-01 07:47:58"
460,95,"2024-06-01 07:47:58"
460,96,"2024-06-01 07:47:58"
460,93,"2024-06-01 07:47:58"
461,96,"2024-06-01 07:47:58"
461,94,"2024-06-01 07:47:58"
461,93,"2024-06-01 07:47:58"
461,95,"2024-06-01 07:47:58"
462,95,"2024-06-01 07:47:58"
462,96,"2024-06-01 07:47:58"
462,93,"2024-06-01 07:47:58"
462,94,"2024-06-01 07:47:58"
463,96,"2024-06-01 07:47:58"
463,94,"2024-06-01 07:47:58"
463,93,"2024-06-01 07:47:58"
463,95,"2024-06-01 07:47:58"
464,95,"2024-06-01 07:47:58"
464,93,"2024-06-01 07:47:58"
464,94,"2024-06-01 07:47:58"
464,96,"2024-06-01 07:47:58"
465,94,"2024-06-01 07:47:58"
465,95,"2024-06-01 07:47:58"
465,96,"2024-06-01 07:47:58"
465,93,"2024-06-01 07:47:58"
466,96,"2024-06-01 07:47:58"
466,95,"2024-06-01 07:47:58"
466,94,"2024-06-01 07:47:58"
466,93,"2024-06-01 07:47:58"
467,93,"2024-06-01 07:47:58"
467,94,"2024-06-01 07:47:58"
467,96,"2024-06-01 07:47:58"
467,95,"2024-06-01 07:47:58"
468,96,"2024-06-01 07:47:58"
468,94,"2024-06-01 07:47:58"
468,93,"2024-06-01 07:47:58"
468,95,"2024-06-01 07:47:58"
469,94,"2024-06-01 07:47:58"
469,93,"2024-06-01 07:47:58"
469,96,"2024-06-01 07:47:58"
469,95,"2024-06-01 07:47:58"
470,93,"2024-06-01 07:47:58"
470,96,"2024-06-01 07:47:58"
470,95,"2024-06-01 07:47:58"
470,94,"2024-06-01 07:47:58"
471,95,"2024-06-01 07:47:58"
471,93,"2024-06-01 07:47:58"
471,96,"2024-06-01 07:47:58"
471,94,"2024-06-01 07:47:59"
472,96,"2024-06-01 07:47:59"
472,95,"2024-06-01 07:47:59"
472,94,"2024-06-01 07:47:59"
472,93,"2024-06-01 07:47:59"
473,94,"2024-06-01 07:47:59"
473,93,"2024-06-01 07:47:59"
473,95,"2024-06-01 07:47:59"
473,96,"2024-06-01 07:47:59"
474,95,"2024-06-01 07:47:59"
474,94,"2024-06-01 07:47:59"
474,96,"2024-06-01 07:47:59"
474,93,"2024-06-01 07:47:59"
475,93,"2024-06-01 07:47:59"
475,94,"2024-06-01 07:47:59"
475,96,"2024-06-01 07:47:59"
475,95,"2024-06-01 07:47:59"
476,93,"2024-06-01 07:47:59"
476,96,"2024-06-01 07:47:59"
476,95,"2024-06-01 07:47:59"
476,94,"2024-06-01 07:47:59"
477,94,"2024-06-01 07:47:59"
477,93,"2024-06-01 07:47:59"
477,95,"2024-06-01 07:47:59"
477,96,"2024-06-01 07:47:59"
478,94,"2024-06-01 07:47:59"
478,96,"2024-06-01 07:47:59"
478,95,"2024-06-01 07:47:59"
478,93,"2024-06-01 07:47:59"
479,96,"2024-06-01 07:47:59"
479,94,"2024-06-01 07:47:59"
479,93,"2024-06-01 07:47:59"
479,95,"2024-06-01 07:47:59"
480,96,"2024-06-01 07:47:59"
480,94,"2024-06-01 07:47:59"
480,95,"2024-06-01 07:47:59"
480,93,"2024-06-01 07:47:59"
481,96,"2024-06-01 07:47:59"
481,95,"2024-06-01 07:47:59"
481,94,"2024-06-01 07:47:59"
481,93,"2024-06-01 07:47:59"
482,96,"2024-06-01 07:47:59"
482,93,"2024-06-01 07:47:59"
482,95,"2024-06-01 07:47:59"
482,94,"2024-06-01 07:47:59"
483,95,"2024-06-01 07:47:59"
483,93,"2024-06-01 07:47:59"
483,94,"2024-06-01 07:47:59"
483,96,"2024-06-01 07:47:59"
484,96,"2024-06-01 07:47:59"
484,94,"2024-06-01 07:47:59"
484,93,"2024-06-01 07:47:59"
484,95,"2024-06-01 07:47:59"
485,95,"2024-06-01 07:47:59"
485,94,"2024-06-01 07:47:59"
485,93,"2024-06-01 07:47:59"
485,96,"2024-06-01 07:47:59"
486,96,"2024-06-01 07:48:00"
486,94,"2024-06-01 07:48:00"
486,95,"2024-06-01 07:48:00"
486,93,"2024-06-01 07:48:00"
487,96,"2024-06-01 07:48:00"
487,93,"2024-06-01 07:48:00"
487,94,"2024-06-01 07:48:00"
487,95,"2024-06-01 07:48:00"
488,94,"2024-06-01 07:48:00"
488,96,"2024-06-01 07:48:00"
488,95,"2024-06-01 07:48:00"
488,93,"2024-06-01 07:48:00"
489,95,"2024-06-01 07:48:00"
489,96,"2024-06-01 07:48:00"
489,94,"2024-06-01 07:48:00"
489,93,"2024-06-01 07:48:00"
490,96,"2024-06-01 07:48:00"
490,93,"2024-06-01 07:48:00"
490,95,"2024-06-01 07:48:00"
490,94,"2024-06-01 07:48:00"
491,96,"2024-06-01 07:48:00"
491,93,"2024-06-01 07:48:00"
491,95,"2024-06-01 07:48:00"
491,94,"2024-06-01 07:48:00"
492,96,"2024-06-01 07:48:00"
492,93,"2024-06-01 07:48:00"
492,94,"2024-06-01 07:48:00"
492,95,"2024-06-01 07:48:00"
493,94,"2024-06-01 07:48:00"
493,96,"2024-06-01 07:48:00"
493,95,"2024-06-01 07:48:00"
493,93,"2024-06-01 07:48:00"
494,96,"2024-06-01 07:48:00"
494,95,"2024-06-01 07:48:00"
494,93,"2024-06-01 07:48:00"
494,94,"2024-06-01 07:48:00"
495,95,"2024-06-01 07:48:00"
495,93,"2024-06-01 07:48:00"
495,94,"2024-06-01 07:48:00"
495,96,"2024-06-01 07:48:00"
496,93,"2024-06-01 07:48:00"
496,96,"2024-06-01 07:48:00"
496,95,"2024-06-01 07:48:00"
496,94,"2024-06-01 07:48:00"
497,95,"2024-06-01 07:48:00"
497,93,"2024-06-01 07:48:00"
497,94,"2024-06-01 07:48:00"
497,96,"2024-06-01 07:48:00"
498,95,"2024-06-01 07:48:00"
498,93,"2024-06-01 07:48:00"
498,94,"2024-06-01 07:48:00"
498,96,"2024-06-01 07:48:00"
499,96,"2024-06-01 07:48:00"
499,94,"2024-06-01 07:48:00"
499,95,"2024-06-01 07:48:00"
499,93,"2024-06-01 07:48:00"
500,96,"2024-06-01 07:48:00"
500,94,"2024-06-01 07:48:00"
500,93,"2024-06-01 07:48:00"
500,95,"2024-06-01 07:48:00"
