user_id,phone_id,rating,rate_time
1,7,5,"2024-06-01 07:47:22"
1,5,4,"2024-06-01 07:47:22"
1,11,5,"2024-06-01 07:47:22"
1,3,4,"2024-06-01 07:47:22"
1,6,5,"2024-06-01 07:47:22"
2,14,4,"2024-06-01 07:47:22"
2,11,4,"2024-06-01 07:47:22"
2,1,5,"2024-06-01 07:47:22"
2,8,4,"2024-06-01 07:47:22"
2,6,4,"2024-06-01 07:47:22"
3,7,5,"2024-06-01 07:47:22"
3,10,5,"2024-06-01 07:47:22"
3,5,5,"2024-06-01 07:47:22"
3,13,5,"2024-06-01 07:47:22"
3,4,5,"2024-06-01 07:47:22"
4,3,5,"2024-06-01 07:47:22"
4,15,5,"2024-06-01 07:47:22"
4,5,4,"2024-06-01 07:47:22"
4,12,5,"2024-06-01 07:47:22"
4,13,5,"2024-06-01 07:47:22"
5,14,5,"2024-06-01 07:47:22"
5,13,4,"2024-06-01 07:47:22"
5,7,5,"2024-06-01 07:47:22"
5,5,5,"2024-06-01 07:47:22"
5,2,5,"2024-06-01 07:47:22"
6,5,5,"2024-06-01 07:47:22"
6,14,5,"2024-06-01 07:47:22"
6,7,4,"2024-06-01 07:47:22"
6,13,4,"2024-06-01 07:47:22"
6,1,5,"2024-06-01 07:47:22"
7,5,4,"2024-06-01 07:47:22"
7,10,4,"2024-06-01 07:47:22"
7,2,4,"2024-06-01 07:47:22"
7,1,4,"2024-06-01 07:47:22"
7,4,5,"2024-06-01 07:47:22"
8,5,4,"2024-06-01 07:47:22"
8,3,5,"2024-06-01 07:47:22"
8,7,5,"2024-06-01 07:47:22"
8,12,5,"2024-06-01 07:47:22"
8,8,5,"2024-06-01 07:47:22"
9,12,5,"2024-06-01 07:47:22"
9,15,5,"2024-06-01 07:47:22"
9,3,5,"2024-06-01 07:47:22"
9,4,5,"2024-06-01 07:47:22"
9,2,4,"2024-06-01 07:47:22"
10,2,5,"2024-06-01 07:47:22"
10,12,4,"2024-06-01 07:47:22"
10,8,5,"2024-06-01 07:47:22"
10,11,5,"2024-06-01 07:47:22"
10,5,4,"2024-06-01 07:47:22"
11,14,5,"2024-06-01 07:47:22"
11,3,5,"2024-06-01 07:47:22"
11,12,5,"2024-06-01 07:47:22"
11,5,5,"2024-06-01 07:47:22"
11,7,5,"2024-06-01 07:47:22"
12,1,4,"2024-06-01 07:47:22"
12,3,5,"2024-06-01 07:47:22"
12,15,5,"2024-06-01 07:47:22"
12,13,5,"2024-06-01 07:47:22"
12,6,4,"2024-06-01 07:47:22"
13,14,4,"2024-06-01 07:47:22"
13,10,4,"2024-06-01 07:47:22"
13,4,5,"2024-06-01 07:47:22"
13,12,4,"2024-06-01 07:47:22"
13,11,5,"2024-06-01 07:47:22"
14,1,4,"2024-06-01 07:47:22"
14,7,5,"2024-06-01 07:47:22"
14,8,4,"2024-06-01 07:47:22"
14,11,4,"2024-06-01 07:47:22"
14,12,5,"2024-06-01 07:47:22"
15,4,5,"2024-06-01 07:47:22"
15,1,4,"2024-06-01 07:47:22"
15,6,4,"2024-06-01 07:47:22"
15,3,5,"2024-06-01 07:47:22"
15,11,5,"2024-06-01 07:47:22"
16,14,4,"2024-06-01 07:47:22"
16,4,5,"2024-06-01 07:47:22"
16,5,4,"2024-06-01 07:47:22"
16,8,4,"2024-06-01 07:47:22"
16,6,5,"2024-06-01 07:47:22"
17,1,5,"2024-06-01 07:47:22"
17,7,5,"2024-06-01 07:47:22"
17,3,5,"2024-06-01 07:47:22"
17,4,4,"2024-06-01 07:47:22"
17,15,4,"2024-06-01 07:47:22"
18,7,5,"2024-06-01 07:47:22"
18,10,5,"2024-06-01 07:47:22"
18,1,5,"2024-06-01 07:47:22"
18,5,5,"2024-06-01 07:47:22"
18,6,5,"2024-06-01 07:47:22"
19,7,5,"2024-06-01 07:47:22"
19,12,4,"2024-06-01 07:47:22"
19,14,5,"2024-06-01 07:47:22"
19,6,5,"2024-06-01 07:47:22"
19,2,5,"2024-06-01 07:47:22"
20,1,5,"2024-06-01 07:47:22"
20,10,4,"2024-06-01 07:47:22"
20,3,4,"2024-06-01 07:47:22"
20,14,5,"2024-06-01 07:47:22"
20,4,4,"2024-06-01 07:47:22"
21,9,4,"2024-06-01 07:47:22"
21,1,4,"2024-06-01 07:47:22"
21,10,5,"2024-06-01 07:47:22"
21,5,5,"2024-06-01 07:47:22"
21,14,4,"2024-06-01 07:47:22"
22,3,4,"2024-06-01 07:47:22"
22,12,4,"2024-06-01 07:47:22"
22,8,4,"2024-06-01 07:47:22"
22,2,4,"2024-06-01 07:47:22"
22,11,5,"2024-06-01 07:47:22"
23,14,5,"2024-06-01 07:47:22"
23,15,5,"2024-06-01 07:47:22"
23,13,4,"2024-06-01 07:47:22"
23,4,5,"2024-06-01 07:47:22"
23,12,4,"2024-06-01 07:47:22"
24,14,5,"2024-06-01 07:47:22"
24,3,4,"2024-06-01 07:47:22"
24,11,4,"2024-06-01 07:47:22"
24,9,5,"2024-06-01 07:47:22"
24,6,4,"2024-06-01 07:47:22"
25,4,5,"2024-06-01 07:47:22"
25,6,4,"2024-06-01 07:47:22"
25,10,4,"2024-06-01 07:47:22"
25,11,5,"2024-06-01 07:47:22"
25,15,4,"2024-06-01 07:47:22"
26,3,5,"2024-06-01 07:47:22"
26,13,5,"2024-06-01 07:47:22"
26,6,5,"2024-06-01 07:47:22"
26,7,5,"2024-06-01 07:47:22"
26,5,5,"2024-06-01 07:47:22"
27,1,5,"2024-06-01 07:47:22"
27,8,4,"2024-06-01 07:47:22"
27,7,4,"2024-06-01 07:47:22"
27,6,4,"2024-06-01 07:47:22"
27,9,5,"2024-06-01 07:47:22"
28,11,4,"2024-06-01 07:47:22"
28,14,5,"2024-06-01 07:47:22"
28,1,5,"2024-06-01 07:47:22"
28,5,4,"2024-06-01 07:47:22"
28,6,5,"2024-06-01 07:47:22"
29,12,5,"2024-06-01 07:47:22"
29,6,5,"2024-06-01 07:47:22"
29,4,4,"2024-06-01 07:47:22"
29,2,5,"2024-06-01 07:47:22"
29,14,4,"2024-06-01 07:47:22"
30,6,5,"2024-06-01 07:47:22"
30,10,4,"2024-06-01 07:47:22"
30,2,5,"2024-06-01 07:47:22"
30,8,4,"2024-06-01 07:47:22"
30,5,4,"2024-06-01 07:47:22"
31,14,4,"2024-06-01 07:47:22"
31,7,4,"2024-06-01 07:47:22"
31,5,5,"2024-06-01 07:47:22"
31,4,5,"2024-06-01 07:47:22"
31,2,5,"2024-06-01 07:47:22"
32,4,5,"2024-06-01 07:47:22"
32,3,5,"2024-06-01 07:47:22"
32,15,5,"2024-06-01 07:47:22"
32,2,5,"2024-06-01 07:47:22"
32,1,4,"2024-06-01 07:47:22"
33,15,4,"2024-06-01 07:47:22"
33,13,5,"2024-06-01 07:47:22"
33,4,4,"2024-06-01 07:47:22"
33,2,5,"2024-06-01 07:47:22"
33,14,5,"2024-06-01 07:47:22"
34,13,5,"2024-06-01 07:47:22"
34,5,4,"2024-06-01 07:47:22"
34,10,5,"2024-06-01 07:47:22"
34,7,5,"2024-06-01 07:47:22"
34,1,4,"2024-06-01 07:47:22"
35,1,4,"2024-06-01 07:47:22"
35,8,4,"2024-06-01 07:47:22"
35,10,5,"2024-06-01 07:47:22"
35,13,4,"2024-06-01 07:47:22"
35,9,4,"2024-06-01 07:47:22"
36,6,5,"2024-06-01 07:47:22"
36,11,5,"2024-06-01 07:47:22"
36,4,4,"2024-06-01 07:47:22"
36,9,5,"2024-06-01 07:47:22"
36,1,4,"2024-06-01 07:47:22"
37,13,5,"2024-06-01 07:47:22"
37,11,4,"2024-06-01 07:47:22"
37,14,5,"2024-06-01 07:47:22"
37,8,5,"2024-06-01 07:47:22"
37,6,4,"2024-06-01 07:47:22"
38,5,4,"2024-06-01 07:47:22"
38,4,4,"2024-06-01 07:47:22"
38,15,5,"2024-06-01 07:47:22"
38,2,4,"2024-06-01 07:47:22"
38,7,5,"2024-06-01 07:47:22"
39,13,4,"2024-06-01 07:47:22"
39,4,5,"2024-06-01 07:47:22"
39,10,4,"2024-06-01 07:47:22"
39,14,5,"2024-06-01 07:47:22"
39,11,4,"2024-06-01 07:47:22"
40,13,5,"2024-06-01 07:47:22"
40,15,4,"2024-06-01 07:47:22"
40,6,5,"2024-06-01 07:47:22"
40,8,4,"2024-06-01 07:47:22"
40,14,5,"2024-06-01 07:47:22"
41,1,5,"2024-06-01 07:47:22"
41,8,4,"2024-06-01 07:47:22"
41,12,4,"2024-06-01 07:47:22"
41,14,4,"2024-06-01 07:47:22"
41,13,4,"2024-06-01 07:47:22"
42,8,5,"2024-06-01 07:47:22"
42,14,4,"2024-06-01 07:47:22"
42,3,4,"2024-06-01 07:47:22"
42,12,5,"2024-06-01 07:47:22"
42,13,5,"2024-06-01 07:47:22"
43,1,4,"2024-06-01 07:47:22"
43,14,5,"2024-06-01 07:47:22"
43,5,5,"2024-06-01 07:47:22"
43,8,4,"2024-06-01 07:47:22"
43,10,5,"2024-06-01 07:47:22"
44,9,5,"2024-06-01 07:47:22"
44,2,5,"2024-06-01 07:47:22"
44,1,5,"2024-06-01 07:47:22"
44,12,4,"2024-06-01 07:47:22"
44,11,4,"2024-06-01 07:47:22"
45,5,4,"2024-06-01 07:47:22"
45,6,5,"2024-06-01 07:47:22"
45,13,5,"2024-06-01 07:47:22"
45,7,5,"2024-06-01 07:47:22"
45,12,4,"2024-06-01 07:47:22"
46,10,5,"2024-06-01 07:47:22"
46,9,4,"2024-06-01 07:47:22"
46,5,4,"2024-06-01 07:47:22"
46,12,5,"2024-06-01 07:47:22"
46,7,4,"2024-06-01 07:47:22"
47,11,4,"2024-06-01 07:47:22"
47,10,5,"2024-06-01 07:47:22"
47,5,4,"2024-06-01 07:47:22"
47,7,4,"2024-06-01 07:47:22"
47,1,5,"2024-06-01 07:47:22"
48,1,5,"2024-06-01 07:47:22"
48,11,5,"2024-06-01 07:47:22"
48,2,5,"2024-06-01 07:47:22"
48,5,4,"2024-06-01 07:47:22"
48,7,4,"2024-06-01 07:47:22"
49,14,4,"2024-06-01 07:47:22"
49,5,4,"2024-06-01 07:47:22"
49,2,4,"2024-06-01 07:47:22"
49,8,4,"2024-06-01 07:47:22"
49,1,5,"2024-06-01 07:47:22"
50,13,4,"2024-06-01 07:47:22"
50,4,5,"2024-06-01 07:47:22"
50,8,5,"2024-06-01 07:47:22"
50,10,5,"2024-06-01 07:47:22"
50,2,4,"2024-06-01 07:47:22"
51,17,4,"2024-06-01 07:47:22"
51,16,4,"2024-06-01 07:47:22"
51,19,4,"2024-06-01 07:47:22"
51,18,4,"2024-06-01 07:47:22"
52,19,5,"2024-06-01 07:47:22"
52,17,4,"2024-06-01 07:47:22"
52,16,4,"2024-06-01 07:47:22"
52,18,4,"2024-06-01 07:47:22"
53,17,4,"2024-06-01 07:47:22"
53,19,4,"2024-06-01 07:47:22"
53,16,4,"2024-06-01 07:47:22"
53,18,4,"2024-06-01 07:47:22"
54,19,5,"2024-06-01 07:47:22"
54,16,4,"2024-06-01 07:47:22"
54,18,4,"2024-06-01 07:47:22"
54,17,5,"2024-06-01 07:47:22"
55,16,5,"2024-06-01 07:47:22"
55,18,5,"2024-06-01 07:47:22"
55,17,4,"2024-06-01 07:47:22"
55,19,4,"2024-06-01 07:47:22"
56,17,5,"2024-06-01 07:47:22"
56,19,4,"2024-06-01 07:47:22"
56,18,4,"2024-06-01 07:47:22"
56,16,4,"2024-06-01 07:47:22"
57,17,4,"2024-06-01 07:47:22"
57,19,4,"2024-06-01 07:47:22"
57,16,5,"2024-06-01 07:47:22"
57,18,5,"2024-06-01 07:47:22"
58,17,4,"2024-06-01 07:47:22"
58,16,5,"2024-06-01 07:47:22"
58,19,5,"2024-06-01 07:47:22"
58,18,5,"2024-06-01 07:47:22"
59,18,4,"2024-06-01 07:47:22"
59,16,4,"2024-06-01 07:47:22"
59,19,5,"2024-06-01 07:47:22"
59,17,4,"2024-06-01 07:47:22"
60,18,4,"2024-06-01 07:47:22"
60,19,4,"2024-06-01 07:47:22"
60,17,5,"2024-06-01 07:47:22"
60,16,5,"2024-06-01 07:47:22"
61,19,4,"2024-06-01 07:47:22"
61,17,5,"2024-06-01 07:47:22"
61,18,5,"2024-06-01 07:47:22"
61,16,4,"2024-06-01 07:47:22"
62,18,4,"2024-06-01 07:47:22"
62,17,5,"2024-06-01 07:47:22"
62,19,4,"2024-06-01 07:47:22"
62,16,4,"2024-06-01 07:47:22"
63,17,4,"2024-06-01 07:47:22"
63,16,4,"2024-06-01 07:47:22"
63,18,4,"2024-06-01 07:47:22"
63,19,4,"2024-06-01 07:47:22"
64,19,5,"2024-06-01 07:47:22"
64,17,5,"2024-06-01 07:47:22"
64,18,4,"2024-06-01 07:47:22"
64,16,5,"2024-06-01 07:47:22"
65,17,5,"2024-06-01 07:47:22"
65,16,5,"2024-06-01 07:47:22"
65,18,5,"2024-06-01 07:47:22"
65,19,5,"2024-06-01 07:47:22"
66,19,5,"2024-06-01 07:47:22"
66,18,5,"2024-06-01 07:47:22"
66,17,5,"2024-06-01 07:47:22"
66,16,5,"2024-06-01 07:47:22"
67,18,5,"2024-06-01 07:47:22"
67,17,4,"2024-06-01 07:47:22"
67,19,4,"2024-06-01 07:47:22"
67,16,4,"2024-06-01 07:47:22"
68,17,5,"2024-06-01 07:47:22"
68,16,5,"2024-06-01 07:47:22"
68,19,5,"2024-06-01 07:47:22"
68,18,5,"2024-06-01 07:47:22"
69,17,4,"2024-06-01 07:47:22"
69,18,4,"2024-06-01 07:47:22"
69,19,5,"2024-06-01 07:47:22"
69,16,4,"2024-06-01 07:47:22"
70,16,4,"2024-06-01 07:47:22"
70,19,5,"2024-06-01 07:47:22"
70,17,5,"2024-06-01 07:47:22"
70,18,4,"2024-06-01 07:47:22"
71,16,5,"2024-06-01 07:47:22"
71,17,4,"2024-06-01 07:47:22"
71,19,4,"2024-06-01 07:47:22"
71,18,5,"2024-06-01 07:47:22"
72,17,5,"2024-06-01 07:47:22"
72,16,5,"2024-06-01 07:47:22"
72,19,4,"2024-06-01 07:47:22"
72,18,5,"2024-06-01 07:47:22"
73,16,5,"2024-06-01 07:47:22"
73,19,5,"2024-06-01 07:47:22"
73,18,4,"2024-06-01 07:47:22"
73,17,4,"2024-06-01 07:47:22"
74,17,5,"2024-06-01 07:47:22"
74,18,4,"2024-06-01 07:47:22"
74,19,4,"2024-06-01 07:47:22"
74,16,4,"2024-06-01 07:47:22"
75,17,4,"2024-06-01 07:47:22"
75,18,4,"2024-06-01 07:47:22"
75,19,4,"2024-06-01 07:47:22"
75,16,5,"2024-06-01 07:47:22"
76,16,5,"2024-06-01 07:47:22"
76,19,5,"2024-06-01 07:47:22"
76,17,4,"2024-06-01 07:47:22"
76,18,4,"2024-06-01 07:47:22"
77,19,4,"2024-06-01 07:47:22"
77,18,4,"2024-06-01 07:47:22"
77,16,5,"2024-06-01 07:47:22"
77,17,4,"2024-06-01 07:47:22"
78,19,4,"2024-06-01 07:47:22"
78,18,4,"2024-06-01 07:47:22"
78,16,4,"2024-06-01 07:47:22"
78,17,4,"2024-06-01 07:47:22"
79,19,4,"2024-06-01 07:47:22"
79,16,4,"2024-06-01 07:47:22"
79,18,5,"2024-06-01 07:47:22"
79,17,4,"2024-06-01 07:47:22"
80,18,5,"2024-06-01 07:47:22"
80,17,4,"2024-06-01 07:47:22"
80,19,5,"2024-06-01 07:47:22"
80,16,5,"2024-06-01 07:47:22"
81,19,4,"2024-06-01 07:47:22"
81,17,4,"2024-06-01 07:47:22"
81,18,4,"2024-06-01 07:47:22"
81,16,4,"2024-06-01 07:47:22"
82,17,4,"2024-06-01 07:47:22"
82,19,4,"2024-06-01 07:47:22"
82,16,5,"2024-06-01 07:47:22"
82,18,4,"2024-06-01 07:47:22"
83,16,4,"2024-06-01 07:47:22"
83,18,4,"2024-06-01 07:47:22"
83,19,4,"2024-06-01 07:47:22"
83,17,4,"2024-06-01 07:47:22"
84,18,4,"2024-06-01 07:47:22"
84,17,5,"2024-06-01 07:47:22"
84,16,4,"2024-06-01 07:47:22"
84,19,5,"2024-06-01 07:47:22"
85,16,5,"2024-06-01 07:47:22"
85,17,4,"2024-06-01 07:47:22"
85,19,4,"2024-06-01 07:47:22"
85,18,5,"2024-06-01 07:47:22"
86,16,5,"2024-06-01 07:47:22"
86,17,5,"2024-06-01 07:47:22"
86,19,5,"2024-06-01 07:47:22"
86,18,5,"2024-06-01 07:47:22"
87,16,4,"2024-06-01 07:47:22"
87,17,5,"2024-06-01 07:47:22"
87,18,5,"2024-06-01 07:47:22"
87,19,5,"2024-06-01 07:47:22"
88,18,4,"2024-06-01 07:47:22"
88,16,4,"2024-06-01 07:47:22"
88,19,4,"2024-06-01 07:47:22"
88,17,5,"2024-06-01 07:47:22"
89,18,5,"2024-06-01 07:47:22"
89,19,5,"2024-06-01 07:47:22"
89,17,5,"2024-06-01 07:47:22"
89,16,5,"2024-06-01 07:47:22"
90,17,4,"2024-06-01 07:47:22"
90,16,4,"2024-06-01 07:47:22"
90,19,4,"2024-06-01 07:47:22"
90,18,5,"2024-06-01 07:47:22"
91,19,4,"2024-06-01 07:47:22"
91,17,5,"2024-06-01 07:47:22"
91,18,5,"2024-06-01 07:47:22"
91,16,4,"2024-06-01 07:47:22"
92,18,4,"2024-06-01 07:47:22"
92,17,5,"2024-06-01 07:47:22"
92,19,4,"2024-06-01 07:47:22"
92,16,5,"2024-06-01 07:47:22"
93,17,5,"2024-06-01 07:47:22"
93,18,5,"2024-06-01 07:47:22"
93,19,5,"2024-06-01 07:47:22"
93,16,5,"2024-06-01 07:47:22"
94,16,4,"2024-06-01 07:47:22"
94,19,4,"2024-06-01 07:47:22"
94,18,4,"2024-06-01 07:47:22"
94,17,5,"2024-06-01 07:47:22"
95,17,4,"2024-06-01 07:47:22"
95,18,4,"2024-06-01 07:47:22"
95,19,4,"2024-06-01 07:47:22"
95,16,4,"2024-06-01 07:47:22"
96,19,4,"2024-06-01 07:47:22"
96,16,5,"2024-06-01 07:47:22"
96,17,4,"2024-06-01 07:47:22"
96,18,4,"2024-06-01 07:47:22"
97,16,4,"2024-06-01 07:47:22"
97,18,4,"2024-06-01 07:47:22"
97,19,4,"2024-06-01 07:47:22"
97,17,4,"2024-06-01 07:47:22"
98,16,5,"2024-06-01 07:47:22"
98,18,4,"2024-06-01 07:47:22"
98,19,4,"2024-06-01 07:47:22"
98,17,5,"2024-06-01 07:47:22"
99,16,4,"2024-06-01 07:47:22"
99,17,4,"2024-06-01 07:47:22"
99,19,5,"2024-06-01 07:47:22"
99,18,5,"2024-06-01 07:47:22"
100,18,5,"2024-06-01 07:47:22"
100,16,5,"2024-06-01 07:47:22"
100,17,5,"2024-06-01 07:47:22"
100,19,5,"2024-06-01 07:47:22"
101,25,4,"2024-06-01 07:47:22"
101,24,5,"2024-06-01 07:47:22"
101,23,5,"2024-06-01 07:47:22"
101,22,5,"2024-06-01 07:47:22"
101,21,4,"2024-06-01 07:47:22"
102,26,5,"2024-06-01 07:47:22"
102,20,5,"2024-06-01 07:47:22"
102,28,4,"2024-06-01 07:47:22"
102,25,5,"2024-06-01 07:47:22"
102,21,5,"2024-06-01 07:47:22"
103,21,4,"2024-06-01 07:47:22"
103,26,5,"2024-06-01 07:47:22"
103,20,4,"2024-06-01 07:47:22"
103,22,4,"2024-06-01 07:47:22"
103,27,4,"2024-06-01 07:47:22"
104,23,4,"2024-06-01 07:47:22"
104,27,5,"2024-06-01 07:47:22"
104,24,5,"2024-06-01 07:47:22"
104,28,5,"2024-06-01 07:47:22"
104,22,5,"2024-06-01 07:47:22"
105,27,4,"2024-06-01 07:47:22"
105,22,4,"2024-06-01 07:47:22"
105,23,4,"2024-06-01 07:47:22"
105,28,5,"2024-06-01 07:47:22"
105,21,5,"2024-06-01 07:47:22"
106,22,5,"2024-06-01 07:47:22"
106,27,5,"2024-06-01 07:47:22"
106,25,5,"2024-06-01 07:47:22"
106,21,4,"2024-06-01 07:47:22"
106,23,5,"2024-06-01 07:47:22"
107,25,4,"2024-06-01 07:47:22"
107,24,5,"2024-06-01 07:47:22"
107,26,5,"2024-06-01 07:47:22"
107,28,5,"2024-06-01 07:47:22"
107,23,5,"2024-06-01 07:47:22"
108,23,4,"2024-06-01 07:47:22"
108,22,5,"2024-06-01 07:47:22"
108,25,5,"2024-06-01 07:47:22"
108,20,5,"2024-06-01 07:47:22"
108,27,5,"2024-06-01 07:47:22"
109,21,5,"2024-06-01 07:47:22"
109,25,4,"2024-06-01 07:47:22"
109,24,4,"2024-06-01 07:47:22"
109,22,4,"2024-06-01 07:47:22"
109,26,5,"2024-06-01 07:47:22"
110,20,5,"2024-06-01 07:47:22"
110,21,4,"2024-06-01 07:47:22"
110,23,4,"2024-06-01 07:47:22"
110,26,5,"2024-06-01 07:47:22"
110,22,4,"2024-06-01 07:47:22"
111,23,5,"2024-06-01 07:47:22"
111,28,4,"2024-06-01 07:47:22"
111,22,4,"2024-06-01 07:47:22"
111,21,5,"2024-06-01 07:47:22"
111,26,4,"2024-06-01 07:47:22"
112,23,4,"2024-06-01 07:47:22"
112,20,5,"2024-06-01 07:47:22"
112,21,4,"2024-06-01 07:47:22"
112,25,5,"2024-06-01 07:47:22"
112,22,5,"2024-06-01 07:47:22"
113,27,5,"2024-06-01 07:47:22"
113,20,4,"2024-06-01 07:47:22"
113,21,4,"2024-06-01 07:47:22"
113,23,5,"2024-06-01 07:47:22"
113,24,4,"2024-06-01 07:47:22"
114,27,5,"2024-06-01 07:47:22"
114,28,5,"2024-06-01 07:47:22"
114,26,5,"2024-06-01 07:47:22"
114,20,5,"2024-06-01 07:47:22"
114,21,4,"2024-06-01 07:47:22"
115,24,4,"2024-06-01 07:47:22"
115,21,5,"2024-06-01 07:47:22"
115,20,5,"2024-06-01 07:47:22"
115,28,5,"2024-06-01 07:47:22"
115,26,5,"2024-06-01 07:47:22"
116,24,4,"2024-06-01 07:47:22"
116,22,5,"2024-06-01 07:47:22"
116,26,5,"2024-06-01 07:47:22"
116,27,5,"2024-06-01 07:47:22"
116,23,5,"2024-06-01 07:47:22"
117,28,4,"2024-06-01 07:47:22"
117,20,4,"2024-06-01 07:47:22"
117,26,4,"2024-06-01 07:47:22"
117,27,4,"2024-06-01 07:47:22"
117,25,4,"2024-06-01 07:47:22"
118,21,4,"2024-06-01 07:47:22"
118,25,5,"2024-06-01 07:47:22"
118,20,5,"2024-06-01 07:47:22"
118,27,5,"2024-06-01 07:47:22"
118,26,4,"2024-06-01 07:47:22"
119,24,4,"2024-06-01 07:47:22"
119,25,5,"2024-06-01 07:47:22"
119,26,5,"2024-06-01 07:47:22"
119,21,4,"2024-06-01 07:47:22"
119,23,5,"2024-06-01 07:47:22"
120,24,5,"2024-06-01 07:47:22"
120,25,5,"2024-06-01 07:47:22"
120,28,5,"2024-06-01 07:47:22"
120,27,4,"2024-06-01 07:47:22"
120,22,5,"2024-06-01 07:47:22"
121,20,5,"2024-06-01 07:47:22"
121,24,5,"2024-06-01 07:47:22"
121,22,5,"2024-06-01 07:47:22"
121,25,4,"2024-06-01 07:47:22"
121,26,4,"2024-06-01 07:47:22"
122,20,4,"2024-06-01 07:47:22"
122,27,4,"2024-06-01 07:47:22"
122,25,4,"2024-06-01 07:47:22"
122,26,4,"2024-06-01 07:47:22"
122,24,4,"2024-06-01 07:47:22"
123,24,5,"2024-06-01 07:47:22"
123,26,5,"2024-06-01 07:47:22"
123,21,5,"2024-06-01 07:47:22"
123,28,5,"2024-06-01 07:47:22"
123,23,4,"2024-06-01 07:47:22"
124,20,4,"2024-06-01 07:47:22"
124,26,5,"2024-06-01 07:47:22"
124,22,4,"2024-06-01 07:47:22"
124,24,5,"2024-06-01 07:47:22"
124,23,4,"2024-06-01 07:47:22"
125,25,4,"2024-06-01 07:47:22"
125,21,5,"2024-06-01 07:47:22"
125,26,5,"2024-06-01 07:47:22"
125,23,4,"2024-06-01 07:47:22"
125,28,5,"2024-06-01 07:47:22"
126,20,4,"2024-06-01 07:47:22"
126,22,4,"2024-06-01 07:47:22"
126,27,5,"2024-06-01 07:47:22"
126,23,4,"2024-06-01 07:47:22"
126,24,4,"2024-06-01 07:47:22"
127,28,4,"2024-06-01 07:47:22"
127,26,4,"2024-06-01 07:47:22"
127,22,4,"2024-06-01 07:47:22"
127,21,5,"2024-06-01 07:47:22"
127,27,4,"2024-06-01 07:47:22"
128,24,4,"2024-06-01 07:47:22"
128,25,5,"2024-06-01 07:47:22"
128,27,4,"2024-06-01 07:47:22"
128,20,4,"2024-06-01 07:47:22"
128,22,4,"2024-06-01 07:47:22"
129,21,5,"2024-06-01 07:47:22"
129,24,5,"2024-06-01 07:47:22"
129,25,5,"2024-06-01 07:47:22"
129,20,5,"2024-06-01 07:47:22"
129,26,4,"2024-06-01 07:47:22"
130,21,4,"2024-06-01 07:47:22"
130,20,4,"2024-06-01 07:47:22"
130,27,4,"2024-06-01 07:47:22"
130,25,4,"2024-06-01 07:47:22"
130,23,5,"2024-06-01 07:47:22"
131,20,5,"2024-06-01 07:47:22"
131,26,4,"2024-06-01 07:47:22"
131,24,5,"2024-06-01 07:47:22"
131,23,4,"2024-06-01 07:47:22"
131,25,5,"2024-06-01 07:47:22"
132,25,4,"2024-06-01 07:47:22"
132,20,5,"2024-06-01 07:47:22"
132,28,4,"2024-06-01 07:47:22"
132,23,4,"2024-06-01 07:47:22"
132,24,4,"2024-06-01 07:47:22"
133,22,5,"2024-06-01 07:47:22"
133,28,5,"2024-06-01 07:47:22"
133,23,4,"2024-06-01 07:47:22"
133,26,5,"2024-06-01 07:47:22"
133,24,5,"2024-06-01 07:47:22"
134,25,5,"2024-06-01 07:47:22"
134,24,4,"2024-06-01 07:47:22"
134,28,5,"2024-06-01 07:47:22"
134,21,5,"2024-06-01 07:47:22"
134,26,5,"2024-06-01 07:47:22"
135,22,4,"2024-06-01 07:47:22"
135,20,5,"2024-06-01 07:47:22"
135,21,4,"2024-06-01 07:47:22"
135,24,5,"2024-06-01 07:47:22"
135,28,4,"2024-06-01 07:47:22"
136,21,5,"2024-06-01 07:47:22"
136,27,4,"2024-06-01 07:47:22"
136,23,4,"2024-06-01 07:47:22"
136,26,4,"2024-06-01 07:47:22"
136,24,5,"2024-06-01 07:47:22"
137,20,5,"2024-06-01 07:47:22"
137,22,5,"2024-06-01 07:47:22"
137,25,4,"2024-06-01 07:47:22"
137,23,5,"2024-06-01 07:47:22"
137,24,5,"2024-06-01 07:47:22"
138,20,5,"2024-06-01 07:47:22"
138,24,5,"2024-06-01 07:47:22"
138,22,5,"2024-06-01 07:47:22"
138,21,4,"2024-06-01 07:47:22"
138,25,5,"2024-06-01 07:47:22"
139,26,5,"2024-06-01 07:47:22"
139,22,5,"2024-06-01 07:47:22"
139,25,5,"2024-06-01 07:47:22"
139,28,4,"2024-06-01 07:47:22"
139,23,5,"2024-06-01 07:47:22"
140,26,4,"2024-06-01 07:47:22"
140,20,4,"2024-06-01 07:47:22"
140,23,4,"2024-06-01 07:47:22"
140,25,4,"2024-06-01 07:47:22"
140,22,4,"2024-06-01 07:47:22"
141,25,5,"2024-06-01 07:47:22"
141,23,5,"2024-06-01 07:47:22"
141,20,5,"2024-06-01 07:47:22"
141,22,5,"2024-06-01 07:47:22"
141,24,4,"2024-06-01 07:47:22"
142,27,4,"2024-06-01 07:47:22"
142,22,5,"2024-06-01 07:47:22"
142,26,4,"2024-06-01 07:47:22"
142,21,4,"2024-06-01 07:47:22"
142,23,4,"2024-06-01 07:47:22"
143,21,4,"2024-06-01 07:47:22"
143,28,4,"2024-06-01 07:47:22"
143,20,5,"2024-06-01 07:47:22"
143,22,4,"2024-06-01 07:47:22"
143,26,5,"2024-06-01 07:47:22"
144,23,4,"2024-06-01 07:47:22"
144,26,4,"2024-06-01 07:47:22"
144,28,5,"2024-06-01 07:47:22"
144,21,4,"2024-06-01 07:47:22"
144,24,5,"2024-06-01 07:47:22"
145,24,4,"2024-06-01 07:47:22"
145,21,4,"2024-06-01 07:47:22"
145,26,4,"2024-06-01 07:47:22"
145,28,4,"2024-06-01 07:47:22"
145,23,4,"2024-06-01 07:47:22"
146,28,5,"2024-06-01 07:47:22"
146,24,5,"2024-06-01 07:47:22"
146,20,4,"2024-06-01 07:47:22"
146,25,4,"2024-06-01 07:47:22"
146,23,5,"2024-06-01 07:47:22"
147,24,5,"2024-06-01 07:47:22"
147,22,4,"2024-06-01 07:47:22"
147,25,5,"2024-06-01 07:47:22"
147,27,4,"2024-06-01 07:47:22"
147,21,5,"2024-06-01 07:47:22"
148,25,4,"2024-06-01 07:47:22"
148,26,4,"2024-06-01 07:47:22"
148,28,4,"2024-06-01 07:47:22"
148,21,5,"2024-06-01 07:47:22"
148,23,5,"2024-06-01 07:47:22"
149,26,4,"2024-06-01 07:47:22"
149,21,4,"2024-06-01 07:47:22"
149,22,5,"2024-06-01 07:47:22"
149,20,4,"2024-06-01 07:47:22"
149,23,4,"2024-06-01 07:47:22"
150,28,4,"2024-06-01 07:47:22"
150,22,4,"2024-06-01 07:47:22"
150,27,5,"2024-06-01 07:47:22"
150,21,4,"2024-06-01 07:47:22"
150,24,4,"2024-06-01 07:47:22"
151,29,4,"2024-06-01 07:47:22"
151,35,5,"2024-06-01 07:47:22"
151,31,4,"2024-06-01 07:47:22"
151,36,5,"2024-06-01 07:47:22"
151,40,4,"2024-06-01 07:47:22"
152,31,5,"2024-06-01 07:47:22"
152,40,4,"2024-06-01 07:47:22"
152,38,5,"2024-06-01 07:47:22"
152,32,4,"2024-06-01 07:47:22"
152,36,4,"2024-06-01 07:47:22"
153,34,5,"2024-06-01 07:47:22"
153,37,4,"2024-06-01 07:47:22"
153,40,4,"2024-06-01 07:47:22"
153,31,4,"2024-06-01 07:47:22"
153,39,5,"2024-06-01 07:47:22"
154,37,5,"2024-06-01 07:47:22"
154,40,4,"2024-06-01 07:47:22"
154,39,5,"2024-06-01 07:47:22"
154,38,5,"2024-06-01 07:47:22"
154,32,4,"2024-06-01 07:47:22"
155,29,4,"2024-06-01 07:47:22"
155,34,4,"2024-06-01 07:47:22"
155,31,4,"2024-06-01 07:47:22"
155,32,5,"2024-06-01 07:47:22"
155,37,4,"2024-06-01 07:47:22"
156,35,4,"2024-06-01 07:47:22"
156,34,4,"2024-06-01 07:47:22"
156,39,5,"2024-06-01 07:47:22"
156,37,4,"2024-06-01 07:47:22"
156,36,5,"2024-06-01 07:47:22"
157,36,4,"2024-06-01 07:47:22"
157,39,5,"2024-06-01 07:47:22"
157,30,5,"2024-06-01 07:47:22"
157,35,5,"2024-06-01 07:47:22"
157,29,4,"2024-06-01 07:47:22"
158,35,4,"2024-06-01 07:47:22"
158,30,4,"2024-06-01 07:47:22"
158,34,5,"2024-06-01 07:47:22"
158,33,5,"2024-06-01 07:47:22"
158,39,4,"2024-06-01 07:47:22"
159,35,4,"2024-06-01 07:47:22"
159,38,4,"2024-06-01 07:47:22"
159,39,4,"2024-06-01 07:47:22"
159,37,4,"2024-06-01 07:47:22"
159,29,4,"2024-06-01 07:47:22"
160,29,4,"2024-06-01 07:47:22"
160,39,4,"2024-06-01 07:47:22"
160,36,4,"2024-06-01 07:47:22"
160,35,5,"2024-06-01 07:47:22"
160,37,5,"2024-06-01 07:47:22"
161,33,4,"2024-06-01 07:47:22"
161,35,4,"2024-06-01 07:47:22"
161,40,4,"2024-06-01 07:47:22"
161,30,5,"2024-06-01 07:47:22"
161,39,5,"2024-06-01 07:47:22"
162,40,4,"2024-06-01 07:47:22"
162,31,5,"2024-06-01 07:47:22"
162,36,5,"2024-06-01 07:47:22"
162,39,4,"2024-06-01 07:47:22"
162,34,5,"2024-06-01 07:47:22"
163,29,4,"2024-06-01 07:47:22"
163,38,4,"2024-06-01 07:47:22"
163,34,4,"2024-06-01 07:47:22"
163,33,4,"2024-06-01 07:47:22"
163,32,4,"2024-06-01 07:47:22"
164,34,4,"2024-06-01 07:47:22"
164,37,5,"2024-06-01 07:47:22"
164,38,4,"2024-06-01 07:47:22"
164,33,5,"2024-06-01 07:47:22"
164,35,5,"2024-06-01 07:47:22"
165,31,4,"2024-06-01 07:47:22"
165,34,5,"2024-06-01 07:47:22"
165,40,4,"2024-06-01 07:47:22"
165,35,4,"2024-06-01 07:47:22"
165,33,4,"2024-06-01 07:47:22"
166,37,4,"2024-06-01 07:47:22"
166,39,4,"2024-06-01 07:47:22"
166,32,4,"2024-06-01 07:47:22"
166,29,5,"2024-06-01 07:47:22"
166,34,4,"2024-06-01 07:47:22"
167,32,5,"2024-06-01 07:47:22"
167,35,5,"2024-06-01 07:47:22"
167,38,4,"2024-06-01 07:47:22"
167,39,4,"2024-06-01 07:47:22"
167,29,4,"2024-06-01 07:47:22"
168,36,4,"2024-06-01 07:47:22"
168,30,4,"2024-06-01 07:47:22"
168,31,5,"2024-06-01 07:47:22"
168,39,5,"2024-06-01 07:47:22"
168,32,5,"2024-06-01 07:47:22"
169,29,5,"2024-06-01 07:47:22"
169,33,5,"2024-06-01 07:47:22"
169,30,5,"2024-06-01 07:47:22"
169,37,5,"2024-06-01 07:47:22"
169,39,4,"2024-06-01 07:47:22"
170,35,5,"2024-06-01 07:47:22"
170,33,4,"2024-06-01 07:47:22"
170,32,5,"2024-06-01 07:47:22"
170,39,4,"2024-06-01 07:47:22"
170,34,4,"2024-06-01 07:47:22"
171,37,4,"2024-06-01 07:47:22"
171,32,5,"2024-06-01 07:47:22"
171,39,4,"2024-06-01 07:47:22"
171,33,4,"2024-06-01 07:47:22"
171,29,5,"2024-06-01 07:47:22"
172,36,4,"2024-06-01 07:47:22"
172,40,5,"2024-06-01 07:47:22"
172,32,4,"2024-06-01 07:47:22"
172,30,4,"2024-06-01 07:47:22"
172,38,4,"2024-06-01 07:47:22"
173,37,5,"2024-06-01 07:47:22"
173,36,4,"2024-06-01 07:47:22"
173,30,5,"2024-06-01 07:47:22"
173,32,4,"2024-06-01 07:47:22"
173,40,5,"2024-06-01 07:47:22"
174,36,5,"2024-06-01 07:47:22"
174,35,5,"2024-06-01 07:47:22"
174,34,4,"2024-06-01 07:47:22"
174,29,4,"2024-06-01 07:47:22"
174,30,5,"2024-06-01 07:47:22"
175,36,4,"2024-06-01 07:47:22"
175,33,5,"2024-06-01 07:47:22"
175,34,4,"2024-06-01 07:47:22"
175,39,4,"2024-06-01 07:47:22"
175,30,5,"2024-06-01 07:47:22"
176,40,4,"2024-06-01 07:47:22"
176,38,5,"2024-06-01 07:47:22"
176,30,5,"2024-06-01 07:47:22"
176,36,4,"2024-06-01 07:47:22"
176,29,4,"2024-06-01 07:47:22"
177,40,5,"2024-06-01 07:47:22"
177,30,5,"2024-06-01 07:47:22"
177,37,4,"2024-06-01 07:47:22"
177,36,4,"2024-06-01 07:47:22"
177,38,5,"2024-06-01 07:47:22"
178,33,4,"2024-06-01 07:47:22"
178,40,5,"2024-06-01 07:47:22"
178,36,4,"2024-06-01 07:47:22"
178,34,5,"2024-06-01 07:47:22"
178,31,5,"2024-06-01 07:47:22"
179,40,4,"2024-06-01 07:47:22"
179,39,4,"2024-06-01 07:47:22"
179,30,4,"2024-06-01 07:47:22"
179,33,5,"2024-06-01 07:47:22"
179,35,5,"2024-06-01 07:47:22"
180,37,4,"2024-06-01 07:47:22"
180,39,5,"2024-06-01 07:47:22"
180,33,5,"2024-06-01 07:47:22"
180,35,5,"2024-06-01 07:47:22"
180,31,5,"2024-06-01 07:47:22"
181,36,4,"2024-06-01 07:47:22"
181,38,5,"2024-06-01 07:47:22"
181,30,5,"2024-06-01 07:47:22"
181,40,5,"2024-06-01 07:47:22"
181,33,5,"2024-06-01 07:47:22"
182,39,4,"2024-06-01 07:47:22"
182,31,5,"2024-06-01 07:47:22"
182,32,5,"2024-06-01 07:47:22"
182,36,4,"2024-06-01 07:47:22"
182,33,4,"2024-06-01 07:47:22"
183,33,5,"2024-06-01 07:47:22"
183,30,5,"2024-06-01 07:47:22"
183,32,5,"2024-06-01 07:47:22"
183,29,5,"2024-06-01 07:47:22"
183,36,5,"2024-06-01 07:47:22"
184,30,5,"2024-06-01 07:47:22"
184,39,5,"2024-06-01 07:47:22"
184,37,5,"2024-06-01 07:47:22"
184,38,4,"2024-06-01 07:47:22"
184,36,4,"2024-06-01 07:47:22"
185,33,5,"2024-06-01 07:47:22"
185,38,4,"2024-06-01 07:47:22"
185,39,5,"2024-06-01 07:47:22"
185,36,4,"2024-06-01 07:47:22"
185,32,5,"2024-06-01 07:47:22"
186,37,4,"2024-06-01 07:47:22"
186,30,5,"2024-06-01 07:47:22"
186,40,4,"2024-06-01 07:47:22"
186,29,5,"2024-06-01 07:47:22"
186,36,4,"2024-06-01 07:47:22"
187,31,5,"2024-06-01 07:47:22"
187,34,4,"2024-06-01 07:47:22"
187,40,5,"2024-06-01 07:47:22"
187,36,4,"2024-06-01 07:47:22"
187,29,5,"2024-06-01 07:47:22"
188,38,5,"2024-06-01 07:47:22"
188,29,5,"2024-06-01 07:47:22"
188,40,5,"2024-06-01 07:47:22"
188,31,4,"2024-06-01 07:47:22"
188,33,5,"2024-06-01 07:47:22"
189,39,5,"2024-06-01 07:47:22"
189,37,4,"2024-06-01 07:47:22"
189,29,5,"2024-06-01 07:47:22"
189,38,5,"2024-06-01 07:47:22"
189,33,4,"2024-06-01 07:47:22"
190,37,4,"2024-06-01 07:47:22"
190,35,5,"2024-06-01 07:47:22"
190,39,5,"2024-06-01 07:47:22"
190,34,4,"2024-06-01 07:47:22"
190,33,5,"2024-06-01 07:47:22"
191,35,4,"2024-06-01 07:47:22"
191,37,4,"2024-06-01 07:47:22"
191,32,4,"2024-06-01 07:47:22"
191,29,5,"2024-06-01 07:47:22"
191,39,4,"2024-06-01 07:47:22"
192,37,4,"2024-06-01 07:47:22"
192,38,4,"2024-06-01 07:47:22"
192,30,4,"2024-06-01 07:47:22"
192,34,5,"2024-06-01 07:47:22"
192,36,5,"2024-06-01 07:47:22"
193,35,5,"2024-06-01 07:47:22"
193,40,4,"2024-06-01 07:47:22"
193,37,5,"2024-06-01 07:47:22"
193,31,4,"2024-06-01 07:47:22"
193,30,4,"2024-06-01 07:47:22"
194,29,5,"2024-06-01 07:47:22"
194,36,5,"2024-06-01 07:47:22"
194,31,4,"2024-06-01 07:47:22"
194,40,4,"2024-06-01 07:47:22"
194,32,4,"2024-06-01 07:47:22"
195,39,4,"2024-06-01 07:47:22"
195,38,5,"2024-06-01 07:47:22"
195,33,5,"2024-06-01 07:47:22"
195,31,4,"2024-06-01 07:47:22"
195,35,5,"2024-06-01 07:47:22"
196,40,5,"2024-06-01 07:47:22"
196,29,5,"2024-06-01 07:47:22"
196,38,4,"2024-06-01 07:47:22"
196,34,5,"2024-06-01 07:47:22"
196,35,5,"2024-06-01 07:47:22"
197,40,5,"2024-06-01 07:47:22"
197,37,4,"2024-06-01 07:47:22"
197,36,5,"2024-06-01 07:47:22"
197,34,5,"2024-06-01 07:47:22"
197,29,4,"2024-06-01 07:47:22"
198,36,4,"2024-06-01 07:47:22"
198,33,5,"2024-06-01 07:47:22"
198,38,4,"2024-06-01 07:47:22"
198,29,4,"2024-06-01 07:47:22"
198,39,4,"2024-06-01 07:47:22"
199,33,4,"2024-06-01 07:47:22"
199,34,4,"2024-06-01 07:47:22"
199,32,5,"2024-06-01 07:47:22"
199,35,5,"2024-06-01 07:47:22"
199,36,4,"2024-06-01 07:47:22"
200,30,4,"2024-06-01 07:47:22"
200,34,5,"2024-06-01 07:47:22"
200,33,4,"2024-06-01 07:47:22"
200,37,4,"2024-06-01 07:47:22"
200,40,4,"2024-06-01 07:47:22"
201,50,5,"2024-06-01 07:47:22"
201,42,5,"2024-06-01 07:47:22"
201,47,5,"2024-06-01 07:47:22"
201,45,5,"2024-06-01 07:47:22"
201,46,4,"2024-06-01 07:47:22"
202,50,4,"2024-06-01 07:47:22"
202,44,5,"2024-06-01 07:47:22"
202,41,5,"2024-06-01 07:47:22"
202,42,4,"2024-06-01 07:47:22"
202,46,4,"2024-06-01 07:47:22"
203,49,4,"2024-06-01 07:47:22"
203,47,4,"2024-06-01 07:47:22"
203,50,4,"2024-06-01 07:47:22"
203,41,5,"2024-06-01 07:47:22"
203,43,4,"2024-06-01 07:47:22"
204,49,5,"2024-06-01 07:47:22"
204,46,4,"2024-06-01 07:47:22"
204,50,4,"2024-06-01 07:47:22"
204,42,4,"2024-06-01 07:47:22"
204,48,4,"2024-06-01 07:47:22"
205,43,5,"2024-06-01 07:47:22"
205,48,5,"2024-06-01 07:47:22"
205,44,4,"2024-06-01 07:47:22"
205,47,4,"2024-06-01 07:47:22"
205,50,4,"2024-06-01 07:47:22"
206,46,4,"2024-06-01 07:47:22"
206,45,4,"2024-06-01 07:47:22"
206,43,5,"2024-06-01 07:47:22"
206,48,5,"2024-06-01 07:47:22"
206,49,5,"2024-06-01 07:47:22"
207,45,4,"2024-06-01 07:47:22"
207,46,4,"2024-06-01 07:47:22"
207,49,4,"2024-06-01 07:47:22"
207,43,4,"2024-06-01 07:47:22"
207,48,4,"2024-06-01 07:47:22"
208,48,5,"2024-06-01 07:47:22"
208,46,5,"2024-06-01 07:47:22"
208,50,5,"2024-06-01 07:47:22"
208,45,4,"2024-06-01 07:47:22"
208,42,4,"2024-06-01 07:47:22"
209,46,5,"2024-06-01 07:47:22"
209,47,5,"2024-06-01 07:47:22"
209,42,4,"2024-06-01 07:47:22"
209,48,4,"2024-06-01 07:47:22"
209,41,4,"2024-06-01 07:47:22"
210,43,5,"2024-06-01 07:47:22"
210,42,5,"2024-06-01 07:47:22"
210,46,5,"2024-06-01 07:47:22"
210,45,5,"2024-06-01 07:47:22"
210,41,5,"2024-06-01 07:47:22"
211,47,5,"2024-06-01 07:47:22"
211,41,5,"2024-06-01 07:47:22"
211,49,4,"2024-06-01 07:47:22"
211,45,4,"2024-06-01 07:47:22"
211,42,4,"2024-06-01 07:47:22"
212,50,5,"2024-06-01 07:47:22"
212,46,5,"2024-06-01 07:47:22"
212,48,4,"2024-06-01 07:47:22"
212,44,5,"2024-06-01 07:47:22"
212,47,4,"2024-06-01 07:47:22"
213,43,4,"2024-06-01 07:47:22"
213,47,4,"2024-06-01 07:47:22"
213,45,4,"2024-06-01 07:47:22"
213,50,5,"2024-06-01 07:47:22"
213,49,4,"2024-06-01 07:47:22"
214,41,5,"2024-06-01 07:47:22"
214,46,4,"2024-06-01 07:47:22"
214,45,4,"2024-06-01 07:47:22"
214,44,5,"2024-06-01 07:47:22"
214,48,4,"2024-06-01 07:47:22"
215,43,5,"2024-06-01 07:47:22"
215,44,5,"2024-06-01 07:47:22"
215,48,5,"2024-06-01 07:47:22"
215,42,4,"2024-06-01 07:47:22"
215,49,4,"2024-06-01 07:47:22"
216,49,4,"2024-06-01 07:47:22"
216,42,5,"2024-06-01 07:47:22"
216,43,4,"2024-06-01 07:47:22"
216,45,5,"2024-06-01 07:47:22"
216,50,5,"2024-06-01 07:47:22"
217,48,4,"2024-06-01 07:47:22"
217,42,4,"2024-06-01 07:47:22"
217,41,4,"2024-06-01 07:47:22"
217,44,4,"2024-06-01 07:47:22"
217,46,5,"2024-06-01 07:47:22"
218,47,5,"2024-06-01 07:47:22"
218,42,5,"2024-06-01 07:47:22"
218,48,4,"2024-06-01 07:47:22"
218,45,5,"2024-06-01 07:47:22"
218,43,4,"2024-06-01 07:47:22"
219,48,5,"2024-06-01 07:47:22"
219,44,4,"2024-06-01 07:47:22"
219,41,4,"2024-06-01 07:47:22"
219,42,4,"2024-06-01 07:47:22"
219,46,5,"2024-06-01 07:47:22"
220,47,5,"2024-06-01 07:47:22"
220,48,4,"2024-06-01 07:47:22"
220,44,4,"2024-06-01 07:47:22"
220,43,5,"2024-06-01 07:47:22"
220,50,4,"2024-06-01 07:47:22"
221,44,4,"2024-06-01 07:47:22"
221,48,4,"2024-06-01 07:47:22"
221,46,4,"2024-06-01 07:47:22"
221,41,5,"2024-06-01 07:47:22"
221,42,4,"2024-06-01 07:47:22"
222,45,5,"2024-06-01 07:47:22"
222,42,5,"2024-06-01 07:47:22"
222,44,5,"2024-06-01 07:47:22"
222,48,5,"2024-06-01 07:47:22"
222,43,5,"2024-06-01 07:47:22"
223,42,5,"2024-06-01 07:47:22"
223,41,5,"2024-06-01 07:47:22"
223,45,4,"2024-06-01 07:47:22"
223,48,4,"2024-06-01 07:47:22"
223,46,5,"2024-06-01 07:47:22"
224,43,4,"2024-06-01 07:47:22"
224,44,5,"2024-06-01 07:47:22"
224,41,4,"2024-06-01 07:47:22"
224,45,4,"2024-06-01 07:47:22"
224,47,4,"2024-06-01 07:47:22"
225,43,5,"2024-06-01 07:47:22"
225,44,4,"2024-06-01 07:47:22"
225,49,4,"2024-06-01 07:47:22"
225,50,4,"2024-06-01 07:47:22"
225,45,5,"2024-06-01 07:47:22"
226,44,4,"2024-06-01 07:47:22"
226,46,5,"2024-06-01 07:47:22"
226,50,4,"2024-06-01 07:47:22"
226,49,5,"2024-06-01 07:47:22"
226,47,4,"2024-06-01 07:47:22"
227,48,5,"2024-06-01 07:47:22"
227,44,4,"2024-06-01 07:47:22"
227,50,4,"2024-06-01 07:47:22"
227,42,4,"2024-06-01 07:47:22"
227,41,5,"2024-06-01 07:47:22"
228,44,4,"2024-06-01 07:47:22"
228,50,5,"2024-06-01 07:47:22"
228,42,5,"2024-06-01 07:47:22"
228,47,4,"2024-06-01 07:47:22"
228,45,4,"2024-06-01 07:47:22"
229,44,5,"2024-06-01 07:47:22"
229,42,4,"2024-06-01 07:47:22"
229,49,5,"2024-06-01 07:47:22"
229,45,4,"2024-06-01 07:47:22"
229,50,4,"2024-06-01 07:47:22"
230,48,5,"2024-06-01 07:47:22"
230,50,5,"2024-06-01 07:47:22"
230,44,5,"2024-06-01 07:47:22"
230,45,5,"2024-06-01 07:47:22"
230,49,5,"2024-06-01 07:47:22"
231,50,4,"2024-06-01 07:47:22"
231,42,5,"2024-06-01 07:47:22"
231,49,5,"2024-06-01 07:47:22"
231,41,4,"2024-06-01 07:47:22"
231,48,4,"2024-06-01 07:47:22"
232,43,5,"2024-06-01 07:47:22"
232,47,4,"2024-06-01 07:47:22"
232,48,5,"2024-06-01 07:47:22"
232,50,4,"2024-06-01 07:47:22"
232,42,5,"2024-06-01 07:47:22"
233,48,5,"2024-06-01 07:47:22"
233,50,4,"2024-06-01 07:47:22"
233,47,5,"2024-06-01 07:47:22"
233,46,4,"2024-06-01 07:47:22"
233,43,4,"2024-06-01 07:47:22"
234,48,5,"2024-06-01 07:47:22"
234,42,4,"2024-06-01 07:47:22"
234,43,4,"2024-06-01 07:47:22"
234,41,4,"2024-06-01 07:47:22"
234,45,4,"2024-06-01 07:47:22"
235,43,5,"2024-06-01 07:47:22"
235,42,4,"2024-06-01 07:47:22"
235,41,5,"2024-06-01 07:47:22"
235,45,4,"2024-06-01 07:47:22"
235,47,4,"2024-06-01 07:47:22"
236,41,4,"2024-06-01 07:47:22"
236,50,5,"2024-06-01 07:47:22"
236,44,5,"2024-06-01 07:47:22"
236,45,5,"2024-06-01 07:47:22"
236,48,5,"2024-06-01 07:47:22"
237,50,5,"2024-06-01 07:47:22"
237,41,4,"2024-06-01 07:47:22"
237,49,5,"2024-06-01 07:47:22"
237,42,5,"2024-06-01 07:47:22"
237,45,4,"2024-06-01 07:47:22"
238,46,5,"2024-06-01 07:47:22"
238,42,4,"2024-06-01 07:47:22"
238,49,5,"2024-06-01 07:47:22"
238,45,4,"2024-06-01 07:47:22"
238,41,5,"2024-06-01 07:47:22"
239,46,4,"2024-06-01 07:47:22"
239,41,4,"2024-06-01 07:47:22"
239,48,5,"2024-06-01 07:47:22"
239,50,4,"2024-06-01 07:47:22"
239,47,4,"2024-06-01 07:47:22"
240,42,5,"2024-06-01 07:47:22"
240,49,4,"2024-06-01 07:47:22"
240,41,4,"2024-06-01 07:47:22"
240,46,4,"2024-06-01 07:47:22"
240,43,4,"2024-06-01 07:47:22"
241,43,5,"2024-06-01 07:47:22"
241,48,5,"2024-06-01 07:47:22"
241,41,4,"2024-06-01 07:47:22"
241,46,4,"2024-06-01 07:47:22"
241,50,5,"2024-06-01 07:47:22"
242,43,5,"2024-06-01 07:47:22"
242,47,4,"2024-06-01 07:47:22"
242,41,4,"2024-06-01 07:47:22"
242,49,4,"2024-06-01 07:47:22"
242,50,5,"2024-06-01 07:47:22"
243,48,4,"2024-06-01 07:47:22"
243,45,5,"2024-06-01 07:47:22"
243,43,5,"2024-06-01 07:47:22"
243,42,5,"2024-06-01 07:47:22"
243,46,4,"2024-06-01 07:47:22"
244,47,5,"2024-06-01 07:47:22"
244,44,4,"2024-06-01 07:47:22"
244,41,5,"2024-06-01 07:47:22"
244,42,4,"2024-06-01 07:47:22"
244,45,5,"2024-06-01 07:47:22"
245,42,5,"2024-06-01 07:47:22"
245,44,4,"2024-06-01 07:47:22"
245,45,5,"2024-06-01 07:47:22"
245,46,5,"2024-06-01 07:47:22"
245,43,4,"2024-06-01 07:47:22"
246,41,4,"2024-06-01 07:47:22"
246,43,4,"2024-06-01 07:47:22"
246,50,5,"2024-06-01 07:47:22"
246,42,5,"2024-06-01 07:47:22"
246,45,5,"2024-06-01 07:47:22"
247,46,4,"2024-06-01 07:47:22"
247,43,4,"2024-06-01 07:47:22"
247,50,5,"2024-06-01 07:47:22"
247,42,5,"2024-06-01 07:47:22"
247,48,4,"2024-06-01 07:47:22"
248,49,5,"2024-06-01 07:47:22"
248,50,4,"2024-06-01 07:47:22"
248,45,4,"2024-06-01 07:47:22"
248,44,5,"2024-06-01 07:47:22"
248,46,4,"2024-06-01 07:47:22"
249,42,4,"2024-06-01 07:47:22"
249,43,5,"2024-06-01 07:47:22"
249,45,5,"2024-06-01 07:47:22"
249,44,4,"2024-06-01 07:47:22"
249,41,4,"2024-06-01 07:47:22"
250,47,4,"2024-06-01 07:47:22"
250,46,5,"2024-06-01 07:47:22"
250,49,4,"2024-06-01 07:47:22"
250,42,4,"2024-06-01 07:47:22"
250,48,5,"2024-06-01 07:47:22"
251,51,5,"2024-06-01 07:47:22"
251,60,5,"2024-06-01 07:47:22"
251,58,4,"2024-06-01 07:47:22"
251,59,5,"2024-06-01 07:47:22"
251,53,5,"2024-06-01 07:47:22"
252,51,5,"2024-06-01 07:47:22"
252,59,4,"2024-06-01 07:47:22"
252,60,4,"2024-06-01 07:47:22"
252,55,5,"2024-06-01 07:47:22"
252,54,4,"2024-06-01 07:47:22"
253,57,4,"2024-06-01 07:47:22"
253,59,5,"2024-06-01 07:47:22"
253,58,5,"2024-06-01 07:47:22"
253,56,5,"2024-06-01 07:47:22"
253,51,4,"2024-06-01 07:47:22"
254,59,5,"2024-06-01 07:47:22"
254,51,4,"2024-06-01 07:47:22"
254,54,4,"2024-06-01 07:47:22"
254,58,4,"2024-06-01 07:47:22"
254,57,5,"2024-06-01 07:47:22"
255,59,5,"2024-06-01 07:47:22"
255,58,4,"2024-06-01 07:47:22"
255,57,4,"2024-06-01 07:47:22"
255,55,4,"2024-06-01 07:47:22"
255,52,5,"2024-06-01 07:47:22"
256,60,5,"2024-06-01 07:47:22"
256,57,4,"2024-06-01 07:47:22"
256,55,4,"2024-06-01 07:47:22"
256,56,5,"2024-06-01 07:47:22"
256,54,5,"2024-06-01 07:47:22"
257,59,5,"2024-06-01 07:47:22"
257,54,4,"2024-06-01 07:47:22"
257,53,4,"2024-06-01 07:47:22"
257,57,5,"2024-06-01 07:47:22"
257,58,5,"2024-06-01 07:47:22"
258,57,5,"2024-06-01 07:47:22"
258,58,4,"2024-06-01 07:47:22"
258,51,4,"2024-06-01 07:47:22"
258,55,4,"2024-06-01 07:47:22"
258,56,4,"2024-06-01 07:47:22"
259,59,5,"2024-06-01 07:47:22"
259,53,5,"2024-06-01 07:47:22"
259,57,4,"2024-06-01 07:47:22"
259,52,5,"2024-06-01 07:47:22"
259,58,5,"2024-06-01 07:47:22"
260,53,5,"2024-06-01 07:47:22"
260,58,4,"2024-06-01 07:47:22"
260,59,5,"2024-06-01 07:47:22"
260,57,5,"2024-06-01 07:47:22"
260,55,4,"2024-06-01 07:47:22"
261,60,4,"2024-06-01 07:47:22"
261,55,5,"2024-06-01 07:47:22"
261,59,4,"2024-06-01 07:47:22"
261,57,4,"2024-06-01 07:47:22"
261,52,4,"2024-06-01 07:47:22"
262,53,4,"2024-06-01 07:47:22"
262,52,5,"2024-06-01 07:47:22"
262,56,5,"2024-06-01 07:47:22"
262,55,4,"2024-06-01 07:47:22"
262,54,4,"2024-06-01 07:47:22"
263,58,5,"2024-06-01 07:47:22"
263,59,4,"2024-06-01 07:47:22"
263,60,5,"2024-06-01 07:47:22"
263,56,5,"2024-06-01 07:47:22"
263,54,5,"2024-06-01 07:47:22"
264,55,4,"2024-06-01 07:47:22"
264,60,4,"2024-06-01 07:47:22"
264,56,5,"2024-06-01 07:47:22"
264,59,4,"2024-06-01 07:47:22"
264,53,4,"2024-06-01 07:47:22"
265,60,5,"2024-06-01 07:47:22"
265,56,4,"2024-06-01 07:47:22"
265,51,5,"2024-06-01 07:47:22"
265,55,4,"2024-06-01 07:47:22"
265,54,5,"2024-06-01 07:47:22"
266,54,5,"2024-06-01 07:47:22"
266,52,4,"2024-06-01 07:47:22"
266,60,5,"2024-06-01 07:47:22"
266,55,4,"2024-06-01 07:47:22"
266,58,4,"2024-06-01 07:47:22"
267,60,4,"2024-06-01 07:47:22"
267,52,4,"2024-06-01 07:47:22"
267,55,4,"2024-06-01 07:47:22"
267,51,5,"2024-06-01 07:47:22"
267,58,4,"2024-06-01 07:47:22"
268,59,4,"2024-06-01 07:47:22"
268,55,5,"2024-06-01 07:47:22"
268,58,5,"2024-06-01 07:47:22"
268,54,5,"2024-06-01 07:47:22"
268,60,4,"2024-06-01 07:47:22"
269,54,4,"2024-06-01 07:47:22"
269,56,4,"2024-06-01 07:47:22"
269,53,5,"2024-06-01 07:47:22"
269,58,5,"2024-06-01 07:47:22"
269,52,4,"2024-06-01 07:47:22"
270,60,5,"2024-06-01 07:47:22"
270,59,5,"2024-06-01 07:47:22"
270,58,4,"2024-06-01 07:47:22"
270,51,5,"2024-06-01 07:47:22"
270,56,4,"2024-06-01 07:47:22"
271,52,5,"2024-06-01 07:47:22"
271,53,5,"2024-06-01 07:47:22"
271,57,4,"2024-06-01 07:47:22"
271,51,5,"2024-06-01 07:47:22"
271,55,5,"2024-06-01 07:47:22"
272,55,4,"2024-06-01 07:47:22"
272,58,4,"2024-06-01 07:47:22"
272,56,4,"2024-06-01 07:47:22"
272,54,4,"2024-06-01 07:47:22"
272,59,5,"2024-06-01 07:47:22"
273,53,4,"2024-06-01 07:47:22"
273,55,4,"2024-06-01 07:47:22"
273,56,5,"2024-06-01 07:47:22"
273,59,5,"2024-06-01 07:47:22"
273,57,5,"2024-06-01 07:47:22"
274,53,4,"2024-06-01 07:47:22"
274,54,4,"2024-06-01 07:47:22"
274,57,5,"2024-06-01 07:47:22"
274,58,4,"2024-06-01 07:47:22"
274,56,4,"2024-06-01 07:47:22"
275,55,4,"2024-06-01 07:47:22"
275,59,4,"2024-06-01 07:47:22"
275,52,5,"2024-06-01 07:47:22"
275,58,5,"2024-06-01 07:47:22"
275,53,5,"2024-06-01 07:47:22"
276,57,5,"2024-06-01 07:47:22"
276,53,4,"2024-06-01 07:47:22"
276,52,4,"2024-06-01 07:47:22"
276,55,5,"2024-06-01 07:47:22"
276,54,5,"2024-06-01 07:47:22"
277,60,4,"2024-06-01 07:47:22"
277,59,5,"2024-06-01 07:47:22"
277,52,4,"2024-06-01 07:47:22"
277,51,4,"2024-06-01 07:47:22"
277,56,4,"2024-06-01 07:47:22"
278,60,5,"2024-06-01 07:47:22"
278,57,5,"2024-06-01 07:47:22"
278,53,5,"2024-06-01 07:47:22"
278,56,4,"2024-06-01 07:47:22"
278,52,4,"2024-06-01 07:47:22"
279,52,4,"2024-06-01 07:47:22"
279,55,4,"2024-06-01 07:47:22"
279,58,4,"2024-06-01 07:47:22"
279,51,5,"2024-06-01 07:47:22"
279,60,4,"2024-06-01 07:47:22"
280,58,5,"2024-06-01 07:47:22"
280,52,4,"2024-06-01 07:47:22"
280,60,5,"2024-06-01 07:47:22"
280,51,5,"2024-06-01 07:47:22"
280,54,5,"2024-06-01 07:47:22"
281,56,4,"2024-06-01 07:47:22"
281,60,5,"2024-06-01 07:47:22"
281,55,5,"2024-06-01 07:47:22"
281,51,4,"2024-06-01 07:47:22"
281,52,4,"2024-06-01 07:47:22"
282,58,4,"2024-06-01 07:47:22"
282,51,4,"2024-06-01 07:47:22"
282,56,4,"2024-06-01 07:47:22"
282,57,4,"2024-06-01 07:47:22"
282,60,5,"2024-06-01 07:47:22"
283,60,4,"2024-06-01 07:47:22"
283,54,5,"2024-06-01 07:47:22"
283,55,5,"2024-06-01 07:47:22"
283,53,4,"2024-06-01 07:47:22"
283,57,5,"2024-06-01 07:47:22"
284,56,5,"2024-06-01 07:47:22"
284,60,4,"2024-06-01 07:47:22"
284,52,5,"2024-06-01 07:47:22"
284,53,5,"2024-06-01 07:47:22"
284,57,4,"2024-06-01 07:47:22"
285,60,5,"2024-06-01 07:47:22"
285,52,5,"2024-06-01 07:47:22"
285,55,4,"2024-06-01 07:47:22"
285,54,4,"2024-06-01 07:47:22"
285,53,5,"2024-06-01 07:47:22"
286,52,5,"2024-06-01 07:47:22"
286,58,4,"2024-06-01 07:47:22"
286,55,5,"2024-06-01 07:47:22"
286,53,4,"2024-06-01 07:47:22"
286,59,5,"2024-06-01 07:47:22"
287,59,5,"2024-06-01 07:47:22"
287,54,5,"2024-06-01 07:47:22"
287,53,5,"2024-06-01 07:47:22"
287,57,5,"2024-06-01 07:47:22"
287,58,4,"2024-06-01 07:47:22"
288,57,4,"2024-06-01 07:47:22"
288,58,4,"2024-06-01 07:47:22"
288,54,5,"2024-06-01 07:47:22"
288,59,5,"2024-06-01 07:47:22"
288,53,4,"2024-06-01 07:47:22"
289,57,4,"2024-06-01 07:47:22"
289,60,5,"2024-06-01 07:47:22"
289,51,5,"2024-06-01 07:47:22"
289,58,4,"2024-06-01 07:47:22"
289,55,4,"2024-06-01 07:47:22"
290,58,5,"2024-06-01 07:47:22"
290,53,4,"2024-06-01 07:47:22"
290,59,5,"2024-06-01 07:47:22"
290,56,5,"2024-06-01 07:47:22"
290,55,5,"2024-06-01 07:47:22"
291,54,4,"2024-06-01 07:47:22"
291,52,5,"2024-06-01 07:47:22"
291,56,5,"2024-06-01 07:47:22"
291,55,4,"2024-06-01 07:47:22"
291,59,5,"2024-06-01 07:47:22"
292,56,4,"2024-06-01 07:47:22"
292,55,4,"2024-06-01 07:47:22"
292,52,5,"2024-06-01 07:47:22"
292,51,5,"2024-06-01 07:47:22"
292,54,4,"2024-06-01 07:47:22"
293,51,4,"2024-06-01 07:47:22"
293,52,5,"2024-06-01 07:47:22"
293,59,4,"2024-06-01 07:47:22"
293,57,5,"2024-06-01 07:47:22"
293,58,5,"2024-06-01 07:47:22"
294,55,4,"2024-06-01 07:47:22"
294,51,5,"2024-06-01 07:47:22"
294,59,4,"2024-06-01 07:47:22"
294,58,4,"2024-06-01 07:47:22"
294,52,4,"2024-06-01 07:47:22"
295,54,5,"2024-06-01 07:47:22"
295,56,4,"2024-06-01 07:47:22"
295,51,5,"2024-06-01 07:47:22"
295,55,4,"2024-06-01 07:47:22"
295,59,4,"2024-06-01 07:47:22"
296,57,5,"2024-06-01 07:47:22"
296,51,4,"2024-06-01 07:47:22"
296,56,5,"2024-06-01 07:47:22"
296,59,5,"2024-06-01 07:47:22"
296,58,4,"2024-06-01 07:47:22"
297,57,4,"2024-06-01 07:47:22"
297,54,5,"2024-06-01 07:47:22"
297,51,5,"2024-06-01 07:47:22"
297,52,5,"2024-06-01 07:47:22"
297,55,5,"2024-06-01 07:47:22"
298,59,5,"2024-06-01 07:47:22"
298,51,4,"2024-06-01 07:47:22"
298,55,5,"2024-06-01 07:47:22"
298,56,5,"2024-06-01 07:47:22"
298,53,5,"2024-06-01 07:47:22"
299,59,4,"2024-06-01 07:47:22"
299,53,4,"2024-06-01 07:47:22"
299,52,4,"2024-06-01 07:47:22"
299,54,4,"2024-06-01 07:47:22"
299,58,4,"2024-06-01 07:47:22"
300,59,4,"2024-06-01 07:47:22"
300,55,5,"2024-06-01 07:47:22"
300,53,4,"2024-06-01 07:47:22"
300,56,4,"2024-06-01 07:47:22"
300,51,5,"2024-06-01 07:47:22"
301,69,5,"2024-06-01 07:47:22"
301,71,5,"2024-06-01 07:47:22"
301,70,5,"2024-06-01 07:47:22"
301,64,5,"2024-06-01 07:47:22"
301,61,5,"2024-06-01 07:47:22"
302,71,4,"2024-06-01 07:47:22"
302,61,4,"2024-06-01 07:47:22"
302,64,5,"2024-06-01 07:47:22"
302,65,5,"2024-06-01 07:47:22"
302,69,4,"2024-06-01 07:47:22"
303,69,5,"2024-06-01 07:47:22"
303,66,5,"2024-06-01 07:47:22"
303,71,5,"2024-06-01 07:47:22"
303,61,4,"2024-06-01 07:47:22"
303,65,4,"2024-06-01 07:47:22"
304,69,5,"2024-06-01 07:47:22"
304,61,5,"2024-06-01 07:47:22"
304,66,4,"2024-06-01 07:47:22"
304,68,4,"2024-06-01 07:47:22"
304,64,4,"2024-06-01 07:47:22"
305,70,5,"2024-06-01 07:47:22"
305,66,5,"2024-06-01 07:47:22"
305,65,5,"2024-06-01 07:47:22"
305,67,4,"2024-06-01 07:47:22"
305,64,5,"2024-06-01 07:47:22"
306,71,4,"2024-06-01 07:47:22"
306,65,5,"2024-06-01 07:47:22"
306,64,5,"2024-06-01 07:47:22"
306,63,4,"2024-06-01 07:47:22"
306,66,4,"2024-06-01 07:47:22"
307,64,4,"2024-06-01 07:47:22"
307,63,4,"2024-06-01 07:47:22"
307,67,5,"2024-06-01 07:47:22"
307,66,5,"2024-06-01 07:47:22"
307,61,5,"2024-06-01 07:47:22"
308,69,5,"2024-06-01 07:47:22"
308,70,5,"2024-06-01 07:47:22"
308,68,5,"2024-06-01 07:47:22"
308,63,4,"2024-06-01 07:47:22"
308,71,5,"2024-06-01 07:47:22"
309,70,4,"2024-06-01 07:47:22"
309,62,4,"2024-06-01 07:47:22"
309,64,5,"2024-06-01 07:47:22"
309,61,4,"2024-06-01 07:47:22"
309,63,5,"2024-06-01 07:47:22"
310,68,4,"2024-06-01 07:47:22"
310,69,4,"2024-06-01 07:47:22"
310,63,4,"2024-06-01 07:47:22"
310,61,4,"2024-06-01 07:47:22"
310,70,4,"2024-06-01 07:47:22"
311,63,4,"2024-06-01 07:47:22"
311,68,5,"2024-06-01 07:47:22"
311,70,4,"2024-06-01 07:47:22"
311,62,5,"2024-06-01 07:47:22"
311,65,5,"2024-06-01 07:47:22"
312,67,4,"2024-06-01 07:47:22"
312,61,5,"2024-06-01 07:47:22"
312,71,5,"2024-06-01 07:47:22"
312,66,5,"2024-06-01 07:47:22"
312,70,5,"2024-06-01 07:47:22"
313,70,5,"2024-06-01 07:47:22"
313,67,5,"2024-06-01 07:47:22"
313,69,5,"2024-06-01 07:47:22"
313,66,4,"2024-06-01 07:47:22"
313,65,5,"2024-06-01 07:47:22"
314,65,4,"2024-06-01 07:47:22"
314,64,5,"2024-06-01 07:47:22"
314,68,4,"2024-06-01 07:47:22"
314,62,4,"2024-06-01 07:47:22"
314,71,5,"2024-06-01 07:47:22"
315,69,5,"2024-06-01 07:47:22"
315,62,4,"2024-06-01 07:47:22"
315,66,4,"2024-06-01 07:47:22"
315,68,4,"2024-06-01 07:47:22"
315,70,4,"2024-06-01 07:47:22"
316,67,5,"2024-06-01 07:47:22"
316,62,4,"2024-06-01 07:47:22"
316,65,5,"2024-06-01 07:47:22"
316,69,4,"2024-06-01 07:47:22"
316,68,4,"2024-06-01 07:47:22"
317,68,5,"2024-06-01 07:47:22"
317,62,4,"2024-06-01 07:47:22"
317,71,4,"2024-06-01 07:47:22"
317,70,5,"2024-06-01 07:47:22"
317,66,5,"2024-06-01 07:47:22"
318,71,4,"2024-06-01 07:47:22"
318,61,5,"2024-06-01 07:47:22"
318,69,5,"2024-06-01 07:47:22"
318,68,4,"2024-06-01 07:47:22"
318,70,4,"2024-06-01 07:47:22"
319,63,5,"2024-06-01 07:47:22"
319,64,4,"2024-06-01 07:47:22"
319,65,4,"2024-06-01 07:47:22"
319,70,4,"2024-06-01 07:47:22"
319,67,4,"2024-06-01 07:47:22"
320,70,5,"2024-06-01 07:47:22"
320,66,5,"2024-06-01 07:47:22"
320,62,4,"2024-06-01 07:47:22"
320,61,5,"2024-06-01 07:47:22"
320,67,4,"2024-06-01 07:47:22"
321,62,5,"2024-06-01 07:47:22"
321,68,5,"2024-06-01 07:47:22"
321,66,4,"2024-06-01 07:47:22"
321,61,4,"2024-06-01 07:47:22"
321,70,5,"2024-06-01 07:47:22"
322,71,4,"2024-06-01 07:47:22"
322,61,5,"2024-06-01 07:47:22"
322,63,4,"2024-06-01 07:47:22"
322,67,4,"2024-06-01 07:47:22"
322,70,5,"2024-06-01 07:47:22"
323,61,5,"2024-06-01 07:47:22"
323,66,5,"2024-06-01 07:47:22"
323,67,5,"2024-06-01 07:47:22"
323,70,4,"2024-06-01 07:47:22"
323,62,5,"2024-06-01 07:47:22"
324,71,4,"2024-06-01 07:47:22"
324,65,4,"2024-06-01 07:47:22"
324,63,4,"2024-06-01 07:47:22"
324,68,5,"2024-06-01 07:47:22"
324,66,5,"2024-06-01 07:47:22"
325,70,5,"2024-06-01 07:47:22"
325,68,5,"2024-06-01 07:47:22"
325,63,5,"2024-06-01 07:47:22"
325,69,5,"2024-06-01 07:47:22"
325,66,5,"2024-06-01 07:47:22"
326,67,5,"2024-06-01 07:47:22"
326,63,5,"2024-06-01 07:47:22"
326,62,5,"2024-06-01 07:47:22"
326,65,5,"2024-06-01 07:47:22"
326,61,4,"2024-06-01 07:47:22"
327,61,5,"2024-06-01 07:47:22"
327,62,5,"2024-06-01 07:47:22"
327,65,5,"2024-06-01 07:47:22"
327,71,4,"2024-06-01 07:47:22"
327,67,4,"2024-06-01 07:47:22"
328,64,5,"2024-06-01 07:47:22"
328,62,4,"2024-06-01 07:47:22"
328,70,5,"2024-06-01 07:47:22"
328,67,4,"2024-06-01 07:47:22"
328,68,5,"2024-06-01 07:47:22"
329,71,4,"2024-06-01 07:47:22"
329,70,5,"2024-06-01 07:47:22"
329,64,4,"2024-06-01 07:47:22"
329,66,4,"2024-06-01 07:47:22"
329,62,4,"2024-06-01 07:47:22"
330,66,4,"2024-06-01 07:47:22"
330,65,4,"2024-06-01 07:47:22"
330,64,5,"2024-06-01 07:47:22"
330,62,4,"2024-06-01 07:47:22"
330,68,5,"2024-06-01 07:47:22"
331,64,5,"2024-06-01 07:47:22"
331,67,5,"2024-06-01 07:47:22"
331,63,5,"2024-06-01 07:47:22"
331,61,4,"2024-06-01 07:47:22"
331,70,4,"2024-06-01 07:47:22"
332,64,5,"2024-06-01 07:47:22"
332,65,4,"2024-06-01 07:47:22"
332,61,4,"2024-06-01 07:47:22"
332,68,5,"2024-06-01 07:47:22"
332,69,5,"2024-06-01 07:47:22"
333,71,4,"2024-06-01 07:47:22"
333,62,5,"2024-06-01 07:47:22"
333,69,5,"2024-06-01 07:47:22"
333,68,5,"2024-06-01 07:47:22"
333,63,5,"2024-06-01 07:47:22"
334,70,5,"2024-06-01 07:47:22"
334,65,4,"2024-06-01 07:47:22"
334,62,5,"2024-06-01 07:47:22"
334,69,5,"2024-06-01 07:47:22"
334,63,5,"2024-06-01 07:47:22"
335,63,5,"2024-06-01 07:47:22"
335,70,5,"2024-06-01 07:47:22"
335,71,4,"2024-06-01 07:47:22"
335,69,4,"2024-06-01 07:47:22"
335,65,4,"2024-06-01 07:47:22"
336,67,5,"2024-06-01 07:47:22"
336,61,4,"2024-06-01 07:47:22"
336,71,4,"2024-06-01 07:47:22"
336,64,5,"2024-06-01 07:47:22"
336,69,5,"2024-06-01 07:47:22"
337,68,4,"2024-06-01 07:47:22"
337,64,4,"2024-06-01 07:47:22"
337,65,4,"2024-06-01 07:47:22"
337,70,5,"2024-06-01 07:47:22"
337,69,4,"2024-06-01 07:47:22"
338,66,5,"2024-06-01 07:47:22"
338,70,4,"2024-06-01 07:47:22"
338,63,5,"2024-06-01 07:47:22"
338,65,5,"2024-06-01 07:47:22"
338,62,5,"2024-06-01 07:47:22"
339,68,5,"2024-06-01 07:47:22"
339,67,4,"2024-06-01 07:47:22"
339,64,4,"2024-06-01 07:47:22"
339,62,5,"2024-06-01 07:47:22"
339,61,4,"2024-06-01 07:47:22"
340,62,4,"2024-06-01 07:47:22"
340,65,4,"2024-06-01 07:47:22"
340,66,5,"2024-06-01 07:47:22"
340,68,4,"2024-06-01 07:47:22"
340,71,5,"2024-06-01 07:47:22"
341,69,4,"2024-06-01 07:47:22"
341,70,5,"2024-06-01 07:47:22"
341,62,5,"2024-06-01 07:47:22"
341,64,4,"2024-06-01 07:47:22"
341,71,5,"2024-06-01 07:47:22"
342,66,5,"2024-06-01 07:47:22"
342,71,4,"2024-06-01 07:47:22"
342,68,5,"2024-06-01 07:47:22"
342,61,5,"2024-06-01 07:47:22"
342,70,5,"2024-06-01 07:47:22"
343,64,5,"2024-06-01 07:47:22"
343,68,5,"2024-06-01 07:47:22"
343,66,5,"2024-06-01 07:47:22"
343,62,4,"2024-06-01 07:47:22"
343,67,4,"2024-06-01 07:47:22"
344,63,5,"2024-06-01 07:47:22"
344,69,4,"2024-06-01 07:47:22"
344,68,5,"2024-06-01 07:47:22"
344,62,5,"2024-06-01 07:47:22"
344,70,4,"2024-06-01 07:47:22"
345,71,4,"2024-06-01 07:47:22"
345,63,5,"2024-06-01 07:47:22"
345,69,4,"2024-06-01 07:47:22"
345,62,5,"2024-06-01 07:47:22"
345,68,4,"2024-06-01 07:47:22"
346,63,5,"2024-06-01 07:47:22"
346,66,4,"2024-06-01 07:47:22"
346,61,5,"2024-06-01 07:47:22"
346,71,4,"2024-06-01 07:47:22"
346,70,5,"2024-06-01 07:47:22"
347,62,5,"2024-06-01 07:47:22"
347,64,4,"2024-06-01 07:47:22"
347,65,5,"2024-06-01 07:47:22"
347,63,5,"2024-06-01 07:47:22"
347,70,4,"2024-06-01 07:47:22"
348,62,5,"2024-06-01 07:47:22"
348,71,5,"2024-06-01 07:47:22"
348,67,5,"2024-06-01 07:47:22"
348,64,5,"2024-06-01 07:47:22"
348,68,5,"2024-06-01 07:47:22"
349,70,4,"2024-06-01 07:47:22"
349,69,4,"2024-06-01 07:47:22"
349,67,5,"2024-06-01 07:47:22"
349,62,4,"2024-06-01 07:47:22"
349,68,4,"2024-06-01 07:47:22"
350,64,5,"2024-06-01 07:47:22"
350,68,4,"2024-06-01 07:47:22"
350,63,4,"2024-06-01 07:47:22"
350,70,5,"2024-06-01 07:47:22"
350,69,5,"2024-06-01 07:47:22"
351,82,5,"2024-06-01 07:47:22"
351,75,5,"2024-06-01 07:47:22"
351,76,5,"2024-06-01 07:47:22"
351,81,5,"2024-06-01 07:47:22"
351,78,4,"2024-06-01 07:47:22"
352,75,4,"2024-06-01 07:47:22"
352,82,4,"2024-06-01 07:47:22"
352,76,5,"2024-06-01 07:47:22"
352,77,4,"2024-06-01 07:47:22"
352,73,4,"2024-06-01 07:47:22"
353,76,5,"2024-06-01 07:47:22"
353,77,4,"2024-06-01 07:47:22"
353,72,4,"2024-06-01 07:47:22"
353,73,5,"2024-06-01 07:47:22"
353,74,4,"2024-06-01 07:47:22"
354,78,5,"2024-06-01 07:47:22"
354,73,4,"2024-06-01 07:47:22"
354,74,5,"2024-06-01 07:47:22"
354,77,4,"2024-06-01 07:47:22"
354,72,5,"2024-06-01 07:47:22"
355,75,4,"2024-06-01 07:47:22"
355,79,4,"2024-06-01 07:47:22"
355,76,5,"2024-06-01 07:47:22"
355,77,4,"2024-06-01 07:47:22"
355,80,5,"2024-06-01 07:47:22"
356,76,4,"2024-06-01 07:47:22"
356,79,4,"2024-06-01 07:47:22"
356,72,4,"2024-06-01 07:47:22"
356,73,5,"2024-06-01 07:47:22"
356,80,4,"2024-06-01 07:47:22"
357,76,5,"2024-06-01 07:47:22"
357,77,5,"2024-06-01 07:47:22"
357,78,4,"2024-06-01 07:47:22"
357,72,4,"2024-06-01 07:47:22"
357,80,4,"2024-06-01 07:47:22"
358,77,5,"2024-06-01 07:47:22"
358,73,4,"2024-06-01 07:47:22"
358,75,5,"2024-06-01 07:47:22"
358,74,5,"2024-06-01 07:47:22"
358,81,5,"2024-06-01 07:47:22"
359,75,4,"2024-06-01 07:47:22"
359,81,5,"2024-06-01 07:47:22"
359,78,4,"2024-06-01 07:47:22"
359,72,4,"2024-06-01 07:47:22"
359,74,5,"2024-06-01 07:47:22"
360,79,4,"2024-06-01 07:47:22"
360,76,4,"2024-06-01 07:47:22"
360,82,4,"2024-06-01 07:47:22"
360,72,5,"2024-06-01 07:47:22"
360,74,5,"2024-06-01 07:47:22"
361,76,5,"2024-06-01 07:47:22"
361,82,5,"2024-06-01 07:47:22"
361,72,4,"2024-06-01 07:47:22"
361,74,5,"2024-06-01 07:47:22"
361,77,4,"2024-06-01 07:47:22"
362,77,5,"2024-06-01 07:47:22"
362,81,4,"2024-06-01 07:47:22"
362,76,4,"2024-06-01 07:47:22"
362,78,4,"2024-06-01 07:47:22"
362,82,4,"2024-06-01 07:47:22"
363,79,5,"2024-06-01 07:47:22"
363,76,5,"2024-06-01 07:47:22"
363,80,4,"2024-06-01 07:47:22"
363,75,5,"2024-06-01 07:47:22"
363,72,4,"2024-06-01 07:47:22"
364,82,5,"2024-06-01 07:47:22"
364,81,5,"2024-06-01 07:47:22"
364,75,5,"2024-06-01 07:47:22"
364,72,5,"2024-06-01 07:47:22"
364,74,5,"2024-06-01 07:47:22"
365,79,4,"2024-06-01 07:47:22"
365,81,4,"2024-06-01 07:47:22"
365,74,5,"2024-06-01 07:47:22"
365,76,4,"2024-06-01 07:47:22"
365,78,5,"2024-06-01 07:47:22"
366,72,4,"2024-06-01 07:47:22"
366,73,5,"2024-06-01 07:47:22"
366,75,4,"2024-06-01 07:47:22"
366,74,5,"2024-06-01 07:47:22"
366,78,5,"2024-06-01 07:47:22"
367,82,5,"2024-06-01 07:47:22"
367,80,4,"2024-06-01 07:47:22"
367,79,5,"2024-06-01 07:47:22"
367,74,5,"2024-06-01 07:47:22"
367,75,5,"2024-06-01 07:47:22"
368,75,5,"2024-06-01 07:47:22"
368,72,4,"2024-06-01 07:47:22"
368,80,4,"2024-06-01 07:47:22"
368,79,5,"2024-06-01 07:47:22"
368,82,4,"2024-06-01 07:47:22"
369,79,5,"2024-06-01 07:47:22"
369,72,5,"2024-06-01 07:47:22"
369,77,5,"2024-06-01 07:47:22"
369,81,5,"2024-06-01 07:47:22"
369,76,4,"2024-06-01 07:47:22"
370,81,5,"2024-06-01 07:47:22"
370,74,4,"2024-06-01 07:47:22"
370,78,4,"2024-06-01 07:47:22"
370,80,5,"2024-06-01 07:47:22"
370,76,4,"2024-06-01 07:47:22"
371,78,4,"2024-06-01 07:47:22"
371,76,4,"2024-06-01 07:47:22"
371,81,5,"2024-06-01 07:47:22"
371,79,4,"2024-06-01 07:47:22"
371,74,4,"2024-06-01 07:47:22"
372,75,5,"2024-06-01 07:47:22"
372,78,5,"2024-06-01 07:47:22"
372,82,5,"2024-06-01 07:47:22"
372,80,4,"2024-06-01 07:47:22"
372,74,4,"2024-06-01 07:47:22"
373,75,4,"2024-06-01 07:47:22"
373,76,4,"2024-06-01 07:47:22"
373,74,4,"2024-06-01 07:47:22"
373,82,5,"2024-06-01 07:47:22"
373,73,5,"2024-06-01 07:47:22"
374,75,4,"2024-06-01 07:47:22"
374,82,5,"2024-06-01 07:47:22"
374,80,4,"2024-06-01 07:47:22"
374,76,4,"2024-06-01 07:47:22"
374,78,4,"2024-06-01 07:47:22"
375,77,5,"2024-06-01 07:47:22"
375,78,5,"2024-06-01 07:47:22"
375,81,5,"2024-06-01 07:47:22"
375,72,5,"2024-06-01 07:47:22"
375,82,4,"2024-06-01 07:47:22"
376,80,5,"2024-06-01 07:47:22"
376,76,5,"2024-06-01 07:47:22"
376,77,4,"2024-06-01 07:47:22"
376,74,5,"2024-06-01 07:47:22"
376,73,4,"2024-06-01 07:47:22"
377,77,5,"2024-06-01 07:47:22"
377,75,5,"2024-06-01 07:47:22"
377,72,5,"2024-06-01 07:47:22"
377,81,4,"2024-06-01 07:47:22"
377,82,4,"2024-06-01 07:47:22"
378,78,4,"2024-06-01 07:47:22"
378,73,5,"2024-06-01 07:47:22"
378,76,4,"2024-06-01 07:47:22"
378,82,5,"2024-06-01 07:47:22"
378,72,5,"2024-06-01 07:47:22"
379,73,4,"2024-06-01 07:47:22"
379,75,5,"2024-06-01 07:47:22"
379,80,4,"2024-06-01 07:47:22"
379,82,4,"2024-06-01 07:47:22"
379,76,4,"2024-06-01 07:47:22"
380,81,4,"2024-06-01 07:47:22"
380,76,5,"2024-06-01 07:47:22"
380,74,4,"2024-06-01 07:47:22"
380,80,4,"2024-06-01 07:47:22"
380,72,4,"2024-06-01 07:47:22"
381,75,4,"2024-06-01 07:47:22"
381,74,5,"2024-06-01 07:47:22"
381,78,4,"2024-06-01 07:47:22"
381,81,5,"2024-06-01 07:47:22"
381,82,5,"2024-06-01 07:47:22"
382,80,5,"2024-06-01 07:47:22"
382,77,5,"2024-06-01 07:47:22"
382,72,5,"2024-06-01 07:47:22"
382,79,5,"2024-06-01 07:47:22"
382,75,4,"2024-06-01 07:47:22"
383,75,4,"2024-06-01 07:47:22"
383,72,5,"2024-06-01 07:47:22"
383,79,5,"2024-06-01 07:47:22"
383,73,5,"2024-06-01 07:47:22"
383,81,5,"2024-06-01 07:47:22"
384,79,5,"2024-06-01 07:47:22"
384,78,5,"2024-06-01 07:47:22"
384,75,5,"2024-06-01 07:47:22"
384,81,5,"2024-06-01 07:47:22"
384,76,5,"2024-06-01 07:47:22"
385,73,4,"2024-06-01 07:47:22"
385,74,5,"2024-06-01 07:47:22"
385,78,5,"2024-06-01 07:47:22"
385,76,4,"2024-06-01 07:47:22"
385,79,5,"2024-06-01 07:47:22"
386,76,5,"2024-06-01 07:47:22"
386,77,4,"2024-06-01 07:47:22"
386,74,5,"2024-06-01 07:47:22"
386,75,5,"2024-06-01 07:47:22"
386,72,5,"2024-06-01 07:47:22"
387,75,4,"2024-06-01 07:47:22"
387,81,4,"2024-06-01 07:47:22"
387,74,4,"2024-06-01 07:47:22"
387,80,5,"2024-06-01 07:47:22"
387,72,5,"2024-06-01 07:47:22"
388,81,4,"2024-06-01 07:47:22"
388,78,5,"2024-06-01 07:47:22"
388,72,5,"2024-06-01 07:47:22"
388,80,4,"2024-06-01 07:47:22"
388,75,4,"2024-06-01 07:47:22"
389,78,5,"2024-06-01 07:47:22"
389,72,4,"2024-06-01 07:47:22"
389,74,4,"2024-06-01 07:47:22"
389,75,5,"2024-06-01 07:47:22"
389,73,5,"2024-06-01 07:47:22"
390,75,4,"2024-06-01 07:47:22"
390,81,5,"2024-06-01 07:47:22"
390,80,4,"2024-06-01 07:47:22"
390,82,4,"2024-06-01 07:47:22"
390,78,5,"2024-06-01 07:47:22"
391,81,4,"2024-06-01 07:47:22"
391,82,4,"2024-06-01 07:47:22"
391,78,5,"2024-06-01 07:47:22"
391,76,4,"2024-06-01 07:47:22"
391,75,4,"2024-06-01 07:47:22"
392,77,4,"2024-06-01 07:47:22"
392,82,4,"2024-06-01 07:47:22"
392,79,4,"2024-06-01 07:47:22"
392,75,5,"2024-06-01 07:47:22"
392,76,4,"2024-06-01 07:47:22"
393,78,5,"2024-06-01 07:47:22"
393,72,4,"2024-06-01 07:47:22"
393,80,5,"2024-06-01 07:47:22"
393,77,5,"2024-06-01 07:47:22"
393,76,4,"2024-06-01 07:47:22"
394,73,5,"2024-06-01 07:47:22"
394,76,5,"2024-06-01 07:47:22"
394,74,5,"2024-06-01 07:47:22"
394,80,5,"2024-06-01 07:47:22"
394,72,5,"2024-06-01 07:47:22"
395,78,5,"2024-06-01 07:47:22"
395,73,5,"2024-06-01 07:47:22"
395,79,5,"2024-06-01 07:47:22"
395,76,4,"2024-06-01 07:47:22"
395,81,4,"2024-06-01 07:47:22"
396,81,5,"2024-06-01 07:47:22"
396,77,4,"2024-06-01 07:47:22"
396,73,5,"2024-06-01 07:47:22"
396,79,4,"2024-06-01 07:47:22"
396,72,4,"2024-06-01 07:47:22"
397,75,4,"2024-06-01 07:47:22"
397,78,5,"2024-06-01 07:47:22"
397,81,5,"2024-06-01 07:47:22"
397,74,5,"2024-06-01 07:47:22"
397,82,5,"2024-06-01 07:47:22"
398,79,4,"2024-06-01 07:47:22"
398,74,5,"2024-06-01 07:47:22"
398,82,4,"2024-06-01 07:47:22"
398,76,4,"2024-06-01 07:47:22"
398,80,4,"2024-06-01 07:47:22"
399,79,5,"2024-06-01 07:47:22"
399,82,4,"2024-06-01 07:47:22"
399,81,4,"2024-06-01 07:47:22"
399,73,4,"2024-06-01 07:47:22"
399,77,4,"2024-06-01 07:47:22"
400,73,4,"2024-06-01 07:47:22"
400,72,4,"2024-06-01 07:47:22"
400,82,5,"2024-06-01 07:47:22"
400,75,4,"2024-06-01 07:47:22"
400,77,4,"2024-06-01 07:47:22"
401,83,5,"2024-06-01 07:47:22"
401,91,5,"2024-06-01 07:47:22"
401,86,5,"2024-06-01 07:47:22"
401,84,5,"2024-06-01 07:47:22"
401,88,4,"2024-06-01 07:47:22"
402,85,5,"2024-06-01 07:47:22"
402,88,4,"2024-06-01 07:47:22"
402,89,5,"2024-06-01 07:47:22"
402,90,4,"2024-06-01 07:47:22"
402,84,4,"2024-06-01 07:47:22"
403,90,5,"2024-06-01 07:47:22"
403,83,4,"2024-06-01 07:47:22"
403,92,4,"2024-06-01 07:47:22"
403,85,4,"2024-06-01 07:47:22"
403,84,5,"2024-06-01 07:47:22"
404,90,4,"2024-06-01 07:47:22"
404,84,5,"2024-06-01 07:47:22"
404,91,5,"2024-06-01 07:47:22"
404,86,5,"2024-06-01 07:47:22"
404,85,4,"2024-06-01 07:47:22"
405,85,4,"2024-06-01 07:47:22"
405,87,4,"2024-06-01 07:47:22"
405,89,4,"2024-06-01 07:47:22"
405,91,5,"2024-06-01 07:47:22"
405,88,5,"2024-06-01 07:47:22"
406,83,4,"2024-06-01 07:47:22"
406,84,4,"2024-06-01 07:47:22"
406,86,4,"2024-06-01 07:47:22"
406,88,5,"2024-06-01 07:47:22"
406,87,5,"2024-06-01 07:47:22"
407,84,5,"2024-06-01 07:47:22"
407,83,4,"2024-06-01 07:47:22"
407,85,5,"2024-06-01 07:47:22"
407,92,4,"2024-06-01 07:47:22"
407,88,4,"2024-06-01 07:47:22"
408,88,4,"2024-06-01 07:47:22"
408,87,4,"2024-06-01 07:47:22"
408,89,4,"2024-06-01 07:47:22"
408,85,5,"2024-06-01 07:47:22"
408,90,4,"2024-06-01 07:47:22"
409,91,4,"2024-06-01 07:47:22"
409,83,4,"2024-06-01 07:47:22"
409,89,5,"2024-06-01 07:47:22"
409,85,4,"2024-06-01 07:47:22"
409,87,4,"2024-06-01 07:47:22"
410,84,4,"2024-06-01 07:47:22"
410,88,5,"2024-06-01 07:47:22"
410,91,4,"2024-06-01 07:47:22"
410,87,4,"2024-06-01 07:47:22"
410,86,4,"2024-06-01 07:47:22"
411,90,4,"2024-06-01 07:47:22"
411,85,5,"2024-06-01 07:47:22"
411,92,4,"2024-06-01 07:47:22"
411,91,5,"2024-06-01 07:47:22"
411,88,4,"2024-06-01 07:47:22"
412,92,4,"2024-06-01 07:47:22"
412,86,5,"2024-06-01 07:47:22"
412,89,5,"2024-06-01 07:47:22"
412,84,4,"2024-06-01 07:47:22"
412,85,5,"2024-06-01 07:47:22"
413,83,4,"2024-06-01 07:47:22"
413,84,4,"2024-06-01 07:47:22"
413,91,5,"2024-06-01 07:47:22"
413,85,4,"2024-06-01 07:47:22"
413,90,5,"2024-06-01 07:47:22"
414,84,5,"2024-06-01 07:47:22"
414,92,4,"2024-06-01 07:47:22"
414,89,5,"2024-06-01 07:47:22"
414,91,4,"2024-06-01 07:47:22"
414,83,5,"2024-06-01 07:47:22"
415,89,5,"2024-06-01 07:47:22"
415,91,4,"2024-06-01 07:47:22"
415,88,5,"2024-06-01 07:47:22"
415,83,5,"2024-06-01 07:47:22"
415,84,5,"2024-06-01 07:47:22"
416,87,4,"2024-06-01 07:47:22"
416,89,5,"2024-06-01 07:47:22"
416,84,4,"2024-06-01 07:47:22"
416,85,4,"2024-06-01 07:47:22"
416,83,5,"2024-06-01 07:47:22"
417,83,4,"2024-06-01 07:47:22"
417,90,4,"2024-06-01 07:47:22"
417,89,4,"2024-06-01 07:47:22"
417,85,4,"2024-06-01 07:47:22"
417,84,4,"2024-06-01 07:47:22"
418,83,5,"2024-06-01 07:47:22"
418,87,4,"2024-06-01 07:47:22"
418,90,4,"2024-06-01 07:47:22"
418,86,4,"2024-06-01 07:47:22"
418,88,4,"2024-06-01 07:47:22"
419,88,4,"2024-06-01 07:47:22"
419,84,5,"2024-06-01 07:47:22"
419,92,5,"2024-06-01 07:47:22"
419,85,5,"2024-06-01 07:47:22"
419,90,5,"2024-06-01 07:47:22"
420,92,5,"2024-06-01 07:47:22"
420,88,5,"2024-06-01 07:47:22"
420,87,5,"2024-06-01 07:47:22"
420,86,5,"2024-06-01 07:47:22"
420,91,5,"2024-06-01 07:47:22"
421,85,5,"2024-06-01 07:47:22"
421,89,5,"2024-06-01 07:47:22"
421,88,4,"2024-06-01 07:47:22"
421,87,4,"2024-06-01 07:47:22"
421,91,5,"2024-06-01 07:47:22"
422,88,5,"2024-06-01 07:47:22"
422,90,4,"2024-06-01 07:47:22"
422,89,4,"2024-06-01 07:47:22"
422,92,5,"2024-06-01 07:47:22"
422,91,4,"2024-06-01 07:47:22"
423,83,4,"2024-06-01 07:47:22"
423,91,4,"2024-06-01 07:47:22"
423,87,5,"2024-06-01 07:47:22"
423,86,5,"2024-06-01 07:47:22"
423,88,5,"2024-06-01 07:47:22"
424,92,5,"2024-06-01 07:47:22"
424,87,5,"2024-06-01 07:47:22"
424,86,4,"2024-06-01 07:47:22"
424,91,4,"2024-06-01 07:47:22"
424,84,4,"2024-06-01 07:47:22"
425,89,5,"2024-06-01 07:47:22"
425,88,5,"2024-06-01 07:47:22"
425,92,4,"2024-06-01 07:47:22"
425,91,4,"2024-06-01 07:47:22"
425,84,4,"2024-06-01 07:47:22"
426,88,5,"2024-06-01 07:47:22"
426,84,5,"2024-06-01 07:47:22"
426,85,4,"2024-06-01 07:47:22"
426,92,5,"2024-06-01 07:47:22"
426,91,4,"2024-06-01 07:47:22"
427,91,5,"2024-06-01 07:47:22"
427,90,5,"2024-06-01 07:47:22"
427,89,4,"2024-06-01 07:47:22"
427,85,4,"2024-06-01 07:47:22"
427,92,5,"2024-06-01 07:47:22"
428,92,5,"2024-06-01 07:47:22"
428,87,4,"2024-06-01 07:47:22"
428,85,4,"2024-06-01 07:47:22"
428,84,5,"2024-06-01 07:47:22"
428,91,5,"2024-06-01 07:47:22"
429,83,4,"2024-06-01 07:47:22"
429,84,5,"2024-06-01 07:47:22"
429,89,4,"2024-06-01 07:47:22"
429,85,5,"2024-06-01 07:47:22"
429,91,4,"2024-06-01 07:47:22"
430,90,5,"2024-06-01 07:47:22"
430,92,4,"2024-06-01 07:47:22"
430,89,4,"2024-06-01 07:47:22"
430,85,5,"2024-06-01 07:47:22"
430,84,5,"2024-06-01 07:47:22"
431,88,5,"2024-06-01 07:47:22"
431,83,5,"2024-06-01 07:47:22"
431,87,5,"2024-06-01 07:47:22"
431,91,4,"2024-06-01 07:47:22"
431,92,4,"2024-06-01 07:47:22"
432,92,4,"2024-06-01 07:47:22"
432,88,5,"2024-06-01 07:47:22"
432,86,5,"2024-06-01 07:47:22"
432,84,5,"2024-06-01 07:47:22"
432,89,4,"2024-06-01 07:47:22"
433,89,5,"2024-06-01 07:47:22"
433,88,4,"2024-06-01 07:47:22"
433,92,5,"2024-06-01 07:47:22"
433,83,5,"2024-06-01 07:47:22"
433,87,5,"2024-06-01 07:47:22"
434,91,4,"2024-06-01 07:47:22"
434,89,4,"2024-06-01 07:47:22"
434,83,5,"2024-06-01 07:47:22"
434,86,4,"2024-06-01 07:47:22"
434,88,5,"2024-06-01 07:47:22"
435,91,5,"2024-06-01 07:47:22"
435,87,4,"2024-06-01 07:47:22"
435,90,4,"2024-06-01 07:47:22"
435,84,5,"2024-06-01 07:47:22"
435,86,5,"2024-06-01 07:47:22"
436,83,4,"2024-06-01 07:47:22"
436,91,4,"2024-06-01 07:47:22"
436,90,4,"2024-06-01 07:47:22"
436,88,4,"2024-06-01 07:47:22"
436,87,4,"2024-06-01 07:47:22"
437,92,4,"2024-06-01 07:47:22"
437,86,5,"2024-06-01 07:47:22"
437,85,4,"2024-06-01 07:47:22"
437,90,5,"2024-06-01 07:47:22"
437,91,4,"2024-06-01 07:47:22"
438,85,5,"2024-06-01 07:47:22"
438,91,5,"2024-06-01 07:47:22"
438,83,5,"2024-06-01 07:47:22"
438,90,4,"2024-06-01 07:47:22"
438,84,4,"2024-06-01 07:47:22"
439,84,4,"2024-06-01 07:47:22"
439,87,4,"2024-06-01 07:47:22"
439,90,5,"2024-06-01 07:47:22"
439,91,4,"2024-06-01 07:47:22"
439,85,5,"2024-06-01 07:47:22"
440,85,5,"2024-06-01 07:47:22"
440,90,4,"2024-06-01 07:47:22"
440,86,5,"2024-06-01 07:47:22"
440,88,4,"2024-06-01 07:47:22"
440,87,4,"2024-06-01 07:47:22"
441,83,5,"2024-06-01 07:47:22"
441,89,4,"2024-06-01 07:47:22"
441,90,5,"2024-06-01 07:47:22"
441,86,4,"2024-06-01 07:47:22"
441,91,5,"2024-06-01 07:47:22"
442,86,5,"2024-06-01 07:47:22"
442,90,4,"2024-06-01 07:47:22"
442,88,5,"2024-06-01 07:47:22"
442,92,4,"2024-06-01 07:47:22"
442,89,4,"2024-06-01 07:47:22"
443,87,5,"2024-06-01 07:47:22"
443,92,4,"2024-06-01 07:47:22"
443,88,5,"2024-06-01 07:47:22"
443,90,5,"2024-06-01 07:47:22"
443,85,4,"2024-06-01 07:47:22"
444,90,5,"2024-06-01 07:47:22"
444,92,5,"2024-06-01 07:47:22"
444,88,4,"2024-06-01 07:47:22"
444,87,4,"2024-06-01 07:47:22"
444,89,4,"2024-06-01 07:47:22"
445,88,5,"2024-06-01 07:47:22"
445,83,4,"2024-06-01 07:47:22"
445,92,5,"2024-06-01 07:47:22"
445,90,5,"2024-06-01 07:47:22"
445,89,4,"2024-06-01 07:47:22"
446,87,5,"2024-06-01 07:47:22"
446,86,4,"2024-06-01 07:47:22"
446,91,4,"2024-06-01 07:47:22"
446,88,5,"2024-06-01 07:47:22"
446,85,4,"2024-06-01 07:47:22"
447,88,4,"2024-06-01 07:47:22"
447,87,5,"2024-06-01 07:47:22"
447,83,4,"2024-06-01 07:47:22"
447,85,4,"2024-06-01 07:47:22"
447,92,4,"2024-06-01 07:47:22"
448,88,4,"2024-06-01 07:47:22"
448,87,5,"2024-06-01 07:47:22"
448,92,5,"2024-06-01 07:47:22"
448,91,4,"2024-06-01 07:47:22"
448,83,4,"2024-06-01 07:47:22"
449,90,4,"2024-06-01 07:47:22"
449,84,5,"2024-06-01 07:47:22"
449,88,5,"2024-06-01 07:47:22"
449,83,4,"2024-06-01 07:47:22"
449,85,4,"2024-06-01 07:47:22"
450,91,5,"2024-06-01 07:47:22"
450,89,4,"2024-06-01 07:47:22"
450,85,4,"2024-06-01 07:47:22"
450,84,4,"2024-06-01 07:47:22"
450,90,5,"2024-06-01 07:47:22"
451,96,4,"2024-06-01 07:47:22"
451,95,5,"2024-06-01 07:47:22"
451,93,4,"2024-06-01 07:47:22"
451,94,4,"2024-06-01 07:47:22"
452,93,4,"2024-06-01 07:47:22"
452,95,4,"2024-06-01 07:47:22"
452,94,4,"2024-06-01 07:47:22"
452,96,4,"2024-06-01 07:47:22"
453,95,4,"2024-06-01 07:47:22"
453,96,4,"2024-06-01 07:47:22"
453,93,4,"2024-06-01 07:47:22"
453,94,4,"2024-06-01 07:47:22"
454,93,4,"2024-06-01 07:47:22"
454,95,5,"2024-06-01 07:47:22"
454,96,4,"2024-06-01 07:47:22"
454,94,5,"2024-06-01 07:47:22"
455,95,4,"2024-06-01 07:47:22"
455,93,5,"2024-06-01 07:47:22"
455,94,4,"2024-06-01 07:47:22"
455,96,5,"2024-06-01 07:47:22"
456,94,5,"2024-06-01 07:47:22"
456,93,4,"2024-06-01 07:47:22"
456,95,5,"2024-06-01 07:47:22"
456,96,5,"2024-06-01 07:47:22"
457,93,4,"2024-06-01 07:47:22"
457,95,4,"2024-06-01 07:47:22"
457,94,4,"2024-06-01 07:47:22"
457,96,4,"2024-06-01 07:47:22"
458,96,4,"2024-06-01 07:47:22"
458,94,5,"2024-06-01 07:47:22"
458,93,5,"2024-06-01 07:47:22"
458,95,4,"2024-06-01 07:47:22"
459,94,5,"2024-06-01 07:47:22"
459,96,4,"2024-06-01 07:47:22"
459,95,5,"2024-06-01 07:47:22"
459,93,5,"2024-06-01 07:47:22"
460,94,4,"2024-06-01 07:47:22"
460,95,4,"2024-06-01 07:47:22"
460,96,5,"2024-06-01 07:47:22"
460,93,4,"2024-06-01 07:47:22"
461,96,4,"2024-06-01 07:47:22"
461,94,5,"2024-06-01 07:47:22"
461,93,4,"2024-06-01 07:47:22"
461,95,4,"2024-06-01 07:47:22"
462,95,4,"2024-06-01 07:47:22"
462,96,4,"2024-06-01 07:47:22"
462,93,4,"2024-06-01 07:47:22"
462,94,4,"2024-06-01 07:47:22"
463,96,4,"2024-06-01 07:47:22"
463,94,4,"2024-06-01 07:47:22"
463,93,5,"2024-06-01 07:47:22"
463,95,5,"2024-06-01 07:47:22"
464,95,4,"2024-06-01 07:47:22"
464,93,5,"2024-06-01 07:47:22"
464,94,4,"2024-06-01 07:47:22"
464,96,5,"2024-06-01 07:47:22"
465,94,5,"2024-06-01 07:47:22"
465,95,5,"2024-06-01 07:47:22"
465,96,5,"2024-06-01 07:47:22"
465,93,5,"2024-06-01 07:47:22"
466,96,5,"2024-06-01 07:47:22"
466,95,4,"2024-06-01 07:47:22"
466,94,4,"2024-06-01 07:47:22"
466,93,4,"2024-06-01 07:47:22"
467,93,4,"2024-06-01 07:47:22"
467,94,4,"2024-06-01 07:47:22"
467,96,5,"2024-06-01 07:47:22"
467,95,4,"2024-06-01 07:47:22"
468,96,5,"2024-06-01 07:47:22"
468,94,4,"2024-06-01 07:47:22"
468,93,5,"2024-06-01 07:47:22"
468,95,5,"2024-06-01 07:47:22"
469,94,4,"2024-06-01 07:47:22"
469,93,4,"2024-06-01 07:47:22"
469,96,5,"2024-06-01 07:47:22"
469,95,5,"2024-06-01 07:47:22"
470,93,5,"2024-06-01 07:47:22"
470,96,5,"2024-06-01 07:47:22"
470,95,5,"2024-06-01 07:47:22"
470,94,5,"2024-06-01 07:47:22"
471,95,4,"2024-06-01 07:47:22"
471,93,4,"2024-06-01 07:47:22"
471,96,4,"2024-06-01 07:47:22"
471,94,4,"2024-06-01 07:47:22"
472,96,5,"2024-06-01 07:47:22"
472,95,5,"2024-06-01 07:47:22"
472,94,5,"2024-06-01 07:47:22"
472,93,4,"2024-06-01 07:47:22"
473,94,5,"2024-06-01 07:47:22"
473,93,4,"2024-06-01 07:47:22"
473,95,5,"2024-06-01 07:47:22"
473,96,5,"2024-06-01 07:47:22"
474,95,4,"2024-06-01 07:47:22"
474,94,5,"2024-06-01 07:47:22"
474,96,4,"2024-06-01 07:47:22"
474,93,5,"2024-06-01 07:47:22"
475,93,5,"2024-06-01 07:47:22"
475,94,4,"2024-06-01 07:47:22"
475,96,5,"2024-06-01 07:47:22"
475,95,4,"2024-06-01 07:47:22"
476,93,4,"2024-06-01 07:47:22"
476,96,4,"2024-06-01 07:47:22"
476,95,5,"2024-06-01 07:47:22"
476,94,4,"2024-06-01 07:47:22"
477,94,5,"2024-06-01 07:47:22"
477,93,5,"2024-06-01 07:47:22"
477,95,4,"2024-06-01 07:47:22"
477,96,5,"2024-06-01 07:47:22"
478,94,4,"2024-06-01 07:47:22"
478,96,5,"2024-06-01 07:47:22"
478,95,5,"2024-06-01 07:47:22"
478,93,5,"2024-06-01 07:47:22"
479,96,5,"2024-06-01 07:47:22"
479,94,4,"2024-06-01 07:47:22"
479,93,4,"2024-06-01 07:47:22"
479,95,4,"2024-06-01 07:47:22"
480,96,4,"2024-06-01 07:47:22"
480,94,4,"2024-06-01 07:47:22"
480,95,5,"2024-06-01 07:47:22"
480,93,5,"2024-06-01 07:47:22"
481,96,4,"2024-06-01 07:47:22"
481,95,5,"2024-06-01 07:47:22"
481,94,4,"2024-06-01 07:47:22"
481,93,4,"2024-06-01 07:47:22"
482,96,4,"2024-06-01 07:47:22"
482,93,5,"2024-06-01 07:47:22"
482,95,5,"2024-06-01 07:47:22"
482,94,5,"2024-06-01 07:47:22"
483,95,4,"2024-06-01 07:47:22"
483,93,4,"2024-06-01 07:47:22"
483,94,4,"2024-06-01 07:47:22"
483,96,4,"2024-06-01 07:47:22"
484,96,5,"2024-06-01 07:47:22"
484,94,4,"2024-06-01 07:47:22"
484,93,4,"2024-06-01 07:47:22"
484,95,5,"2024-06-01 07:47:22"
485,95,5,"2024-06-01 07:47:22"
485,94,5,"2024-06-01 07:47:22"
485,93,4,"2024-06-01 07:47:22"
485,96,4,"2024-06-01 07:47:22"
486,96,5,"2024-06-01 07:47:22"
486,94,4,"2024-06-01 07:47:22"
486,95,4,"2024-06-01 07:47:22"
486,93,5,"2024-06-01 07:47:22"
487,96,4,"2024-06-01 07:47:22"
487,93,5,"2024-06-01 07:47:22"
487,94,4,"2024-06-01 07:47:22"
487,95,4,"2024-06-01 07:47:22"
488,94,4,"2024-06-01 07:47:22"
488,96,4,"2024-06-01 07:47:22"
488,95,5,"2024-06-01 07:47:22"
488,93,5,"2024-06-01 07:47:22"
489,95,4,"2024-06-01 07:47:22"
489,96,5,"2024-06-01 07:47:22"
489,94,5,"2024-06-01 07:47:22"
489,93,5,"2024-06-01 07:47:22"
490,96,5,"2024-06-01 07:47:22"
490,93,4,"2024-06-01 07:47:22"
490,95,4,"2024-06-01 07:47:22"
490,94,5,"2024-06-01 07:47:22"
491,96,4,"2024-06-01 07:47:22"
491,93,5,"2024-06-01 07:47:22"
491,95,5,"2024-06-01 07:47:22"
491,94,4,"2024-06-01 07:47:22"
492,96,5,"2024-06-01 07:47:22"
492,93,4,"2024-06-01 07:47:22"
492,94,5,"2024-06-01 07:47:22"
492,95,4,"2024-06-01 07:47:22"
493,94,5,"2024-06-01 07:47:22"
493,96,5,"2024-06-01 07:47:22"
493,95,4,"2024-06-01 07:47:22"
493,93,5,"2024-06-01 07:47:22"
494,96,4,"2024-06-01 07:47:22"
494,95,5,"2024-06-01 07:47:22"
494,93,5,"2024-06-01 07:47:22"
494,94,5,"2024-06-01 07:47:22"
495,95,4,"2024-06-01 07:47:22"
495,93,4,"2024-06-01 07:47:22"
495,94,4,"2024-06-01 07:47:22"
495,96,4,"2024-06-01 07:47:22"
496,93,4,"2024-06-01 07:47:22"
496,96,5,"2024-06-01 07:47:22"
496,95,5,"2024-06-01 07:47:22"
496,94,4,"2024-06-01 07:47:22"
497,95,5,"2024-06-01 07:47:22"
497,93,5,"2024-06-01 07:47:22"
497,94,4,"2024-06-01 07:47:22"
497,96,5,"2024-06-01 07:47:22"
498,95,4,"2024-06-01 07:47:22"
498,93,4,"2024-06-01 07:47:22"
498,94,5,"2024-06-01 07:47:22"
498,96,5,"2024-06-01 07:47:22"
499,96,5,"2024-06-01 07:47:22"
499,94,5,"2024-06-01 07:47:22"
499,95,5,"2024-06-01 07:47:22"
499,93,5,"2024-06-01 07:47:22"
500,96,4,"2024-06-01 07:47:22"
500,94,5,"2024-06-01 07:47:22"
500,93,5,"2024-06-01 07:47:22"
500,95,5,"2024-06-01 07:47:22"
